return_id,merchant_id,product_category,order_value,refund_amount,return_reason,days_since_purchase,customer_past_orders,customer_past_returns,customer_return_rate,approval_probability_true,fraud_risk_true,status,is_fraud_flag
RET000001,MERCH010,Electronics,344.77,324.94,Not as described,8,5,2,0.4,0.617,0.0,approved,0
RET000002,MERCH007,Sports,604.92,517.6,Wrong item shipped,10,5,1,0.2,1.0,0.0,approved,0
RET000003,MERCH003,Books,2141.27,2060.69,Wrong size,2,6,0,0.0,0.933,0.082,approved,0
RET000004,MERCH012,Footwear,329.47,310.11,Wrong item shipped,29,4,2,0.5,0.871,0.1,approved,0
RET000005,MERCH013,Sports,556.08,481.88,Changed mind,14,3,0,0.0,0.834,0.007,approved,0
RET000006,MERCH018,Footwear,1745.3,1655.99,Better price found,1,7,1,0.14,0.881,0.0,approved,0
RET000007,MERCH022,Home & Kitchen,2891.5,2115.37,Changed mind,6,3,1,0.33,0.514,0.089,approved,0
RET000008,MERCH007,Home & Kitchen,549.75,393.96,Wrong size,6,2,0,0.0,0.838,0.068,approved,0
RET000009,MERCH030,Books,615.34,476.78,Late delivery,1,3,0,0.0,0.591,0.11,flagged_for_review,1
RET000010,MERCH017,Sports,956.74,950.88,Wrong size,3,7,2,0.29,0.652,0.059,approved,0
RET000011,MERCH003,Apparel,2648.85,2146.24,Damaged/Defective,5,5,2,0.4,1.0,0.109,approved,0
RET000012,MERCH039,Books,524.66,466.88,Not as described,10,6,1,0.17,0.674,0.087,rejected,0
RET000013,MERCH029,Apparel,2228.27,2082.96,Quality issue,6,5,1,0.2,0.91,0.08,approved,0
RET000014,MERCH028,Footwear,2423.5,2132.38,Better price found,23,3,0,0.0,0.655,0.021,approved,0
RET000015,MERCH030,Beauty,825.74,668.24,Late delivery,27,3,1,0.33,0.485,0.124,approved,0
RET000016,MERCH038,Sports,671.25,668.56,Better price found,5,6,1,0.17,0.667,0.115,approved,0
RET000017,MERCH018,Home & Kitchen,945.5,922.37,Damaged/Defective,4,6,0,0.0,1.0,0.061,flagged_for_review,1
RET000018,MERCH010,Home & Kitchen,1282.32,1247.94,Wrong size,22,3,0,0.0,0.422,0.0,rejected,0
RET000019,MERCH010,Electronics,779.17,708.61,Better price found,20,3,0,0.0,0.424,0.055,rejected,0
RET000020,MERCH018,Apparel,499.49,456.02,Wrong item shipped,3,5,2,0.4,1.0,0.02,approved,0
RET000021,MERCH016,Sports,571.69,498.36,Damaged/Defective,9,5,1,0.2,0.912,0.043,approved,0
RET000022,MERCH037,Footwear,756.08,598.37,Wrong size,1,6,1,0.17,0.709,0.035,approved,0
RET000023,MERCH006,Home & Kitchen,480.26,429.54,Not as described,1,7,1,0.14,1.0,0.079,approved,0
RET000024,MERCH030,Footwear,336.56,285.48,Better price found,6,2,1,0.5,0.449,0.073,approved,0
RET000025,MERCH030,Home & Kitchen,135.28,129.46,Wrong item shipped,1,4,0,0.0,0.776,0.072,rejected,0
RET000026,MERCH031,Toys,720.24,506.49,Wrong item shipped,11,3,0,0.0,0.966,0.001,rejected,0
RET000027,MERCH033,Sports,466.83,337.99,Wrong size,6,5,2,0.4,0.815,0.082,approved,0
RET000028,MERCH040,Accessories,172.57,164.47,Damaged/Defective,2,5,0,0.0,1.0,0.069,approved,0
RET000029,MERCH022,Toys,520.26,455.82,Late delivery,29,5,0,0.0,0.77,0.012,approved,0
RET000030,MERCH013,Apparel,1031.47,817.19,Wrong size,42,2,0,0.0,0.461,0.0,rejected,0
RET000031,MERCH036,Footwear,96.74,95.67,Better price found,11,6,1,0.17,0.957,0.062,rejected,0
RET000032,MERCH039,Toys,238.68,222.74,Changed mind,6,7,1,0.14,0.413,0.088,rejected,1
RET000033,MERCH003,Beauty,802.89,733.82,Wrong size,1,6,1,0.17,0.785,0.063,approved,0
RET000034,MERCH022,Electronics,1978.54,1526.04,Changed mind,15,6,0,0.0,0.578,0.079,approved,0
RET000035,MERCH018,Toys,593.71,517.99,Better price found,10,7,1,0.14,0.702,0.066,approved,0
RET000036,MERCH039,Accessories,171.82,159.03,Changed mind,3,5,2,0.4,0.422,0.089,rejected,0
RET000037,MERCH002,Home & Kitchen,879.61,846.44,Changed mind,4,8,2,0.25,0.594,0.026,rejected,0
RET000038,MERCH013,Electronics,855.14,709.67,Not as described,36,3,0,0.0,0.347,0.004,approved,0
RET000039,MERCH032,Home & Kitchen,635.52,456.4,Wrong size,5,4,0,0.0,0.643,0.0,approved,0
RET000040,MERCH005,Footwear,1151.24,1075.46,Damaged/Defective,3,4,0,0.0,1.0,0.064,approved,0
RET000041,MERCH020,Electronics,696.88,497.72,Damaged/Defective,7,3,0,0.0,0.958,0.0,approved,0
RET000042,MERCH004,Accessories,719.98,688.31,Not as described,50,5,2,0.4,0.427,0.289,rejected,0
RET000043,MERCH030,Books,947.7,724.9,Changed mind,25,3,0,0.0,0.277,0.022,approved,0
RET000044,MERCH034,Toys,815.8,716.39,Wrong item shipped,5,2,0,0.0,1.0,0.0,approved,0
RET000045,MERCH037,Electronics,671.26,650.58,Quality issue,2,5,1,0.2,1.0,0.0,approved,0
RET000046,MERCH003,Accessories,686.17,606.05,Changed mind,3,9,0,0.0,0.625,0.025,approved,0
RET000047,MERCH031,Sports,827.63,818.08,Changed mind,7,5,1,0.2,0.345,0.052,rejected,0
RET000048,MERCH004,Toys,2319.6,1696.52,Wrong item shipped,15,5,1,0.2,0.981,0.052,approved,0
RET000049,MERCH038,Books,8459.82,7396.39,Changed mind,9,6,1,0.17,0.705,0.271,approved,0
RET000050,MERCH001,Sports,634.78,612.13,Changed mind,3,3,0,0.0,0.497,0.064,approved,0
RET000051,MERCH004,Sports,138.81,107.68,Not as described,5,8,0,0.0,0.857,0.0,approved,0
RET000052,MERCH030,Accessories,685.99,513.18,Damaged/Defective,4,6,1,0.17,0.808,0.019,approved,0
RET000053,MERCH010,Sports,913.81,762.99,Wrong size,2,7,0,0.0,0.556,0.056,rejected,0
RET000054,MERCH014,Footwear,926.15,769.05,Damaged/Defective,4,2,1,0.5,1.0,0.065,approved,0
RET000055,MERCH039,Apparel,1329.79,1296.62,Changed mind,1,6,3,0.5,0.495,0.0,rejected,0
RET000056,MERCH034,Sports,1991.08,1868.3,Changed mind,2,8,4,0.5,0.778,0.096,approved,0
RET000057,MERCH018,Apparel,1089.48,866.95,Not as described,5,8,2,0.25,0.971,0.0,approved,0
RET000058,MERCH030,Toys,452.04,357.45,Quality issue,4,9,2,0.22,0.762,0.082,approved,0
RET000059,MERCH034,Electronics,1218.04,859.85,Not as described,10,5,1,0.2,0.953,0.033,approved,0
RET000060,MERCH012,Toys,1088.88,991.34,Late delivery,6,7,1,0.14,0.699,0.05,approved,0
RET000061,MERCH015,Beauty,309.87,267.53,Quality issue,9,7,3,0.43,1.0,0.055,approved,0
RET000062,MERCH026,Footwear,924.21,718.43,Changed mind,19,6,0,0.0,0.558,0.122,rejected,0
RET000063,MERCH028,Toys,186.0,140.95,Wrong size,7,6,0,0.0,0.81,0.056,approved,0
RET000064,MERCH019,Apparel,533.06,461.45,Better price found,1,7,2,0.29,0.597,0.107,approved,0
RET000065,MERCH009,Electronics,1165.12,1106.44,Wrong item shipped,6,8,2,0.25,1.0,0.068,flagged_for_review,1
RET000066,MERCH021,Electronics,550.78,391.3,Wrong size,4,4,1,0.25,0.775,0.016,approved,0
RET000067,MERCH017,Beauty,685.25,583.32,Wrong item shipped,5,5,1,0.2,1.0,0.031,approved,0
RET000068,MERCH002,Books,424.46,354.26,Changed mind,11,6,1,0.17,0.614,0.001,rejected,0
RET000069,MERCH016,Books,497.27,437.83,Wrong item shipped,1,7,0,0.0,0.856,0.093,approved,0
RET000070,MERCH034,Electronics,516.48,461.67,Wrong size,6,6,0,0.0,1.0,0.004,approved,0
RET000071,MERCH036,Electronics,930.93,689.27,Changed mind,10,4,0,0.0,0.852,0.026,approved,0
RET000072,MERCH002,Sports,156.26,138.43,Wrong size,1,7,1,0.14,0.842,0.078,rejected,0
RET000073,MERCH037,Apparel,712.8,583.97,Quality issue,4,4,0,0.0,1.0,0.134,approved,0
RET000074,MERCH018,Beauty,156.62,128.03,Not as described,7,6,0,0.0,1.0,0.137,approved,0
RET000075,MERCH021,Toys,465.11,431.0,Changed mind,4,6,2,0.33,0.666,0.019,rejected,1
RET000076,MERCH025,Electronics,558.68,515.68,Wrong item shipped,16,4,1,0.25,0.722,0.15,rejected,0
RET000077,MERCH003,Home & Kitchen,121.1,104.26,Wrong size,41,8,2,0.25,0.631,0.0,approved,0
RET000078,MERCH037,Beauty,258.79,242.86,Changed mind,6,5,1,0.2,0.53,0.012,rejected,0
RET000079,MERCH005,Beauty,1442.27,1235.56,Not as described,1,3,0,0.0,0.762,0.064,rejected,0
RET000080,MERCH017,Sports,5817.33,5179.0,Wrong size,9,3,0,0.0,0.775,0.066,rejected,0
RET000081,MERCH022,Home & Kitchen,1042.96,992.11,Late delivery,2,2,1,0.5,0.78,0.025,approved,0
RET000082,MERCH029,Beauty,166.24,131.86,Damaged/Defective,2,4,1,0.25,1.0,0.091,approved,0
RET000083,MERCH015,Sports,1037.8,895.67,Wrong size,23,8,0,0.0,0.779,0.004,rejected,0
RET000084,MERCH034,Accessories,148.86,147.78,Wrong size,2,6,0,0.0,0.909,0.085,approved,0
RET000085,MERCH011,Footwear,475.76,421.21,Not as described,6,5,0,0.0,0.855,0.039,approved,0
RET000086,MERCH017,Apparel,320.81,266.41,Changed mind,18,5,0,0.0,0.576,0.046,approved,0
RET000087,MERCH012,Sports,390.84,281.42,Damaged/Defective,9,4,2,0.5,1.0,0.02,approved,0
RET000088,MERCH033,Books,2151.12,1917.47,Not as described,36,8,2,0.25,0.532,0.0,rejected,0
RET000089,MERCH024,Toys,658.04,608.15,Wrong size,3,5,0,0.0,0.976,0.056,approved,0
RET000090,MERCH007,Toys,221.76,165.04,Wrong size,4,3,0,0.0,0.671,0.0,approved,0
RET000091,MERCH024,Toys,422.83,326.52,Better price found,24,4,0,0.0,0.787,0.057,approved,0
RET000092,MERCH001,Beauty,173.15,160.85,Changed mind,4,11,0,0.0,0.373,0.078,rejected,0
RET000093,MERCH031,Footwear,308.73,289.56,Better price found,3,8,3,0.38,0.352,0.078,rejected,0
RET000094,MERCH009,Apparel,496.52,471.81,Wrong size,37,5,2,0.4,0.588,0.0,rejected,0
RET000095,MERCH039,Home & Kitchen,1192.46,989.45,Quality issue,5,6,0,0.0,0.946,0.067,rejected,0
RET000096,MERCH036,Footwear,604.56,558.69,Better price found,2,3,0,0.0,0.717,0.041,rejected,0
RET000097,MERCH006,Sports,805.03,622.9,Changed mind,8,5,0,0.0,0.845,0.06,approved,0
RET000098,MERCH022,Books,642.87,476.05,Changed mind,12,6,0,0.0,0.597,0.109,rejected,0
RET000099,MERCH025,Books,897.89,862.18,Better price found,2,5,2,0.4,0.287,0.05,rejected,0
RET000100,MERCH040,Toys,460.04,338.29,Better price found,20,5,1,0.2,0.654,0.077,approved,0
RET000101,MERCH011,Footwear,162.74,149.16,Wrong size,9,7,1,0.14,0.778,0.015,approved,0
RET000102,MERCH025,Sports,554.5,444.19,Late delivery,9,4,0,0.0,0.496,0.111,rejected,1
RET000103,MERCH019,Beauty,594.0,584.23,Late delivery,1,3,1,0.33,0.626,0.071,approved,0
RET000104,MERCH032,Home & Kitchen,269.79,246.32,Changed mind,1,7,2,0.29,0.448,0.082,approved,0
RET000105,MERCH011,Sports,435.83,327.2,Late delivery,8,3,0,0.0,0.931,0.055,approved,0
RET000106,MERCH030,Accessories,618.5,551.42,Better price found,18,6,2,0.33,0.429,0.124,approved,0
RET000107,MERCH028,Home & Kitchen,419.22,389.67,Wrong item shipped,19,5,1,0.2,1.0,0.135,approved,0
RET000108,MERCH007,Accessories,357.06,323.06,Wrong size,7,3,0,0.0,0.824,0.19,approved,0
RET000109,MERCH034,Books,235.98,200.53,Damaged/Defective,8,7,1,0.14,1.0,0.084,approved,0
RET000110,MERCH039,Sports,1498.79,1091.95,Damaged/Defective,2,1,0,0.0,0.84,0.034,approved,0
RET000111,MERCH040,Apparel,644.35,514.11,Quality issue,4,7,2,0.29,0.938,0.064,approved,0
RET000112,MERCH028,Home & Kitchen,539.87,517.19,Not as described,18,6,3,0.5,0.705,0.087,rejected,0
RET000113,MERCH002,Home & Kitchen,713.63,635.85,Damaged/Defective,6,5,0,0.0,0.914,0.0,approved,0
RET000114,MERCH040,Footwear,398.12,357.02,Wrong size,6,2,0,0.0,0.789,0.102,approved,0
RET000115,MERCH021,Accessories,2059.07,1937.23,Damaged/Defective,12,2,0,0.0,1.0,0.062,approved,0
RET000116,MERCH033,Accessories,283.84,240.76,Wrong item shipped,5,4,0,0.0,1.0,0.055,approved,0
RET000117,MERCH022,Accessories,190.76,174.26,Not as described,2,4,0,0.0,0.696,0.073,approved,0
RET000118,MERCH006,Books,1077.45,759.99,Quality issue,1,3,1,0.33,1.0,0.011,approved,0
RET000119,MERCH032,Electronics,58.08,47.93,Better price found,2,4,1,0.25,0.341,0.047,rejected,0
RET000120,MERCH038,Sports,1195.05,915.26,Wrong item shipped,1,8,1,0.12,1.0,0.0,approved,0
RET000121,MERCH022,Apparel,321.41,231.86,Wrong size,11,6,2,0.33,0.816,0.036,rejected,0
RET000122,MERCH015,Books,550.65,499.03,Damaged/Defective,2,2,0,0.0,1.0,0.038,approved,0
RET000123,MERCH018,Electronics,1231.37,902.1,Not as described,6,1,0,0.0,0.98,0.022,approved,0
RET000124,MERCH034,Footwear,779.54,626.32,Not as described,2,5,1,0.2,0.955,0.065,approved,0
RET000125,MERCH011,Sports,390.45,337.39,Quality issue,1,4,0,0.0,1.0,0.0,approved,0
RET000126,MERCH012,Footwear,2373.63,1850.82,Wrong size,2,4,0,0.0,0.597,0.047,approved,0
RET000127,MERCH007,Footwear,783.94,673.57,Changed mind,15,4,0,0.0,0.666,0.1,rejected,0
RET000128,MERCH015,Home & Kitchen,3081.45,2588.27,Changed mind,7,6,0,0.0,0.618,0.193,approved,0
RET000129,MERCH014,Apparel,156.31,142.73,Better price found,7,6,0,0.0,0.644,0.077,approved,0
RET000130,MERCH011,Electronics,539.56,383.0,Wrong size,4,4,0,0.0,0.704,0.069,approved,0
RET000131,MERCH012,Toys,616.32,529.76,Quality issue,11,9,3,0.33,0.765,0.063,rejected,0
RET000132,MERCH012,Accessories,441.58,388.91,Wrong size,7,4,0,0.0,0.733,0.074,approved,0
RET000133,MERCH002,Books,1234.02,985.17,Changed mind,4,5,0,0.0,0.592,0.103,approved,0
RET000134,MERCH027,Sports,502.09,430.76,Better price found,96,6,1,0.17,0.381,0.153,approved,0
RET000135,MERCH001,Electronics,1194.15,878.42,Damaged/Defective,6,7,0,0.0,0.868,0.079,rejected,0
RET000136,MERCH011,Footwear,6311.44,6178.2,Quality issue,3,6,2,0.33,1.0,0.075,flagged_for_review,1
RET000137,MERCH005,Accessories,149.91,147.65,Changed mind,12,5,1,0.2,0.756,0.0,approved,0
RET000138,MERCH027,Beauty,672.67,549.2,Wrong size,5,7,2,0.29,0.874,0.028,approved,0
RET000139,MERCH022,Sports,332.58,245.43,Damaged/Defective,2,10,2,0.2,1.0,0.064,approved,0
RET000140,MERCH001,Apparel,317.73,231.33,Changed mind,25,7,0,0.0,0.583,0.0,approved,0
RET000141,MERCH036,Electronics,621.65,523.11,Wrong item shipped,24,5,1,0.2,1.0,0.011,approved,0
RET000142,MERCH001,Apparel,1082.21,1005.61,Changed mind,11,3,0,0.0,0.594,0.056,approved,0
RET000143,MERCH014,Apparel,136.0,118.88,Wrong size,4,5,2,0.4,0.899,0.0,approved,0
RET000144,MERCH028,Electronics,1689.11,1216.02,Wrong item shipped,7,4,0,0.0,0.954,0.028,approved,0
RET000145,MERCH012,Books,1868.37,1392.01,Damaged/Defective,18,4,1,0.25,0.939,0.07,approved,0
RET000146,MERCH014,Footwear,1656.07,1283.88,Damaged/Defective,4,5,1,0.2,0.894,0.063,flagged_for_review,1
RET000147,MERCH005,Electronics,1296.76,1198.75,Better price found,36,4,0,0.0,0.513,0.041,rejected,0
RET000148,MERCH021,Apparel,1093.66,1012.64,Not as described,11,6,2,0.33,0.972,0.032,rejected,0
RET000149,MERCH037,Footwear,487.73,351.27,Wrong size,3,4,0,0.0,0.77,0.075,approved,0
RET000150,MERCH034,Accessories,1251.72,1096.32,Better price found,30,9,0,0.0,0.823,0.0,approved,0
RET000151,MERCH020,Beauty,465.52,426.45,Not as described,11,6,0,0.0,0.615,0.023,rejected,0
RET000152,MERCH016,Accessories,1616.43,1419.29,Changed mind,35,7,0,0.0,0.181,0.155,rejected,0
RET000153,MERCH016,Footwear,1513.33,1429.67,Changed mind,1,5,2,0.4,0.445,0.044,approved,0
RET000154,MERCH026,Footwear,1281.1,1088.4,Not as described,3,4,0,0.0,0.762,0.009,rejected,0
RET000155,MERCH032,Accessories,152.34,111.06,Damaged/Defective,7,4,1,0.25,0.832,0.116,approved,0
RET000156,MERCH031,Accessories,864.54,839.25,Late delivery,2,6,3,0.5,0.574,0.048,rejected,1
RET000157,MERCH033,Footwear,2002.57,1551.89,Damaged/Defective,14,5,0,0.0,1.0,0.044,approved,0
RET000158,MERCH014,Home & Kitchen,811.7,681.11,Wrong item shipped,1,3,1,0.33,0.995,0.035,approved,0
RET000159,MERCH030,Electronics,416.04,384.96,Not as described,28,8,2,0.25,0.721,0.046,approved,0
RET000160,MERCH035,Beauty,1026.34,954.8,Wrong size,6,6,1,0.17,0.577,0.07,rejected,0
RET000161,MERCH021,Footwear,518.27,458.29,Better price found,1,7,0,0.0,0.528,0.122,approved,0
RET000162,MERCH037,Sports,2555.25,2502.99,Late delivery,32,5,0,0.0,0.6,0.059,approved,0
RET000163,MERCH028,Footwear,1831.78,1734.48,Damaged/Defective,7,6,2,0.33,1.0,0.081,approved,0
RET000164,MERCH003,Sports,183.73,153.57,Damaged/Defective,25,5,2,0.4,1.0,0.109,approved,0
RET000165,MERCH023,Books,229.36,192.7,Late delivery,1,6,1,0.17,0.658,0.016,rejected,0
RET000166,MERCH024,Books,587.51,541.54,Wrong size,4,6,2,0.33,1.0,0.084,approved,0
RET000167,MERCH022,Electronics,416.48,358.1,Changed mind,24,7,1,0.14,0.784,0.0,approved,0
RET000168,MERCH039,Home & Kitchen,310.93,265.44,Damaged/Defective,37,5,1,0.2,0.623,0.036,flagged_for_review,1
RET000169,MERCH029,Home & Kitchen,458.75,384.44,Not as described,2,5,2,0.4,0.811,0.1,approved,0
RET000170,MERCH008,Apparel,549.05,421.44,Wrong size,5,8,1,0.12,0.951,0.093,approved,0
RET000171,MERCH002,Electronics,577.69,550.15,Quality issue,39,5,1,0.2,0.693,0.053,approved,0
RET000172,MERCH022,Apparel,765.52,616.57,Wrong size,5,7,0,0.0,0.649,0.136,rejected,0
RET000173,MERCH022,Accessories,551.08,550.79,Changed mind,18,3,0,0.0,0.451,0.108,approved,0
RET000174,MERCH037,Apparel,485.46,421.19,Wrong size,1,6,0,0.0,0.743,0.023,rejected,0
RET000175,MERCH010,Apparel,2703.0,2257.99,Better price found,19,7,0,0.0,0.394,0.0,rejected,0
RET000176,MERCH031,Apparel,904.89,841.78,Not as described,3,5,1,0.2,0.581,0.105,rejected,0
RET000177,MERCH001,Footwear,1052.25,769.48,Changed mind,13,4,2,0.5,0.552,0.0,rejected,0
RET000178,MERCH018,Home & Kitchen,496.93,407.68,Wrong size,3,2,0,0.0,0.824,0.088,approved,0
RET000179,MERCH014,Apparel,291.5,215.14,Wrong size,18,6,3,0.5,0.794,0.075,approved,0
RET000180,MERCH018,Sports,1598.55,1146.61,Wrong size,5,7,0,0.0,1.0,0.062,approved,0
RET000181,MERCH032,Sports,506.9,363.95,Wrong size,2,7,1,0.14,0.649,0.0,rejected,0
RET000182,MERCH029,Electronics,110.58,84.79,Changed mind,1,4,0,0.0,0.623,0.05,rejected,0
RET000183,MERCH004,Toys,509.81,408.31,Wrong size,21,2,0,0.0,0.707,0.017,rejected,0
RET000184,MERCH030,Accessories,1270.08,997.06,Changed mind,5,5,2,0.4,0.422,0.077,rejected,0
RET000185,MERCH009,Toys,885.27,646.12,Late delivery,16,3,0,0.0,0.769,0.0,approved,0
RET000186,MERCH038,Books,830.02,698.77,Changed mind,3,4,1,0.25,0.644,0.0,approved,0
RET000187,MERCH016,Toys,1830.1,1693.3,Not as described,3,8,1,0.12,0.549,0.0,rejected,0
RET000188,MERCH008,Home & Kitchen,3167.68,2789.86,Wrong size,8,4,0,0.0,1.0,0.152,flagged_for_review,1
RET000189,MERCH013,Apparel,416.87,387.45,Not as described,15,9,2,0.22,0.803,0.028,approved,0
RET000190,MERCH034,Apparel,1110.52,858.81,Changed mind,7,5,1,0.2,0.864,0.112,approved,0
RET000191,MERCH022,Toys,459.43,405.81,Late delivery,13,4,1,0.25,0.709,0.099,rejected,0
RET000192,MERCH019,Footwear,129.57,128.19,Damaged/Defective,10,3,0,0.0,0.92,0.0,rejected,0
RET000193,MERCH029,Toys,248.74,222.36,Not as described,13,4,1,0.25,0.707,0.044,approved,0
RET000194,MERCH031,Toys,980.68,784.26,Changed mind,5,4,1,0.25,0.488,0.0,rejected,0
RET000195,MERCH010,Sports,1707.46,1585.05,Wrong size,1,4,0,0.0,0.616,0.008,rejected,0
RET000196,MERCH017,Accessories,1833.71,1384.7,Wrong item shipped,8,1,0,0.0,1.0,0.027,approved,0
RET000197,MERCH002,Electronics,1201.66,1195.25,Wrong size,7,6,0,0.0,0.93,0.116,approved,0
RET000198,MERCH007,Toys,438.0,420.52,Quality issue,42,2,0,0.0,0.818,0.0,approved,0
RET000199,MERCH002,Electronics,1240.94,922.01,Wrong size,24,3,0,0.0,0.684,0.059,approved,0
RET000200,MERCH024,Electronics,642.81,627.91,Wrong size,17,5,0,0.0,0.898,0.113,approved,0
RET000201,MERCH039,Books,7520.67,5293.78,Not as described,3,5,1,0.2,0.633,0.005,rejected,0
RET000202,MERCH012,Accessories,5638.71,4823.87,Damaged/Defective,20,2,0,0.0,0.954,0.084,approved,0
RET000203,MERCH027,Sports,319.2,234.44,Not as described,8,8,1,0.12,0.869,0.0,approved,0
RET000204,MERCH011,Accessories,303.42,218.93,Wrong size,5,4,1,0.25,0.683,0.103,approved,0
RET000205,MERCH007,Accessories,420.34,355.2,Wrong item shipped,10,3,1,0.33,1.0,0.101,approved,0
RET000206,MERCH034,Accessories,292.91,243.12,Not as described,2,8,1,0.12,0.969,0.004,approved,0
RET000207,MERCH035,Sports,208.05,147.23,Wrong item shipped,1,6,0,0.0,0.849,0.106,flagged_for_review,1
RET000208,MERCH032,Home & Kitchen,870.93,819.03,Wrong size,8,8,0,0.0,0.592,0.006,approved,0
RET000209,MERCH023,Books,2415.18,2286.04,Changed mind,7,2,0,0.0,0.545,0.104,rejected,0
RET000210,MERCH014,Beauty,268.92,214.78,Wrong size,2,7,1,0.14,0.797,0.104,approved,0
RET000211,MERCH024,Toys,447.73,433.32,Not as described,5,3,0,0.0,0.905,0.078,approved,0
RET000212,MERCH012,Sports,1005.02,871.4,Changed mind,31,6,0,0.0,0.347,0.042,rejected,0
RET000213,MERCH035,Sports,517.74,463.06,Wrong size,3,7,0,0.0,0.524,0.03,approved,0
RET000214,MERCH022,Footwear,280.57,248.59,Wrong size,1,5,1,0.2,0.764,0.077,approved,0
RET000215,MERCH035,Books,349.12,302.78,Quality issue,25,4,0,0.0,0.79,0.0,approved,0
RET000216,MERCH031,Apparel,681.3,545.72,Wrong size,6,7,0,0.0,0.694,0.002,rejected,0
RET000217,MERCH002,Electronics,389.5,273.43,Better price found,17,6,3,0.5,0.571,0.079,approved,0
RET000218,MERCH016,Footwear,447.88,438.76,Damaged/Defective,14,10,1,0.1,0.699,0.0,approved,0
RET000219,MERCH015,Apparel,700.94,573.1,Better price found,6,4,1,0.25,0.801,0.191,approved,0
RET000220,MERCH025,Toys,1253.89,1249.35,Changed mind,34,8,2,0.25,0.337,0.053,rejected,0
RET000221,MERCH028,Electronics,1455.16,1039.88,Wrong size,6,1,0,0.0,0.832,0.086,approved,0
RET000222,MERCH029,Accessories,554.35,478.53,Wrong size,5,5,3,0.6,0.622,0.121,rejected,0
RET000223,MERCH012,Beauty,1033.13,877.63,Damaged/Defective,2,7,3,0.43,1.0,0.104,approved,0
RET000224,MERCH009,Home & Kitchen,252.17,210.24,Better price found,3,6,1,0.17,0.724,0.116,approved,0
RET000225,MERCH036,Books,575.37,453.26,Changed mind,10,5,3,0.6,0.656,0.072,approved,0
RET000226,MERCH001,Footwear,686.96,510.38,Changed mind,23,3,1,0.33,0.438,0.044,rejected,0
RET000227,MERCH023,Toys,969.71,959.32,Changed mind,1,8,1,0.12,0.518,0.102,approved,0
RET000228,MERCH031,Beauty,1520.88,1163.46,Not as described,2,4,1,0.25,0.578,0.056,approved,0
RET000229,MERCH010,Beauty,1180.72,900.96,Changed mind,17,4,0,0.0,0.426,0.0,approved,0
RET000230,MERCH020,Sports,1114.34,850.65,Wrong item shipped,4,4,1,0.25,0.91,0.023,approved,0
RET000231,MERCH015,Home & Kitchen,492.12,453.42,Not as described,6,4,0,0.0,1.0,0.123,approved,0
RET000232,MERCH028,Electronics,1247.89,1155.03,Not as described,2,3,0,0.0,0.627,0.11,flagged_for_review,1
RET000233,MERCH004,Apparel,402.6,370.5,Changed mind,7,14,3,0.21,0.627,0.0,rejected,0
RET000234,MERCH005,Toys,204.01,178.25,Quality issue,7,6,0,0.0,1.0,0.038,approved,0
RET000235,MERCH005,Toys,917.78,697.59,Changed mind,27,4,0,0.0,0.559,0.074,approved,0
RET000236,MERCH010,Apparel,3225.42,2498.43,Quality issue,6,4,1,0.25,0.842,0.0,rejected,0
RET000237,MERCH027,Books,1958.9,1417.22,Better price found,18,6,1,0.17,0.604,0.047,rejected,0
RET000238,MERCH025,Toys,552.41,412.13,Changed mind,4,7,0,0.0,0.359,0.072,approved,0
RET000239,MERCH019,Accessories,1405.41,1223.17,Not as described,18,3,0,0.0,0.691,0.013,approved,0
RET000240,MERCH033,Books,465.46,330.16,Better price found,9,7,1,0.14,0.6,0.095,approved,0
RET000241,MERCH029,Toys,576.88,521.94,Wrong size,38,8,1,0.12,0.523,0.08,approved,0
RET000242,MERCH018,Accessories,1396.94,1273.83,Changed mind,23,3,1,0.33,0.878,0.005,rejected,0
RET000243,MERCH001,Home & Kitchen,151.12,115.02,Not as described,5,2,2,1.0,0.467,0.489,flagged_for_review,1
RET000244,MERCH033,Beauty,1185.31,994.58,Wrong item shipped,7,6,0,0.0,0.969,0.065,approved,0
RET000245,MERCH038,Accessories,614.56,465.65,Changed mind,7,5,1,0.2,0.645,0.059,rejected,0
RET000246,MERCH007,Footwear,632.07,517.52,Damaged/Defective,16,6,2,0.33,1.0,0.011,approved,0
RET000247,MERCH010,Footwear,515.46,443.0,Better price found,4,3,0,0.0,0.438,0.045,approved,0
RET000248,MERCH032,Electronics,367.38,324.21,Wrong size,2,4,1,0.25,0.612,0.0,approved,0
RET000249,MERCH031,Toys,277.54,273.12,Wrong size,16,3,0,0.0,0.562,0.0,approved,0
RET000250,MERCH017,Footwear,858.89,847.0,Wrong size,8,3,0,0.0,0.956,0.053,approved,0
RET000251,MERCH039,Accessories,251.54,193.75,Wrong size,11,3,0,0.0,0.505,0.018,rejected,0
RET000252,MERCH029,Electronics,552.89,402.82,Changed mind,4,5,2,0.4,0.756,0.0,approved,0
RET000253,MERCH032,Apparel,794.01,596.87,Wrong size,14,4,0,0.0,0.715,0.0,approved,0
RET000254,MERCH040,Apparel,880.99,866.95,Changed mind,12,8,0,0.0,0.71,0.112,approved,0
RET000255,MERCH002,Books,644.15,629.59,Damaged/Defective,19,4,0,0.0,0.874,0.099,rejected,0
RET000256,MERCH020,Footwear,1005.85,991.79,Better price found,27,7,2,0.29,0.512,0.017,rejected,0
RET000257,MERCH031,Beauty,1236.68,876.46,Not as described,3,5,0,0.0,0.679,0.005,rejected,0
RET000258,MERCH036,Sports,1076.55,811.12,Damaged/Defective,24,4,0,0.0,1.0,0.162,approved,0
RET000259,MERCH021,Sports,340.22,269.37,Changed mind,21,7,2,0.29,0.671,0.06,approved,0
RET000260,MERCH035,Accessories,307.42,302.91,Late delivery,8,7,2,0.29,0.539,0.049,rejected,0
RET000261,MERCH006,Footwear,648.66,620.63,Damaged/Defective,1,5,0,0.0,1.0,0.07,approved,0
RET000262,MERCH032,Beauty,487.89,405.64,Changed mind,11,3,1,0.33,0.579,0.019,approved,0
RET000263,MERCH026,Home & Kitchen,616.96,477.94,Late delivery,9,2,0,0.0,0.907,0.009,rejected,0
RET000264,MERCH011,Home & Kitchen,1613.47,1606.62,Better price found,8,7,2,0.29,0.81,0.012,approved,0
RET000265,MERCH010,Electronics,1279.43,1002.99,Wrong item shipped,11,4,0,0.0,0.803,0.0,rejected,0
RET000266,MERCH002,Toys,1039.83,867.89,Better price found,1,5,1,0.2,0.575,0.087,rejected,0
RET000267,MERCH011,Toys,1492.27,1113.0,Wrong size,1,5,0,0.0,0.693,0.119,approved,0
RET000268,MERCH029,Electronics,10543.21,9452.96,Wrong size,10,8,0,0.0,0.743,0.016,approved,0
RET000269,MERCH019,Footwear,957.96,804.26,Better price found,1,9,2,0.22,0.567,0.013,rejected,0
RET000270,MERCH004,Apparel,123.97,97.53,Wrong size,5,2,0,0.0,0.946,0.069,approved,0
RET000271,MERCH037,Sports,1283.76,923.77,Changed mind,21,4,0,0.0,0.485,0.01,rejected,0
RET000272,MERCH011,Toys,541.39,399.38,Quality issue,5,7,2,0.29,1.0,0.11,approved,0
RET000273,MERCH001,Books,1026.6,909.12,Changed mind,5,2,0,0.0,0.576,0.017,rejected,0
RET000274,MERCH038,Electronics,2051.25,1952.94,Quality issue,2,2,0,0.0,1.0,0.052,approved,0
RET000275,MERCH028,Accessories,364.44,338.86,Changed mind,17,5,1,0.2,0.591,0.0,rejected,0
RET000276,MERCH021,Home & Kitchen,2228.11,1921.87,Damaged/Defective,3,6,0,0.0,1.0,0.108,approved,0
RET000277,MERCH004,Apparel,2908.21,2206.09,Not as described,4,3,0,0.0,0.681,0.0,approved,0
RET000278,MERCH021,Home & Kitchen,375.66,285.62,Wrong size,9,6,1,0.17,0.882,0.017,approved,0
RET000279,MERCH021,Electronics,373.2,364.16,Changed mind,2,5,1,0.2,0.722,0.052,flagged_for_review,1
RET000280,MERCH012,Electronics,431.1,381.13,Damaged/Defective,2,4,0,0.0,0.835,0.102,approved,0
RET000281,MERCH033,Books,256.34,243.17,Changed mind,8,4,0,0.0,0.631,0.0,rejected,0
RET000282,MERCH028,Beauty,886.04,844.11,Damaged/Defective,8,6,1,0.17,0.943,0.092,approved,0
RET000283,MERCH015,Home & Kitchen,872.35,653.97,Quality issue,1,7,1,0.14,1.0,0.139,approved,0
RET000284,MERCH017,Sports,455.8,352.08,Damaged/Defective,29,5,1,0.2,1.0,0.0,approved,0
RET000285,MERCH001,Home & Kitchen,317.81,304.1,Changed mind,11,2,0,0.0,0.463,0.048,approved,0
RET000286,MERCH032,Beauty,1837.27,1610.73,Wrong size,35,4,0,0.0,0.454,0.042,approved,0
RET000287,MERCH030,Electronics,1971.49,1813.78,Changed mind,26,7,1,0.14,0.3,0.0,rejected,0
RET000288,MERCH017,Books,1310.68,929.13,Wrong size,13,6,1,0.17,0.865,0.071,flagged_for_review,1
RET000289,MERCH019,Toys,545.93,500.74,Changed mind,10,2,2,1.0,0.269,0.371,rejected,1
RET000290,MERCH023,Accessories,406.03,354.37,Better price found,2,4,1,0.25,0.594,0.139,rejected,0
RET000291,MERCH024,Electronics,439.97,437.5,Wrong item shipped,8,8,2,0.25,1.0,0.138,approved,0
RET000292,MERCH009,Apparel,221.75,216.63,Changed mind,2,7,3,0.43,0.805,0.0,approved,0
RET000293,MERCH033,Home & Kitchen,1840.5,1534.94,Changed mind,7,6,1,0.17,0.692,0.066,approved,0
RET000294,MERCH015,Home & Kitchen,550.63,492.57,Damaged/Defective,6,2,0,0.0,1.0,0.0,approved,0
RET000295,MERCH001,Footwear,274.44,267.72,Wrong size,4,6,0,0.0,0.669,0.057,rejected,0
RET000296,MERCH040,Accessories,885.97,741.05,Wrong size,6,4,0,0.0,0.896,0.066,approved,0
RET000297,MERCH002,Accessories,767.48,555.09,Wrong size,3,7,0,0.0,0.819,0.068,rejected,0
RET000298,MERCH030,Home & Kitchen,501.46,451.6,Wrong item shipped,2,7,1,0.14,0.806,0.127,approved,0
RET000299,MERCH018,Apparel,1218.89,1076.97,Changed mind,9,6,0,0.0,0.835,0.059,approved,0
RET000300,MERCH031,Electronics,719.15,633.97,Changed mind,18,5,2,0.4,0.713,0.0,approved,0
RET000301,MERCH012,Accessories,907.63,713.2,Changed mind,5,2,0,0.0,0.369,0.005,rejected,0
RET000302,MERCH010,Footwear,288.55,249.15,Changed mind,5,5,1,0.2,0.365,0.012,rejected,0
RET000303,MERCH022,Accessories,935.87,835.94,Not as described,1,2,0,0.0,0.749,0.003,approved,0
RET000304,MERCH031,Home & Kitchen,4996.87,4871.4,Not as described,3,6,1,0.17,0.689,0.064,approved,0
RET000305,MERCH021,Home & Kitchen,276.91,263.84,Wrong size,5,4,0,0.0,0.744,0.04,approved,0
RET000306,MERCH019,Beauty,367.05,312.84,Not as described,3,3,0,0.0,0.669,0.026,approved,0
RET000307,MERCH018,Home & Kitchen,932.39,765.17,Not as described,13,6,1,0.17,1.0,0.032,approved,0
RET000308,MERCH017,Electronics,638.63,528.46,Wrong size,13,4,0,0.0,0.831,0.035,approved,0
RET000309,MERCH015,Toys,356.06,350.67,Better price found,1,3,0,0.0,0.707,0.041,rejected,0
RET000310,MERCH035,Accessories,164.22,136.76,Wrong size,23,6,1,0.17,0.447,0.059,rejected,0
RET000311,MERCH024,Apparel,892.84,855.3,Not as described,12,6,0,0.0,0.993,0.086,approved,0
RET000312,MERCH003,Apparel,503.35,427.67,Damaged/Defective,24,6,0,0.0,1.0,0.0,approved,0
RET000313,MERCH002,Beauty,880.22,813.89,Quality issue,5,5,0,0.0,1.0,0.027,approved,0
RET000314,MERCH027,Footwear,631.03,560.95,Wrong item shipped,5,5,1,0.2,1.0,0.0,approved,0
RET000315,MERCH010,Accessories,1219.83,1071.69,Quality issue,9,6,3,0.5,0.767,0.013,approved,0
RET000316,MERCH004,Beauty,772.76,653.68,Wrong item shipped,1,3,0,0.0,1.0,0.013,approved,0
RET000317,MERCH033,Electronics,162.45,133.79,Changed mind,11,6,0,0.0,0.682,0.006,approved,0
RET000318,MERCH023,Apparel,718.06,686.81,Late delivery,4,5,1,0.2,0.766,0.0,approved,0
RET000319,MERCH011,Toys,946.8,882.61,Wrong size,1,6,1,0.17,0.711,0.045,approved,0
RET000320,MERCH020,Accessories,125.74,121.18,Damaged/Defective,7,7,0,0.0,0.831,0.068,approved,0
RET000321,MERCH010,Apparel,638.37,592.98,Late delivery,2,3,0,0.0,0.476,0.106,rejected,0
RET000322,MERCH039,Apparel,1149.29,997.09,Quality issue,7,4,1,0.25,0.73,0.002,approved,0
RET000323,MERCH037,Home & Kitchen,584.65,518.63,Wrong size,24,4,0,0.0,0.732,0.0,approved,0
RET000324,MERCH016,Footwear,1082.59,814.47,Wrong size,4,3,1,0.33,0.521,0.03,rejected,0
RET000325,MERCH034,Home & Kitchen,214.69,173.75,Changed mind,7,9,2,0.22,0.95,0.071,approved,0
RET000326,MERCH024,Footwear,190.89,176.77,Better price found,1,6,1,0.17,0.719,0.035,approved,0
RET000327,MERCH032,Footwear,177.47,173.03,Wrong size,12,4,0,0.0,0.778,0.029,approved,0
RET000328,MERCH014,Books,357.31,349.74,Not as described,7,8,1,0.12,0.782,0.047,approved,0
RET000329,MERCH022,Accessories,177.48,174.26,Damaged/Defective,15,5,1,0.2,1.0,0.05,approved,0
RET000330,MERCH038,Electronics,370.71,259.97,Wrong size,2,5,1,0.2,0.918,0.039,approved,0
RET000331,MERCH019,Sports,386.99,285.1,Not as described,18,8,0,0.0,0.614,0.018,approved,0
RET000332,MERCH040,Electronics,304.7,254.53,Quality issue,3,6,0,0.0,1.0,0.166,approved,0
RET000333,MERCH035,Electronics,1531.32,1135.15,Wrong size,10,1,0,0.0,0.598,0.037,rejected,0
RET000334,MERCH014,Beauty,1256.75,920.33,Wrong item shipped,11,4,0,0.0,0.98,0.034,approved,0
RET000335,MERCH017,Apparel,1995.28,1433.89,Wrong size,23,7,0,0.0,0.894,0.073,approved,0
RET000336,MERCH034,Beauty,173.22,168.9,Wrong size,2,10,2,0.2,0.988,0.0,approved,0
RET000337,MERCH038,Apparel,322.42,255.4,Wrong size,14,9,1,0.11,1.0,0.0,approved,0
RET000338,MERCH022,Beauty,7309.95,5520.33,Wrong size,5,4,1,0.25,0.659,0.076,approved,0
RET000339,MERCH002,Beauty,704.18,675.41,Changed mind,3,2,0,0.0,0.596,0.0,rejected,0
RET000340,MERCH024,Toys,485.35,391.84,Wrong item shipped,4,7,2,0.29,1.0,0.096,approved,0
RET000341,MERCH031,Toys,906.63,839.49,Not as described,1,9,0,0.0,0.671,0.041,rejected,0
RET000342,MERCH010,Beauty,1546.83,1150.22,Better price found,25,3,1,0.33,0.361,0.121,approved,0
RET000343,MERCH024,Books,982.14,743.17,Changed mind,18,3,0,0.0,0.83,0.001,rejected,0
RET000344,MERCH034,Sports,364.13,288.99,Damaged/Defective,2,3,1,0.33,1.0,0.026,approved,0
RET000345,MERCH016,Toys,300.11,283.73,Changed mind,3,4,1,0.25,0.565,0.005,approved,0
RET000346,MERCH002,Beauty,367.87,258.18,Changed mind,16,10,2,0.2,0.691,0.0,rejected,0
RET000347,MERCH031,Apparel,1220.76,1125.09,Wrong size,17,6,0,0.0,0.775,0.009,approved,0
RET000348,MERCH025,Footwear,848.1,609.83,Wrong size,4,3,1,0.33,0.603,0.059,rejected,0
RET000349,MERCH038,Footwear,389.71,383.22,Wrong size,10,3,0,0.0,0.878,0.009,flagged_for_review,1
RET000350,MERCH016,Beauty,471.81,454.9,Changed mind,34,4,1,0.25,0.333,0.141,approved,0
RET000351,MERCH037,Sports,631.12,474.2,Changed mind,1,5,0,0.0,0.628,0.111,rejected,1
RET000352,MERCH027,Footwear,1663.69,1654.26,Damaged/Defective,2,3,0,0.0,0.975,0.018,approved,0
RET000353,MERCH003,Home & Kitchen,1703.68,1367.96,Late delivery,4,7,1,0.14,0.823,0.075,rejected,0
RET000354,MERCH018,Accessories,1975.79,1751.54,Not as described,4,4,0,0.0,0.845,0.048,approved,0
RET000355,MERCH023,Home & Kitchen,1487.89,1203.93,Wrong item shipped,5,2,1,0.5,1.0,0.016,approved,0
RET000356,MERCH023,Books,662.08,634.81,Wrong size,1,6,1,0.17,0.733,0.006,approved,0
RET000357,MERCH018,Sports,150.68,133.22,Not as described,2,4,1,0.25,0.929,0.074,approved,0
RET000358,MERCH021,Footwear,524.42,510.33,Damaged/Defective,2,3,0,0.0,1.0,0.094,approved,0
RET000359,MERCH032,Home & Kitchen,2066.38,1719.51,Not as described,11,4,0,0.0,0.624,0.04,approved,0
RET000360,MERCH014,Toys,1066.32,881.19,Better price found,2,3,0,0.0,0.507,0.003,approved,0
RET000361,MERCH008,Accessories,917.72,745.8,Changed mind,3,4,0,0.0,0.737,0.121,rejected,0
RET000362,MERCH008,Beauty,349.03,328.03,Changed mind,3,4,1,0.25,0.767,0.081,approved,0
RET000363,MERCH024,Sports,325.24,312.44,Not as described,7,5,1,0.2,0.935,0.136,approved,0
RET000364,MERCH035,Apparel,586.15,422.59,Not as described,3,5,1,0.2,0.419,0.071,rejected,0
RET000365,MERCH024,Sports,999.54,728.83,Late delivery,1,4,2,0.5,0.815,0.106,approved,0
RET000366,MERCH036,Footwear,1511.93,1148.29,Quality issue,33,4,1,0.25,0.933,0.041,approved,0
RET000367,MERCH031,Books,910.97,719.32,Not as described,7,7,1,0.14,0.675,0.0,approved,0
RET000368,MERCH035,Books,1390.01,1049.38,Late delivery,20,5,1,0.2,0.529,0.177,flagged_for_review,1
RET000369,MERCH030,Footwear,1777.66,1730.14,Changed mind,2,7,2,0.29,0.495,0.0,rejected,0
RET000370,MERCH013,Home & Kitchen,478.5,438.87,Wrong size,8,6,1,0.17,0.786,0.0,rejected,0
RET000371,MERCH031,Books,139.79,130.23,Wrong item shipped,10,8,1,0.12,0.879,0.076,approved,0
RET000372,MERCH015,Electronics,511.57,462.31,Better price found,14,5,0,0.0,0.686,0.0,rejected,0
RET000373,MERCH005,Apparel,324.77,251.52,Changed mind,2,6,1,0.17,0.649,0.036,rejected,0
RET000374,MERCH004,Apparel,797.51,694.01,Changed mind,5,5,1,0.2,0.814,0.038,rejected,0
RET000375,MERCH018,Electronics,751.33,650.9,Better price found,1,3,1,0.33,0.654,0.107,rejected,0
RET000376,MERCH019,Toys,688.08,541.4,Wrong size,5,3,0,0.0,0.759,0.107,approved,0
RET000377,MERCH009,Home & Kitchen,155.24,131.6,Changed mind,11,2,0,0.0,0.703,0.107,approved,0
RET000378,MERCH013,Footwear,860.43,632.4,Better price found,2,5,0,0.0,0.594,0.045,approved,0
RET000379,MERCH006,Accessories,1616.98,1182.72,Changed mind,5,5,1,0.2,0.613,0.024,flagged_for_review,1
RET000380,MERCH006,Toys,371.52,351.39,Changed mind,5,5,0,0.0,0.918,0.011,approved,0
RET000381,MERCH026,Accessories,1626.63,1210.73,Better price found,21,3,0,0.0,0.563,0.073,approved,0
RET000382,MERCH010,Footwear,827.2,738.13,Damaged/Defective,2,4,0,0.0,0.815,0.075,approved,0
RET000383,MERCH009,Home & Kitchen,273.82,257.33,Better price found,8,2,0,0.0,0.518,0.011,rejected,0
RET000384,MERCH015,Beauty,659.16,568.04,Wrong size,5,5,0,0.0,0.947,0.082,approved,0
RET000385,MERCH028,Sports,653.88,571.62,Late delivery,11,6,0,0.0,0.727,0.036,approved,0
RET000386,MERCH016,Books,4713.76,3313.97,Late delivery,4,3,0,0.0,0.521,0.108,rejected,0
RET000387,MERCH021,Sports,1243.91,1195.8,Wrong size,8,2,1,0.5,0.827,0.135,flagged_for_review,1
RET000388,MERCH012,Electronics,559.28,439.24,Quality issue,29,4,1,0.25,0.897,0.136,approved,0
RET000389,MERCH018,Footwear,1984.94,1523.59,Damaged/Defective,11,2,0,0.0,1.0,0.053,approved,0
RET000390,MERCH036,Beauty,2606.83,2505.18,Wrong size,16,4,2,0.5,1.0,0.076,approved,0
RET000391,MERCH005,Footwear,262.68,251.34,Not as described,9,2,0,0.0,0.701,0.083,approved,0
RET000392,MERCH005,Home & Kitchen,326.73,240.13,Changed mind,2,5,1,0.2,0.681,0.004,approved,0
RET000393,MERCH022,Books,216.56,215.25,Better price found,6,4,0,0.0,0.603,0.072,rejected,0
RET000394,MERCH019,Beauty,667.12,478.18,Wrong size,16,4,0,0.0,0.652,0.0,approved,0
RET000395,MERCH014,Accessories,447.35,346.28,Wrong item shipped,9,4,0,0.0,0.984,0.06,approved,0
RET000396,MERCH028,Accessories,1080.72,994.22,Better price found,10,6,1,0.17,0.686,0.007,approved,0
RET000397,MERCH001,Accessories,582.8,522.02,Changed mind,7,7,1,0.14,0.612,0.067,rejected,0
RET000398,MERCH039,Beauty,399.96,377.33,Damaged/Defective,1,5,1,0.2,0.756,0.047,rejected,0
RET000399,MERCH022,Footwear,370.18,275.64,Wrong size,3,6,0,0.0,0.659,0.105,flagged_for_review,1
RET000400,MERCH006,Books,714.83,628.77,Wrong size,8,4,0,0.0,0.809,0.0,approved,0
RET000401,MERCH002,Apparel,3443.97,2732.72,Damaged/Defective,2,6,0,0.0,0.924,0.086,approved,0
RET000402,MERCH020,Accessories,508.76,476.97,Not as described,2,2,1,0.5,0.576,0.048,rejected,0
RET000403,MERCH008,Apparel,850.59,830.12,Damaged/Defective,12,4,1,0.25,1.0,0.015,approved,0
RET000404,MERCH015,Books,451.91,320.14,Wrong size,8,4,0,0.0,0.75,0.075,approved,0
RET000405,MERCH017,Electronics,762.07,553.26,Better price found,11,11,3,0.27,0.671,0.016,approved,0
RET000406,MERCH033,Apparel,398.1,364.96,Damaged/Defective,25,4,1,0.25,1.0,0.099,approved,0
RET000407,MERCH006,Toys,2419.7,2048.57,Damaged/Defective,5,5,1,0.2,1.0,0.136,approved,0
RET000408,MERCH003,Home & Kitchen,683.57,574.78,Damaged/Defective,7,5,1,0.2,0.955,0.053,approved,0
RET000409,MERCH017,Home & Kitchen,230.19,195.31,Not as described,11,8,3,0.38,0.868,0.008,approved,0
RET000410,MERCH037,Footwear,2056.19,1706.17,Wrong size,22,5,2,0.4,0.878,0.088,approved,0
RET000411,MERCH027,Books,381.94,367.27,Changed mind,14,6,3,0.5,0.636,0.051,approved,0
RET000412,MERCH008,Apparel,549.96,410.63,Not as described,42,4,0,0.0,0.631,0.128,approved,0
RET000413,MERCH005,Apparel,806.67,748.24,Not as described,8,5,0,0.0,0.849,0.001,approved,0
RET000414,MERCH028,Toys,693.15,509.0,Better price found,2,4,0,0.0,0.463,0.205,rejected,0
RET000415,MERCH005,Footwear,1450.95,1231.09,Changed mind,17,6,1,0.17,0.621,0.007,rejected,0
RET000416,MERCH037,Footwear,266.09,223.94,Changed mind,11,7,1,0.14,0.728,0.0,approved,0
RET000417,MERCH032,Books,209.02,181.96,Changed mind,19,2,1,0.5,0.538,0.147,approved,0
RET000418,MERCH004,Footwear,221.98,214.56,Late delivery,8,3,2,0.67,0.548,0.451,rejected,1
RET000419,MERCH013,Books,159.66,129.68,Wrong size,6,7,3,0.43,0.718,0.109,approved,0
RET000420,MERCH001,Apparel,903.62,759.79,Wrong size,13,6,0,0.0,0.627,0.142,flagged_for_review,1
RET000421,MERCH001,Footwear,2615.31,2383.57,Wrong size,14,3,0,0.0,0.658,0.017,approved,0
RET000422,MERCH008,Home & Kitchen,635.21,605.82,Quality issue,7,3,0,0.0,1.0,0.0,approved,0
RET000423,MERCH033,Apparel,905.29,871.46,Changed mind,40,4,2,0.5,0.437,0.002,rejected,0
RET000424,MERCH025,Accessories,469.67,419.68,Late delivery,8,11,1,0.09,0.57,0.082,approved,0
RET000425,MERCH014,Footwear,1439.06,1354.16,Changed mind,15,5,0,0.0,0.55,0.067,approved,0
RET000426,MERCH033,Toys,2070.55,1516.84,Wrong size,25,1,0,0.0,0.772,0.136,approved,0
RET000427,MERCH029,Apparel,1261.85,984.36,Changed mind,4,3,0,0.0,0.573,0.031,rejected,0
RET000428,MERCH015,Apparel,1217.62,1174.09,Wrong item shipped,15,4,1,0.25,1.0,0.058,approved,0
RET000429,MERCH024,Apparel,123.42,89.06,Changed mind,6,3,1,0.33,0.928,0.022,approved,0
RET000430,MERCH037,Beauty,1492.82,1234.96,Not as described,22,5,1,0.2,0.835,0.113,approved,0
RET000431,MERCH001,Beauty,1449.53,1311.7,Changed mind,3,4,0,0.0,0.577,0.0,rejected,0
RET000432,MERCH022,Home & Kitchen,792.47,687.38,Changed mind,26,3,1,0.33,0.681,0.069,approved,0
RET000433,MERCH020,Apparel,1672.62,1483.45,Wrong item shipped,21,5,1,0.2,0.769,0.084,approved,0
RET000434,MERCH036,Home & Kitchen,2566.75,2366.46,Not as described,16,6,0,0.0,1.0,0.027,approved,0
RET000435,MERCH006,Toys,463.68,443.38,Not as described,15,4,1,0.25,0.829,0.124,approved,0
RET000436,MERCH013,Electronics,162.74,143.74,Wrong size,2,4,0,0.0,0.771,0.092,rejected,1
RET000437,MERCH015,Books,2629.61,1875.42,Late delivery,8,9,1,0.11,0.884,0.0,approved,0
RET000438,MERCH022,Beauty,90.02,82.54,Changed mind,14,4,1,0.25,0.59,0.02,approved,0
RET000439,MERCH010,Books,910.5,796.27,Changed mind,9,6,1,0.17,0.395,0.054,rejected,0
RET000440,MERCH011,Toys,1035.03,776.67,Damaged/Defective,3,3,0,0.0,0.965,0.002,approved,0
RET000441,MERCH002,Sports,277.25,196.85,Not as described,23,3,1,0.33,0.639,0.172,rejected,0
RET000442,MERCH005,Home & Kitchen,475.94,341.14,Quality issue,17,9,0,0.0,1.0,0.139,approved,0
RET000443,MERCH034,Beauty,536.69,429.93,Wrong item shipped,6,3,0,0.0,1.0,0.0,approved,0
RET000444,MERCH019,Footwear,458.24,409.93,Changed mind,9,6,1,0.17,0.479,0.09,approved,0
RET000445,MERCH039,Electronics,355.79,349.1,Not as described,5,7,0,0.0,0.502,0.0,approved,0
RET000446,MERCH024,Electronics,1386.47,1189.77,Not as described,9,9,2,0.22,0.878,0.076,approved,0
RET000447,MERCH004,Home & Kitchen,495.04,408.92,Not as described,12,4,2,0.5,0.722,0.137,rejected,0
RET000448,MERCH039,Accessories,2009.94,1952.99,Wrong item shipped,6,3,1,0.33,0.752,0.154,approved,0
RET000449,MERCH031,Toys,359.21,347.39,Wrong item shipped,14,6,0,0.0,0.806,0.018,approved,0
RET000450,MERCH014,Apparel,884.09,768.67,Not as described,7,6,0,0.0,0.678,0.044,approved,0
RET000451,MERCH035,Apparel,362.42,358.68,Better price found,23,6,0,0.0,0.333,0.057,approved,0
RET000452,MERCH011,Footwear,1551.99,1268.62,Better price found,11,10,0,0.0,0.655,0.119,flagged_for_review,1
RET000453,MERCH016,Toys,634.14,449.09,Changed mind,17,2,2,1.0,0.0,0.462,rejected,1
RET000454,MERCH009,Footwear,236.49,229.37,Not as described,7,1,0,0.0,0.958,0.074,approved,0
RET000455,MERCH008,Electronics,527.77,473.97,Wrong item shipped,9,2,0,0.0,1.0,0.045,approved,0
RET000456,MERCH017,Footwear,1221.46,990.29,Changed mind,15,4,0,0.0,0.771,0.039,flagged_for_review,1
RET000457,MERCH003,Home & Kitchen,1473.3,1349.4,Wrong size,10,6,1,0.17,0.724,0.0,approved,0
RET000458,MERCH016,Apparel,340.69,319.73,Quality issue,15,6,0,0.0,0.994,0.008,approved,0
RET000459,MERCH037,Toys,2045.02,1575.64,Changed mind,22,1,0,0.0,0.646,0.0,approved,0
RET000460,MERCH015,Electronics,1274.65,948.6,Not as described,37,9,2,0.22,0.645,0.11,approved,0
RET000461,MERCH009,Home & Kitchen,2612.13,2495.57,Quality issue,10,4,0,0.0,1.0,0.04,approved,0
RET000462,MERCH011,Toys,2135.02,1984.8,Wrong size,5,5,1,0.2,0.684,0.122,approved,0
RET000463,MERCH034,Accessories,187.47,184.91,Better price found,15,4,1,0.25,0.709,0.017,rejected,0
RET000464,MERCH027,Apparel,683.6,590.36,Damaged/Defective,1,4,0,0.0,0.972,0.014,approved,0
RET000465,MERCH034,Beauty,187.96,154.28,Wrong item shipped,18,3,1,0.33,1.0,0.017,approved,0
RET000466,MERCH016,Books,734.52,669.47,Quality issue,5,4,2,0.5,0.926,0.037,approved,0
RET000467,MERCH036,Apparel,480.82,431.59,Not as described,1,5,0,0.0,1.0,0.151,approved,0
RET000468,MERCH032,Apparel,828.08,658.98,Not as described,2,4,0,0.0,0.5,0.021,rejected,0
RET000469,MERCH022,Accessories,1097.29,863.53,Damaged/Defective,6,9,1,0.11,1.0,0.079,flagged_for_review,1
RET000470,MERCH013,Footwear,1527.39,1474.23,Late delivery,9,3,0,0.0,0.732,0.048,approved,0
RET000471,MERCH028,Beauty,866.37,668.69,Late delivery,8,8,0,0.0,0.764,0.067,rejected,0
RET000472,MERCH038,Apparel,1691.59,1319.66,Not as described,1,6,2,0.33,0.867,0.068,approved,0
RET000473,MERCH038,Footwear,359.0,336.07,Damaged/Defective,11,4,0,0.0,1.0,0.022,approved,0
RET000474,MERCH002,Sports,321.17,228.37,Damaged/Defective,6,7,1,0.14,1.0,0.14,approved,0
RET000475,MERCH023,Beauty,244.45,180.81,Late delivery,2,5,0,0.0,0.733,0.14,approved,0
RET000476,MERCH013,Apparel,2287.57,1996.18,Wrong size,4,5,1,0.2,0.747,0.06,rejected,0
RET000477,MERCH017,Apparel,420.71,409.83,Wrong size,11,7,0,0.0,0.924,0.087,approved,0
RET000478,MERCH025,Beauty,1866.69,1748.89,Quality issue,3,3,0,0.0,0.842,0.002,approved,0
RET000479,MERCH036,Books,330.22,330.21,Late delivery,15,5,1,0.2,0.987,0.077,approved,0
RET000480,MERCH021,Apparel,270.94,238.02,Better price found,8,6,0,0.0,0.621,0.0,approved,0
RET000481,MERCH020,Apparel,1373.57,1344.29,Quality issue,2,5,0,0.0,1.0,0.12,approved,0
RET000482,MERCH016,Books,475.23,339.56,Better price found,3,6,0,0.0,0.468,0.0,rejected,0
RET000483,MERCH021,Toys,543.15,458.76,Better price found,3,5,0,0.0,0.74,0.127,rejected,0
RET000484,MERCH040,Books,569.88,488.05,Changed mind,4,7,2,0.29,0.647,0.044,rejected,1
RET000485,MERCH019,Apparel,370.79,359.55,Wrong size,26,5,1,0.2,0.571,0.003,approved,0
RET000486,MERCH026,Toys,1292.48,1131.04,Quality issue,10,4,1,0.25,1.0,0.032,approved,0
RET000487,MERCH025,Electronics,293.43,220.09,Wrong size,2,5,0,0.0,0.429,0.033,approved,0
RET000488,MERCH011,Beauty,121.64,89.87,Quality issue,5,7,1,0.14,0.991,0.048,approved,0
RET000489,MERCH023,Toys,1116.87,1089.91,Changed mind,1,7,1,0.14,0.549,0.01,rejected,0
RET000490,MERCH006,Sports,1161.03,839.07,Quality issue,15,2,2,1.0,0.927,0.419,flagged_for_review,1
RET000491,MERCH006,Home & Kitchen,1374.82,1191.06,Better price found,1,5,0,0.0,0.714,0.021,rejected,0
RET000492,MERCH038,Books,456.42,401.65,Changed mind,17,8,1,0.12,0.72,0.0,rejected,0
RET000493,MERCH016,Beauty,374.07,338.7,Changed mind,17,5,0,0.0,0.363,0.007,approved,0
RET000494,MERCH039,Electronics,1589.71,1535.79,Better price found,4,3,0,0.0,0.376,0.0,rejected,0
RET000495,MERCH029,Sports,397.51,308.53,Changed mind,27,3,1,0.33,0.572,0.03,approved,0
RET000496,MERCH009,Toys,898.86,777.79,Better price found,2,6,1,0.17,0.753,0.056,approved,0
RET000497,MERCH011,Apparel,1436.38,1233.25,Quality issue,14,9,2,0.22,0.884,0.0,approved,0
RET000498,MERCH002,Electronics,371.97,287.98,Damaged/Defective,8,4,1,0.25,1.0,0.098,approved,0
RET000499,MERCH002,Beauty,199.87,162.28,Damaged/Defective,6,6,0,0.0,1.0,0.034,approved,0
RET000500,MERCH018,Apparel,955.7,914.59,Late delivery,1,3,0,0.0,0.909,0.021,approved,0
RET000501,MERCH025,Home & Kitchen,1219.4,1014.67,Better price found,10,4,1,0.25,0.441,0.127,rejected,0
RET000502,MERCH035,Accessories,348.54,271.92,Changed mind,34,6,0,0.0,0.178,0.073,rejected,0
RET000503,MERCH028,Home & Kitchen,1949.88,1585.72,Not as described,1,4,0,0.0,0.739,0.001,approved,0
RET000504,MERCH018,Books,731.24,576.51,Changed mind,14,7,0,0.0,0.859,0.023,approved,0
RET000505,MERCH035,Accessories,656.01,533.9,Wrong item shipped,8,4,0,0.0,0.882,0.037,approved,0
RET000506,MERCH012,Sports,865.63,788.09,Wrong size,2,5,2,0.4,0.513,0.026,rejected,0
RET000507,MERCH018,Home & Kitchen,479.06,356.41,Quality issue,1,5,1,0.2,1.0,0.043,approved,0
RET000508,MERCH014,Toys,630.98,454.91,Changed mind,14,3,0,0.0,0.585,0.095,approved,0
RET000509,MERCH028,Books,598.1,560.79,Not as described,9,5,0,0.0,0.777,0.211,approved,0
RET000510,MERCH013,Electronics,365.07,259.21,Wrong size,4,2,0,0.0,0.723,0.062,approved,0
RET000511,MERCH002,Sports,456.65,364.78,Quality issue,9,3,0,0.0,1.0,0.083,approved,0
RET000512,MERCH019,Sports,715.42,641.56,Wrong size,3,4,0,0.0,0.751,0.015,rejected,0
RET000513,MERCH015,Apparel,611.07,494.14,Not as described,17,8,3,0.38,0.779,0.044,approved,0
RET000514,MERCH038,Accessories,1576.16,1311.54,Better price found,5,1,0,0.0,0.656,0.0,approved,0
RET000515,MERCH011,Accessories,1094.26,836.5,Changed mind,7,5,1,0.2,0.627,0.036,rejected,0
RET000516,MERCH018,Sports,740.06,531.04,Not as described,34,5,2,0.4,0.71,0.111,approved,0
RET000517,MERCH020,Apparel,273.94,198.93,Better price found,4,3,0,0.0,0.478,0.038,rejected,0
RET000518,MERCH021,Sports,508.91,493.06,Late delivery,5,11,3,0.27,0.891,0.043,approved,0
RET000519,MERCH008,Home & Kitchen,910.16,713.04,Quality issue,10,3,0,0.0,1.0,0.0,approved,0
RET000520,MERCH023,Toys,674.12,520.61,Wrong item shipped,2,6,2,0.33,0.935,0.156,approved,0
RET000521,MERCH036,Toys,232.85,188.48,Quality issue,27,3,1,0.33,1.0,0.096,approved,0
RET000522,MERCH023,Apparel,1066.9,1044.86,Changed mind,22,7,2,0.29,0.652,0.0,rejected,0
RET000523,MERCH016,Home & Kitchen,582.66,448.6,Wrong item shipped,6,5,0,0.0,0.822,0.029,rejected,0
RET000524,MERCH039,Home & Kitchen,698.39,539.69,Damaged/Defective,7,5,1,0.2,0.864,0.031,approved,0
RET000525,MERCH024,Footwear,1257.45,980.01,Wrong size,3,4,1,0.25,0.881,0.079,rejected,0
RET000526,MERCH019,Toys,539.44,419.68,Wrong item shipped,20,7,0,0.0,1.0,0.0,approved,0
RET000527,MERCH014,Toys,139.29,105.67,Changed mind,5,7,2,0.29,0.614,0.046,rejected,0
RET000528,MERCH013,Footwear,209.3,164.25,Wrong size,17,4,1,0.25,0.781,0.03,approved,0
RET000529,MERCH024,Footwear,567.69,503.64,Damaged/Defective,11,5,0,0.0,1.0,0.13,approved,0
RET000530,MERCH017,Toys,2653.86,2407.06,Wrong item shipped,3,5,1,0.2,1.0,0.046,approved,0
RET000531,MERCH036,Footwear,397.37,322.73,Wrong size,4,6,2,0.33,0.998,0.112,approved,0
RET000532,MERCH038,Apparel,720.02,632.13,Wrong size,26,4,1,0.25,0.756,0.108,approved,0
RET000533,MERCH034,Accessories,2206.53,1924.52,Changed mind,1,7,0,0.0,0.841,0.077,approved,0
RET000534,MERCH006,Home & Kitchen,219.85,212.84,Changed mind,6,5,0,0.0,0.765,0.001,rejected,0
RET000535,MERCH015,Apparel,790.04,565.42,Wrong size,1,6,1,0.17,0.79,0.077,approved,0
RET000536,MERCH017,Sports,1104.61,837.72,Not as described,23,6,0,0.0,0.97,0.174,approved,0
RET000537,MERCH032,Home & Kitchen,568.26,483.73,Damaged/Defective,15,2,0,0.0,0.862,0.251,approved,0
RET000538,MERCH030,Electronics,560.61,439.13,Wrong item shipped,4,1,0,0.0,0.92,0.0,approved,0
RET000539,MERCH031,Toys,1511.03,1225.78,Wrong size,13,4,0,0.0,0.702,0.077,approved,0
RET000540,MERCH030,Home & Kitchen,1391.26,1000.33,Damaged/Defective,1,8,1,0.12,0.716,0.082,approved,0
RET000541,MERCH012,Books,2225.88,1667.43,Wrong size,14,7,0,0.0,0.711,0.041,rejected,0
RET000542,MERCH030,Apparel,569.67,418.51,Damaged/Defective,56,5,0,0.0,0.626,0.254,rejected,0
RET000543,MERCH022,Beauty,383.91,292.46,Wrong size,17,7,1,0.14,0.762,0.071,approved,0
RET000544,MERCH014,Beauty,282.62,245.82,Quality issue,8,5,1,0.2,0.916,0.0,approved,0
RET000545,MERCH018,Footwear,990.12,970.04,Wrong size,16,8,1,0.12,0.86,0.07,approved,0
RET000546,MERCH008,Beauty,243.94,218.75,Wrong size,2,8,0,0.0,0.912,0.054,approved,0
RET000547,MERCH012,Beauty,923.94,858.56,Better price found,16,5,0,0.0,0.528,0.003,approved,0
RET000548,MERCH024,Electronics,582.05,421.22,Wrong size,14,11,2,0.18,0.961,0.0,approved,0
RET000549,MERCH033,Beauty,6020.12,5647.32,Wrong size,6,4,0,0.0,0.812,0.039,approved,0
RET000550,MERCH021,Sports,297.38,226.64,Wrong size,5,6,2,0.33,0.776,0.037,approved,0
RET000551,MERCH032,Apparel,1046.42,911.22,Not as described,29,6,3,0.5,0.654,0.01,approved,0
RET000552,MERCH040,Footwear,3335.32,3302.94,Wrong size,11,7,1,0.14,0.864,0.093,approved,0
RET000553,MERCH026,Home & Kitchen,1845.27,1434.0,Wrong size,6,2,0,0.0,0.914,0.048,approved,0
RET000554,MERCH037,Footwear,184.45,165.06,Wrong item shipped,9,7,2,0.29,1.0,0.14,approved,0
RET000555,MERCH023,Beauty,1337.9,1215.2,Changed mind,41,8,0,0.0,0.431,0.096,approved,0
RET000556,MERCH013,Footwear,138.66,102.89,Wrong size,30,5,2,0.4,0.818,0.032,approved,0
RET000557,MERCH034,Accessories,488.48,349.35,Damaged/Defective,8,5,1,0.2,1.0,0.059,approved,0
RET000558,MERCH029,Accessories,620.08,540.3,Wrong size,3,6,1,0.17,0.794,0.064,approved,0
RET000559,MERCH011,Beauty,1017.33,713.72,Late delivery,19,4,0,0.0,0.721,0.065,approved,0
RET000560,MERCH009,Electronics,619.54,560.95,Changed mind,2,7,1,0.14,0.837,0.025,approved,0
RET000561,MERCH034,Beauty,1205.59,1177.99,Changed mind,1,4,1,0.25,0.778,0.08,approved,0
RET000562,MERCH019,Apparel,844.09,766.53,Wrong size,10,5,0,0.0,0.651,0.06,approved,0
RET000563,MERCH032,Footwear,502.65,471.38,Changed mind,1,4,0,0.0,0.461,0.099,rejected,0
RET000564,MERCH014,Footwear,786.64,559.02,Damaged/Defective,3,6,0,0.0,0.873,0.034,approved,0
RET000565,MERCH019,Books,666.89,568.21,Damaged/Defective,45,5,0,0.0,0.643,0.174,approved,0
RET000566,MERCH004,Home & Kitchen,838.48,747.81,Damaged/Defective,6,1,0,0.0,1.0,0.111,approved,0
RET000567,MERCH028,Toys,1419.81,1301.69,Late delivery,31,5,0,0.0,0.545,0.097,approved,0
RET000568,MERCH001,Electronics,599.66,495.58,Changed mind,9,5,2,0.4,0.554,0.002,rejected,0
RET000569,MERCH021,Footwear,296.11,260.22,Better price found,23,5,1,0.2,0.72,0.0,approved,0
RET000570,MERCH010,Books,1169.14,1026.26,Changed mind,28,4,0,0.0,0.418,0.077,approved,0
RET000571,MERCH009,Footwear,426.32,411.03,Wrong size,17,12,2,0.17,0.544,0.051,rejected,0
RET000572,MERCH021,Sports,275.54,238.81,Wrong size,11,4,1,0.25,0.966,0.102,approved,0
RET000573,MERCH016,Apparel,812.89,714.59,Wrong size,11,7,1,0.14,0.536,0.045,approved,0
RET000574,MERCH039,Home & Kitchen,743.51,710.77,Changed mind,6,4,0,0.0,0.479,0.08,rejected,0
RET000575,MERCH012,Electronics,478.97,461.68,Better price found,1,7,1,0.14,0.562,0.0,approved,0
RET000576,MERCH022,Electronics,651.31,503.74,Better price found,4,3,0,0.0,0.64,0.035,approved,0
RET000577,MERCH008,Books,1691.3,1390.33,Changed mind,10,5,1,0.2,0.721,0.039,approved,0
RET000578,MERCH038,Apparel,421.0,389.07,Late delivery,6,1,0,0.0,0.953,0.121,approved,0
RET000579,MERCH034,Beauty,906.71,673.15,Changed mind,22,5,0,0.0,0.852,0.098,flagged_for_review,1
RET000580,MERCH011,Toys,1251.81,1147.89,Better price found,6,4,0,0.0,0.524,0.0,approved,0
RET000581,MERCH031,Accessories,154.61,125.63,Wrong size,6,5,0,0.0,0.617,0.121,approved,0
RET000582,MERCH039,Books,827.91,587.4,Wrong size,2,10,4,0.4,0.638,0.047,approved,0
RET000583,MERCH034,Apparel,934.57,888.62,Changed mind,16,7,0,0.0,0.909,0.108,approved,0
RET000584,MERCH027,Electronics,571.06,451.01,Damaged/Defective,8,10,2,0.2,1.0,0.0,approved,0
RET000585,MERCH026,Electronics,532.91,514.93,Changed mind,17,6,0,0.0,0.635,0.122,approved,0
RET000586,MERCH001,Electronics,199.6,163.25,Changed mind,4,9,2,0.22,0.642,0.0,rejected,0
RET000587,MERCH013,Apparel,1413.81,1276.2,Not as described,3,4,1,0.25,0.946,0.12,approved,0
RET000588,MERCH030,Electronics,2143.11,1575.67,Changed mind,10,2,0,0.0,0.441,0.027,rejected,0
RET000589,MERCH038,Accessories,295.17,226.32,Damaged/Defective,1,6,1,0.17,1.0,0.086,approved,0
RET000590,MERCH014,Apparel,608.91,606.03,Damaged/Defective,29,6,1,0.17,0.807,0.0,rejected,0
RET000591,MERCH032,Books,1555.36,1208.76,Changed mind,24,4,1,0.25,0.543,0.066,rejected,0
RET000592,MERCH005,Footwear,525.47,436.47,Not as described,13,4,1,0.25,0.932,0.118,flagged_for_review,1
RET000593,MERCH006,Beauty,1632.62,1373.04,Changed mind,7,4,0,0.0,0.828,0.098,rejected,0
RET000594,MERCH016,Footwear,127.28,100.67,Changed mind,10,3,0,0.0,0.416,0.144,rejected,0
RET000595,MERCH024,Toys,269.43,221.01,Wrong size,12,10,1,0.1,0.768,0.068,approved,0
RET000596,MERCH011,Home & Kitchen,276.54,230.66,Damaged/Defective,3,2,1,0.5,1.0,0.0,approved,0
RET000597,MERCH001,Sports,271.91,190.86,Changed mind,3,8,2,0.25,0.514,0.124,rejected,0
RET000598,MERCH032,Books,420.29,369.5,Changed mind,1,4,1,0.25,0.536,0.07,rejected,0
RET000599,MERCH023,Electronics,2084.71,1753.77,Changed mind,5,5,1,0.2,0.615,0.0,rejected,0
RET000600,MERCH009,Sports,10391.49,7626.48,Changed mind,9,9,2,0.22,0.728,0.314,flagged_for_review,1
RET000601,MERCH027,Books,1371.67,1350.99,Wrong size,4,5,2,0.4,0.792,0.0,approved,0
RET000602,MERCH005,Books,535.5,437.87,Wrong item shipped,2,4,1,0.25,0.962,0.0,approved,0
RET000603,MERCH032,Footwear,222.85,198.95,Better price found,7,5,2,0.4,0.507,0.071,approved,0
RET000604,MERCH006,Toys,1028.38,864.81,Changed mind,2,3,0,0.0,0.63,0.071,approved,0
RET000605,MERCH001,Accessories,396.33,342.62,Not as described,23,3,0,0.0,0.741,0.055,approved,0
RET000606,MERCH001,Beauty,576.83,538.19,Better price found,17,7,1,0.14,0.591,0.003,approved,0
RET000607,MERCH023,Footwear,279.75,264.36,Better price found,5,7,0,0.0,0.668,0.133,approved,0
RET000608,MERCH035,Footwear,1391.94,1174.1,Changed mind,9,5,1,0.2,0.472,0.1,rejected,0
RET000609,MERCH009,Toys,358.3,322.61,Not as described,28,8,2,0.25,0.803,0.132,approved,0
RET000610,MERCH025,Sports,816.81,752.32,Late delivery,9,4,1,0.25,0.67,0.028,approved,0
RET000611,MERCH010,Beauty,214.94,163.75,Wrong item shipped,17,7,0,0.0,0.813,0.0,rejected,0
RET000612,MERCH020,Toys,732.58,567.18,Changed mind,16,7,0,0.0,0.542,0.089,rejected,0
RET000613,MERCH014,Electronics,1877.78,1447.17,Changed mind,3,4,1,0.25,0.466,0.09,approved,0
RET000614,MERCH012,Sports,2065.28,1891.39,Damaged/Defective,8,8,3,0.38,0.945,0.105,approved,0
RET000615,MERCH017,Accessories,240.96,176.48,Wrong size,4,6,1,0.17,0.857,0.06,approved,0
RET000616,MERCH004,Electronics,663.41,625.08,Not as described,5,5,0,0.0,0.708,0.044,approved,0
RET000617,MERCH039,Electronics,349.96,330.63,Not as described,2,7,2,0.29,0.464,0.024,rejected,0
RET000618,MERCH035,Sports,149.93,117.32,Damaged/Defective,11,6,1,0.17,0.706,0.065,approved,0
RET000619,MERCH012,Accessories,456.48,338.73,Damaged/Defective,17,4,0,0.0,0.943,0.057,approved,0
RET000620,MERCH001,Accessories,906.76,785.73,Changed mind,11,3,0,0.0,0.378,0.088,approved,0
RET000621,MERCH040,Books,571.59,532.72,Late delivery,1,3,1,0.33,0.831,0.063,approved,0
RET000622,MERCH028,Toys,1363.64,1236.97,Damaged/Defective,15,5,3,0.6,0.702,0.007,rejected,0
RET000623,MERCH018,Home & Kitchen,655.89,576.26,Wrong size,7,8,1,0.12,0.858,0.021,approved,0
RET000624,MERCH028,Home & Kitchen,562.64,490.27,Changed mind,27,5,2,0.4,0.685,0.151,rejected,0
RET000625,MERCH002,Footwear,330.45,310.72,Changed mind,4,6,2,0.33,0.603,0.061,approved,0
RET000626,MERCH017,Books,1892.17,1889.77,Wrong size,11,8,1,0.12,0.962,0.029,approved,0
RET000627,MERCH011,Electronics,820.48,575.69,Quality issue,1,4,0,0.0,0.967,0.083,approved,0
RET000628,MERCH014,Beauty,536.74,411.19,Damaged/Defective,20,2,2,1.0,0.745,0.398,approved,0
RET000629,MERCH024,Sports,308.98,253.76,Better price found,14,3,0,0.0,0.799,0.085,flagged_for_review,1
RET000630,MERCH003,Toys,132.08,116.46,Quality issue,20,6,0,0.0,1.0,0.0,approved,0
RET000631,MERCH026,Electronics,1104.91,942.63,Wrong size,11,9,3,0.33,0.81,0.062,approved,0
RET000632,MERCH026,Beauty,578.19,447.18,Wrong item shipped,12,4,0,0.0,0.994,0.018,approved,0
RET000633,MERCH017,Electronics,345.66,298.44,Changed mind,12,3,1,0.33,0.674,0.016,rejected,0
RET000634,MERCH015,Accessories,574.85,439.38,Changed mind,15,4,0,0.0,0.767,0.096,approved,0
RET000635,MERCH033,Electronics,1139.35,814.15,Changed mind,2,7,1,0.14,0.637,0.047,approved,0
RET000636,MERCH027,Electronics,972.18,682.08,Quality issue,5,8,3,0.38,1.0,0.087,approved,0
RET000637,MERCH039,Toys,230.06,193.55,Better price found,1,6,0,0.0,0.489,0.061,rejected,0
RET000638,MERCH001,Electronics,75.3,56.29,Changed mind,14,2,0,0.0,0.679,0.05,approved,0
RET000639,MERCH024,Footwear,273.22,225.97,Wrong size,22,1,0,0.0,0.895,0.089,approved,0
RET000640,MERCH029,Apparel,221.38,166.61,Changed mind,26,3,1,0.33,0.622,0.163,approved,0
RET000641,MERCH023,Toys,1793.32,1526.37,Wrong size,21,1,1,1.0,0.478,0.414,rejected,0
RET000642,MERCH017,Toys,269.58,246.33,Quality issue,5,8,1,0.12,1.0,0.107,approved,0
RET000643,MERCH016,Accessories,522.76,398.03,Changed mind,3,3,0,0.0,0.376,0.028,rejected,0
RET000644,MERCH019,Footwear,2050.22,1561.19,Wrong size,16,5,1,0.2,0.642,0.092,approved,0
RET000645,MERCH017,Home & Kitchen,160.82,143.05,Wrong size,25,2,2,1.0,0.591,0.441,approved,0
RET000646,MERCH008,Toys,242.11,202.86,Wrong size,3,4,0,0.0,0.8,0.025,approved,0
RET000647,MERCH035,Toys,147.66,134.79,Wrong size,3,3,0,0.0,0.505,0.086,rejected,0
RET000648,MERCH031,Sports,2670.53,2137.65,Better price found,20,4,0,0.0,0.568,0.035,approved,0
RET000649,MERCH015,Footwear,1713.31,1218.16,Wrong item shipped,23,5,0,0.0,0.969,0.039,approved,0
RET000650,MERCH014,Sports,801.36,624.77,Wrong size,13,4,3,0.75,0.374,0.39,flagged_for_review,1
RET000651,MERCH034,Books,659.45,605.24,Not as described,15,7,0,0.0,0.817,0.0,approved,0
RET000652,MERCH029,Accessories,1077.18,754.44,Damaged/Defective,17,2,0,0.0,0.857,0.054,approved,0
RET000653,MERCH031,Toys,212.94,200.98,Quality issue,14,4,2,0.5,0.782,0.031,approved,0
RET000654,MERCH018,Home & Kitchen,167.9,145.59,Better price found,7,5,0,0.0,0.819,0.022,approved,0
RET000655,MERCH036,Books,958.24,700.49,Wrong size,8,5,2,0.4,0.987,0.114,approved,0
RET000656,MERCH017,Sports,1145.76,914.39,Better price found,19,6,2,0.33,0.726,0.039,approved,0
RET000657,MERCH012,Footwear,288.14,209.52,Changed mind,3,3,0,0.0,0.559,0.044,approved,0
RET000658,MERCH031,Electronics,812.57,620.07,Damaged/Defective,41,4,0,0.0,0.743,0.038,approved,0
RET000659,MERCH009,Sports,940.36,848.95,Wrong size,1,4,0,0.0,0.986,0.078,approved,0
RET000660,MERCH037,Toys,665.39,573.41,Wrong size,20,6,1,0.17,0.861,0.0,rejected,0
RET000661,MERCH030,Toys,834.36,749.49,Wrong size,30,4,0,0.0,0.653,0.101,approved,0
RET000662,MERCH022,Apparel,355.72,299.32,Quality issue,5,1,1,1.0,0.845,0.396,approved,0
RET000663,MERCH032,Accessories,1524.94,1388.46,Better price found,3,4,0,0.0,0.484,0.049,approved,0
RET000664,MERCH008,Toys,665.32,477.59,Not as described,34,9,0,0.0,0.799,0.054,approved,0
RET000665,MERCH029,Home & Kitchen,295.21,222.33,Better price found,9,4,0,0.0,0.436,0.088,flagged_for_review,1
RET000666,MERCH034,Beauty,346.86,345.0,Wrong size,30,7,2,0.29,1.0,0.035,approved,0
RET000667,MERCH034,Home & Kitchen,1074.5,1006.95,Damaged/Defective,5,6,0,0.0,1.0,0.075,approved,0
RET000668,MERCH026,Toys,152.8,116.11,Better price found,9,5,0,0.0,0.646,0.0,rejected,0
RET000669,MERCH018,Accessories,350.58,349.25,Wrong item shipped,2,7,0,0.0,1.0,0.068,approved,0
RET000670,MERCH025,Accessories,2257.26,1814.65,Quality issue,9,7,0,0.0,0.822,0.004,approved,0
RET000671,MERCH008,Books,1238.48,869.77,Changed mind,12,7,3,0.43,0.793,0.058,rejected,0
RET000672,MERCH019,Footwear,280.79,218.79,Not as described,13,8,2,0.25,0.751,0.01,approved,0
RET000673,MERCH022,Electronics,1148.67,975.7,Changed mind,38,3,0,0.0,0.251,0.072,rejected,0
RET000674,MERCH015,Home & Kitchen,1408.43,1245.46,Damaged/Defective,1,2,1,0.5,1.0,0.181,flagged_for_review,1
RET000675,MERCH038,Apparel,1221.97,1063.53,Wrong item shipped,19,3,0,0.0,1.0,0.005,approved,0
RET000676,MERCH026,Footwear,307.87,275.28,Not as described,3,3,0,0.0,0.789,0.011,approved,0
RET000677,MERCH027,Electronics,929.86,703.29,Wrong size,10,5,1,0.2,0.909,0.046,approved,0
RET000678,MERCH026,Home & Kitchen,953.19,928.27,Damaged/Defective,3,7,0,0.0,0.851,0.01,approved,0
RET000679,MERCH022,Footwear,249.0,202.09,Late delivery,29,5,2,0.4,0.78,0.149,approved,0
RET000680,MERCH021,Books,941.77,731.34,Changed mind,2,6,1,0.17,0.718,0.06,approved,0
RET000681,MERCH011,Electronics,565.73,503.81,Better price found,11,2,2,1.0,0.43,0.331,approved,0
RET000682,MERCH027,Beauty,1492.16,1356.08,Late delivery,5,4,0,0.0,0.727,0.047,rejected,0
RET000683,MERCH037,Electronics,947.09,885.35,Wrong size,4,4,0,0.0,0.776,0.139,approved,0
RET000684,MERCH026,Toys,505.94,419.98,Wrong size,15,6,0,0.0,0.763,0.091,approved,0
RET000685,MERCH009,Toys,489.23,411.95,Damaged/Defective,10,5,0,0.0,1.0,0.024,approved,0
RET000686,MERCH009,Sports,394.16,322.51,Wrong size,6,4,0,0.0,0.88,0.048,approved,0
RET000687,MERCH034,Apparel,257.66,224.34,Better price found,4,7,0,0.0,0.753,0.071,rejected,0
RET000688,MERCH031,Footwear,2377.24,2357.31,Damaged/Defective,16,3,1,0.33,1.0,0.01,approved,0
RET000689,MERCH035,Home & Kitchen,556.0,511.12,Damaged/Defective,1,6,2,0.33,0.708,0.0,rejected,0
RET000690,MERCH008,Books,656.66,519.16,Wrong size,12,10,0,0.0,1.0,0.027,approved,0
RET000691,MERCH032,Sports,1250.93,1239.29,Not as described,8,9,1,0.11,0.559,0.0,approved,0
RET000692,MERCH014,Beauty,1515.57,1182.8,Better price found,5,5,1,0.2,0.429,0.0,rejected,0
RET000693,MERCH022,Home & Kitchen,1513.98,1148.78,Wrong size,12,8,1,0.12,0.597,0.01,rejected,0
RET000694,MERCH039,Toys,2623.35,2214.49,Damaged/Defective,2,5,1,0.2,0.806,0.098,approved,0
RET000695,MERCH005,Books,548.5,494.14,Better price found,6,8,1,0.12,0.723,0.065,approved,0
RET000696,MERCH026,Toys,1674.9,1312.81,Wrong size,6,2,2,1.0,0.727,0.448,approved,0
RET000697,MERCH005,Sports,306.49,305.07,Damaged/Defective,1,4,1,0.25,1.0,0.041,flagged_for_review,1
RET000698,MERCH021,Books,3601.92,3424.19,Better price found,22,4,1,0.25,0.754,0.105,approved,0
RET000699,MERCH029,Footwear,991.64,898.28,Quality issue,32,5,0,0.0,0.725,0.069,rejected,0
RET000700,MERCH008,Beauty,209.84,202.64,Not as described,11,6,0,0.0,1.0,0.005,approved,0
RET000701,MERCH003,Electronics,1005.05,747.73,Wrong size,4,6,0,0.0,0.715,0.064,approved,0
RET000702,MERCH001,Home & Kitchen,427.2,348.88,Changed mind,5,4,0,0.0,0.357,0.041,rejected,0
RET000703,MERCH040,Sports,373.46,293.03,Wrong size,3,7,0,0.0,0.906,0.127,approved,0
RET000704,MERCH005,Toys,512.2,456.16,Wrong size,6,6,2,0.33,0.836,0.08,approved,0
RET000705,MERCH010,Toys,614.67,556.83,Late delivery,5,6,1,0.17,0.556,0.084,approved,0
RET000706,MERCH031,Sports,418.02,325.4,Damaged/Defective,3,6,0,0.0,0.979,0.0,approved,0
RET000707,MERCH031,Books,296.84,229.33,Changed mind,1,7,0,0.0,0.52,0.053,approved,0
RET000708,MERCH039,Home & Kitchen,539.62,508.78,Wrong size,26,11,2,0.18,0.578,0.105,rejected,0
RET000709,MERCH025,Apparel,544.68,440.1,Not as described,12,6,2,0.33,0.737,0.086,approved,0
RET000710,MERCH011,Sports,253.0,249.95,Damaged/Defective,3,7,2,0.29,1.0,0.018,approved,0
RET000711,MERCH008,Footwear,432.84,428.06,Quality issue,7,6,1,0.17,1.0,0.076,approved,0
RET000712,MERCH018,Accessories,1675.91,1440.35,Changed mind,9,4,0,0.0,0.701,0.0,approved,0
RET000713,MERCH013,Home & Kitchen,2800.14,2431.29,Late delivery,4,7,2,0.29,0.756,0.0,rejected,0
RET000714,MERCH014,Apparel,148.87,143.69,Better price found,6,8,0,0.0,0.595,0.078,approved,0
RET000715,MERCH033,Toys,879.17,833.38,Changed mind,13,9,1,0.11,0.669,0.0,rejected,0
RET000716,MERCH002,Toys,511.5,494.08,Changed mind,13,4,0,0.0,0.535,0.004,approved,0
RET000717,MERCH007,Apparel,439.54,362.35,Changed mind,21,4,0,0.0,0.619,0.022,approved,0
RET000718,MERCH031,Sports,320.04,315.86,Wrong size,12,3,0,0.0,0.643,0.076,rejected,0
RET000719,MERCH026,Toys,278.44,244.13,Changed mind,13,5,1,0.2,0.678,0.027,approved,0
RET000720,MERCH029,Books,269.65,258.93,Wrong size,6,5,0,0.0,0.692,0.085,approved,0
RET000721,MERCH006,Footwear,881.2,793.66,Wrong size,6,6,0,0.0,0.939,0.024,approved,0
RET000722,MERCH012,Home & Kitchen,498.91,488.42,Wrong size,16,6,1,0.17,0.639,0.023,approved,0
RET000723,MERCH029,Electronics,612.41,455.57,Wrong size,10,4,2,0.5,0.714,0.04,approved,0
RET000724,MERCH008,Toys,343.93,301.46,Changed mind,18,1,1,1.0,0.409,0.419,rejected,0
RET000725,MERCH037,Books,600.97,497.37,Quality issue,29,5,1,0.2,1.0,0.067,approved,0
RET000726,MERCH015,Footwear,915.89,673.35,Changed mind,2,5,0,0.0,0.755,0.0,approved,0
RET000727,MERCH035,Toys,1476.6,1258.83,Wrong size,1,6,0,0.0,0.475,0.052,approved,0
RET000728,MERCH019,Footwear,573.41,414.58,Better price found,26,3,0,0.0,0.438,0.147,rejected,1
RET000729,MERCH013,Sports,2508.33,2201.13,Wrong size,17,6,1,0.17,0.768,0.0,rejected,0
RET000730,MERCH035,Footwear,303.48,283.5,Changed mind,2,4,0,0.0,0.508,0.038,approved,0
RET000731,MERCH029,Books,1138.2,843.41,Damaged/Defective,5,4,0,0.0,0.996,0.007,approved,0
RET000732,MERCH036,Beauty,578.2,457.89,Wrong size,1,4,1,0.25,1.0,0.121,approved,0
RET000733,MERCH006,Home & Kitchen,1059.35,916.85,Better price found,15,13,3,0.23,0.753,0.064,approved,0
RET000734,MERCH039,Accessories,1878.59,1511.54,Wrong size,4,1,0,0.0,0.498,0.0,approved,0
RET000735,MERCH021,Books,921.71,657.43,Wrong size,8,7,0,0.0,0.6,0.059,approved,0
RET000736,MERCH019,Accessories,473.91,430.78,Wrong size,10,4,2,0.5,0.632,0.031,approved,0
RET000737,MERCH002,Footwear,795.2,604.45,Wrong size,6,5,1,0.2,0.831,0.081,approved,0
RET000738,MERCH023,Books,648.32,640.56,Wrong size,9,2,1,0.5,0.761,0.025,approved,0
RET000739,MERCH020,Apparel,372.88,289.17,Damaged/Defective,22,3,0,0.0,0.832,0.0,approved,0
RET000740,MERCH033,Books,220.77,164.38,Wrong item shipped,5,5,1,0.2,0.987,0.0,approved,0
RET000741,MERCH004,Apparel,1570.73,1361.22,Wrong size,2,8,1,0.12,1.0,0.108,approved,0
RET000742,MERCH038,Apparel,695.6,494.24,Wrong size,32,6,1,0.17,0.654,0.039,approved,0
RET000743,MERCH030,Electronics,534.2,414.95,Changed mind,2,6,1,0.17,0.4,0.028,approved,0
RET000744,MERCH027,Electronics,718.88,565.7,Damaged/Defective,10,8,0,0.0,1.0,0.065,approved,0
RET000745,MERCH039,Books,194.95,172.96,Better price found,36,4,2,0.5,0.111,0.158,rejected,1
RET000746,MERCH028,Electronics,198.07,160.24,Wrong size,2,1,1,1.0,0.551,0.385,approved,0
RET000747,MERCH040,Footwear,523.17,442.65,Not as described,18,1,1,1.0,0.687,0.292,approved,0
RET000748,MERCH007,Apparel,487.37,404.12,Changed mind,14,4,1,0.25,0.581,0.111,rejected,1
RET000749,MERCH010,Toys,597.65,429.02,Better price found,7,4,0,0.0,0.485,0.016,rejected,0
RET000750,MERCH014,Beauty,1255.2,1100.53,Better price found,2,4,1,0.25,0.553,0.101,approved,0
RET000751,MERCH029,Apparel,189.05,180.48,Quality issue,15,4,0,0.0,0.852,0.09,approved,0
RET000752,MERCH009,Books,964.78,908.64,Quality issue,18,3,1,0.33,1.0,0.059,approved,0
RET000753,MERCH035,Beauty,513.96,393.24,Late delivery,9,3,0,0.0,0.542,0.033,rejected,0
RET000754,MERCH038,Beauty,184.01,175.67,Damaged/Defective,13,4,0,0.0,1.0,0.006,flagged_for_review,1
RET000755,MERCH027,Electronics,859.62,822.87,Damaged/Defective,21,3,0,0.0,1.0,0.104,approved,0
RET000756,MERCH038,Toys,251.14,249.52,Better price found,7,5,0,0.0,0.612,0.025,approved,0
RET000757,MERCH009,Sports,1581.61,1299.35,Quality issue,18,5,0,0.0,1.0,0.073,approved,0
RET000758,MERCH009,Accessories,1451.77,1301.52,Changed mind,14,5,0,0.0,0.714,0.003,approved,0
RET000759,MERCH013,Footwear,764.89,644.38,Not as described,16,2,0,0.0,0.698,0.054,rejected,0
RET000760,MERCH038,Beauty,266.16,253.72,Damaged/Defective,6,5,0,0.0,1.0,0.063,approved,0
RET000761,MERCH021,Books,1159.93,1094.83,Wrong item shipped,9,5,0,0.0,1.0,0.09,approved,0
RET000762,MERCH004,Accessories,243.53,232.04,Wrong size,2,6,1,0.17,0.678,0.038,approved,0
RET000763,MERCH027,Footwear,249.92,239.27,Wrong item shipped,31,8,2,0.25,0.765,0.135,approved,0
RET000764,MERCH034,Beauty,916.1,726.47,Late delivery,11,6,1,0.17,0.838,0.067,approved,0
RET000765,MERCH030,Beauty,763.56,748.76,Damaged/Defective,2,4,0,0.0,0.818,0.074,approved,0
RET000766,MERCH020,Home & Kitchen,2903.87,2347.78,Wrong size,1,4,1,0.25,0.658,0.053,approved,0
RET000767,MERCH004,Toys,659.83,591.0,Wrong size,23,5,0,0.0,0.719,0.069,rejected,0
RET000768,MERCH037,Toys,2999.79,2566.4,Wrong item shipped,40,9,1,0.11,0.857,0.087,approved,0
RET000769,MERCH010,Books,395.55,332.66,Not as described,20,3,0,0.0,0.533,0.093,rejected,0
RET000770,MERCH025,Books,773.49,545.11,Damaged/Defective,18,9,0,0.0,0.829,0.004,approved,0
RET000771,MERCH008,Home & Kitchen,1109.09,981.68,Changed mind,3,10,1,0.1,0.673,0.099,flagged_for_review,1
RET000772,MERCH025,Footwear,388.94,277.92,Changed mind,8,9,2,0.22,0.436,0.065,rejected,0
RET000773,MERCH022,Books,191.19,148.5,Wrong size,3,4,0,0.0,0.719,0.0,approved,0
RET000774,MERCH036,Books,766.31,732.13,Changed mind,10,11,2,0.18,0.731,0.032,approved,0
RET000775,MERCH022,Toys,362.63,269.07,Better price found,42,10,1,0.1,0.309,0.035,rejected,0
RET000776,MERCH024,Footwear,2831.52,2052.43,Damaged/Defective,25,7,1,0.14,1.0,0.0,approved,0
RET000777,MERCH017,Electronics,836.81,669.17,Wrong item shipped,5,5,0,0.0,1.0,0.05,approved,0
RET000778,MERCH027,Footwear,275.92,207.94,Changed mind,6,3,1,0.33,0.734,0.046,rejected,0
RET000779,MERCH027,Beauty,431.6,354.54,Wrong size,3,5,3,0.6,0.56,0.0,approved,0
RET000780,MERCH004,Toys,413.41,400.22,Damaged/Defective,12,3,3,1.0,0.868,0.486,flagged_for_review,1
RET000781,MERCH014,Footwear,880.31,778.22,Changed mind,1,5,1,0.2,0.578,0.005,approved,0
RET000782,MERCH019,Footwear,576.71,415.74,Damaged/Defective,18,4,1,0.25,0.807,0.082,approved,0
RET000783,MERCH016,Footwear,407.78,398.35,Wrong size,1,6,1,0.17,0.441,0.061,rejected,0
RET000784,MERCH023,Apparel,1004.21,915.41,Quality issue,2,3,0,0.0,0.864,0.114,approved,0
RET000785,MERCH021,Beauty,279.85,252.87,Late delivery,21,5,1,0.2,0.846,0.031,approved,0
RET000786,MERCH015,Footwear,302.01,289.83,Changed mind,9,4,1,0.25,0.823,0.0,approved,0
RET000787,MERCH012,Home & Kitchen,971.88,894.42,Wrong size,14,4,1,0.25,0.675,0.036,approved,0
RET000788,MERCH012,Apparel,471.76,342.0,Quality issue,2,6,1,0.17,0.855,0.099,approved,0
RET000789,MERCH017,Beauty,910.02,742.98,Not as described,14,3,0,0.0,0.834,0.034,approved,0
RET000790,MERCH018,Footwear,1338.29,1223.97,Wrong item shipped,3,3,1,0.33,1.0,0.108,flagged_for_review,1
RET000791,MERCH005,Footwear,338.87,289.93,Quality issue,5,7,1,0.14,1.0,0.01,approved,0
RET000792,MERCH001,Accessories,615.52,462.98,Not as described,9,2,0,0.0,0.673,0.046,approved,0
RET000793,MERCH012,Apparel,478.73,443.99,Wrong size,6,8,1,0.12,0.638,0.029,rejected,0
RET000794,MERCH038,Books,432.42,347.22,Damaged/Defective,3,7,0,0.0,1.0,0.049,approved,0
RET000795,MERCH006,Footwear,346.19,337.6,Quality issue,4,7,1,0.14,1.0,0.115,approved,0
RET000796,MERCH022,Toys,1104.52,814.93,Damaged/Defective,14,3,1,0.33,1.0,0.009,approved,0
RET000797,MERCH028,Beauty,1386.62,1270.72,Damaged/Defective,30,3,0,0.0,1.0,0.0,approved,0
RET000798,MERCH007,Apparel,476.25,428.29,Wrong item shipped,5,3,2,0.67,0.695,0.403,flagged_for_review,1
RET000799,MERCH012,Footwear,208.09,188.96,Better price found,14,7,0,0.0,0.5,0.0,approved,0
RET000800,MERCH025,Footwear,1205.68,1145.72,Not as described,18,6,1,0.17,0.65,0.074,rejected,0
RET000801,MERCH025,Books,1802.11,1457.45,Damaged/Defective,6,4,0,0.0,0.743,0.041,approved,0
RET000802,MERCH007,Home & Kitchen,239.62,204.77,Wrong size,13,6,2,0.33,0.742,0.037,approved,0
RET000803,MERCH040,Home & Kitchen,314.81,278.88,Late delivery,28,7,1,0.14,0.907,0.12,approved,0
RET000804,MERCH015,Sports,392.87,381.02,Changed mind,13,3,0,0.0,0.685,0.0,approved,0
RET000805,MERCH022,Home & Kitchen,907.59,723.26,Better price found,3,5,1,0.2,0.488,0.052,rejected,0
RET000806,MERCH020,Electronics,3505.19,3076.16,Changed mind,5,8,1,0.12,0.525,0.07,rejected,0
RET000807,MERCH038,Sports,745.18,522.21,Not as described,13,4,0,0.0,0.842,0.055,approved,0
RET000808,MERCH009,Sports,732.27,700.0,Quality issue,8,5,0,0.0,1.0,0.013,approved,0
RET000809,MERCH019,Beauty,547.04,492.39,Changed mind,2,8,2,0.25,0.537,0.045,rejected,0
RET000810,MERCH031,Beauty,286.53,267.5,Wrong size,2,3,0,0.0,0.49,0.08,flagged_for_review,1
RET000811,MERCH024,Accessories,293.69,290.7,Wrong item shipped,3,5,1,0.2,1.0,0.028,approved,0
RET000812,MERCH034,Apparel,2805.11,2654.71,Wrong size,1,6,1,0.17,0.898,0.056,approved,0
RET000813,MERCH014,Electronics,435.8,394.28,Wrong item shipped,20,1,0,0.0,0.977,0.044,approved,0
RET000814,MERCH039,Footwear,364.43,298.92,Changed mind,2,5,1,0.2,0.476,0.077,rejected,0
RET000815,MERCH023,Accessories,553.51,545.78,Changed mind,4,6,0,0.0,0.598,0.046,approved,0
RET000816,MERCH009,Apparel,1019.45,828.85,Wrong size,7,5,0,0.0,0.908,0.039,approved,0
RET000817,MERCH036,Toys,787.79,650.87,Quality issue,8,7,1,0.14,1.0,0.0,approved,0
RET000818,MERCH003,Footwear,1735.3,1605.68,Wrong size,4,3,0,0.0,0.826,0.057,approved,0
RET000819,MERCH013,Books,2579.52,2546.15,Changed mind,8,7,0,0.0,0.634,0.041,approved,0
RET000820,MERCH009,Books,671.96,612.03,Wrong item shipped,5,5,3,0.6,0.932,0.059,approved,0
RET000821,MERCH013,Sports,574.06,450.36,Not as described,10,6,1,0.17,0.795,0.028,approved,0
RET000822,MERCH026,Accessories,850.35,701.19,Damaged/Defective,18,4,0,0.0,1.0,0.0,approved,0
RET000823,MERCH005,Home & Kitchen,516.66,508.64,Damaged/Defective,11,6,1,0.17,1.0,0.092,approved,0
RET000824,MERCH032,Home & Kitchen,436.02,345.48,Quality issue,1,2,0,0.0,1.0,0.0,approved,0
RET000825,MERCH040,Electronics,323.96,299.14,Wrong size,3,4,1,0.25,0.715,0.056,approved,0
RET000826,MERCH010,Toys,382.41,329.19,Better price found,2,7,1,0.14,0.428,0.0,rejected,0
RET000827,MERCH017,Footwear,762.11,701.09,Wrong size,6,4,0,0.0,0.925,0.079,approved,0
RET000828,MERCH038,Accessories,2249.53,2155.25,Quality issue,3,8,0,0.0,1.0,0.041,approved,0
RET000829,MERCH040,Beauty,1105.92,817.54,Changed mind,6,5,0,0.0,0.687,0.0,approved,0
RET000830,MERCH033,Beauty,676.47,495.34,Wrong item shipped,3,4,0,0.0,1.0,0.072,flagged_for_review,1
RET000831,MERCH036,Home & Kitchen,556.01,405.92,Wrong size,4,9,2,0.22,0.949,0.049,approved,0
RET000832,MERCH011,Accessories,1058.13,942.83,Late delivery,1,4,1,0.25,0.915,0.007,rejected,0
RET000833,MERCH034,Home & Kitchen,1026.17,800.07,Wrong item shipped,25,5,1,0.2,1.0,0.063,approved,0
RET000834,MERCH040,Books,2620.03,1939.9,Late delivery,5,3,0,0.0,0.885,0.071,approved,0
RET000835,MERCH030,Footwear,524.23,513.19,Quality issue,21,4,1,0.25,0.862,0.091,approved,0
RET000836,MERCH040,Apparel,723.23,514.52,Changed mind,13,5,0,0.0,0.671,0.054,approved,0
RET000837,MERCH030,Toys,816.88,600.72,Wrong size,4,3,0,0.0,0.614,0.04,approved,0
RET000838,MERCH020,Electronics,4394.5,4287.76,Wrong item shipped,6,7,0,0.0,0.722,0.099,approved,0
RET000839,MERCH005,Accessories,2628.7,2411.83,Better price found,13,7,0,0.0,0.706,0.01,approved,0
RET000840,MERCH027,Apparel,2436.18,1912.59,Quality issue,14,5,2,0.4,1.0,0.078,flagged_for_review,1
RET000841,MERCH025,Accessories,2963.06,2734.04,Not as described,17,6,1,0.17,0.557,0.087,rejected,0
RET000842,MERCH023,Footwear,705.27,672.17,Changed mind,7,3,0,0.0,0.616,0.039,approved,0
RET000843,MERCH033,Sports,2204.05,2066.43,Better price found,4,6,0,0.0,0.616,0.01,approved,0
RET000844,MERCH033,Electronics,419.0,320.51,Wrong size,28,4,1,0.25,0.749,0.051,approved,0
RET000845,MERCH030,Footwear,1393.96,1311.43,Damaged/Defective,4,7,2,0.29,0.669,0.101,approved,0
RET000846,MERCH009,Beauty,342.88,302.28,Better price found,5,4,1,0.25,0.62,0.166,approved,0
RET000847,MERCH030,Beauty,1477.11,1063.82,Not as described,3,4,0,0.0,0.719,0.048,flagged_for_review,1
RET000848,MERCH033,Toys,201.88,201.25,Quality issue,5,7,1,0.14,1.0,0.033,approved,0
RET000849,MERCH008,Apparel,155.23,109.86,Changed mind,3,8,0,0.0,0.789,0.032,rejected,0
RET000850,MERCH001,Accessories,3782.59,2666.48,Wrong size,2,8,1,0.12,0.748,0.095,approved,0
RET000851,MERCH031,Books,214.49,181.83,Better price found,6,4,0,0.0,0.532,0.072,approved,0
RET000852,MERCH037,Beauty,7489.98,7171.04,Wrong item shipped,18,4,0,0.0,1.0,0.092,approved,0
RET000853,MERCH024,Footwear,708.87,535.44,Quality issue,14,7,1,0.14,1.0,0.089,approved,0
RET000854,MERCH039,Footwear,148.95,113.58,Wrong size,3,4,0,0.0,0.614,0.039,approved,0
RET000855,MERCH007,Apparel,1471.94,1373.35,Damaged/Defective,4,8,0,0.0,1.0,0.028,approved,0
RET000856,MERCH004,Accessories,121.21,93.14,Wrong size,5,5,0,0.0,0.758,0.128,approved,0
RET000857,MERCH026,Footwear,1849.23,1625.12,Quality issue,2,3,0,0.0,1.0,0.007,approved,0
RET000858,MERCH002,Beauty,2066.02,1963.61,Changed mind,3,1,0,0.0,0.586,0.022,approved,0
RET000859,MERCH033,Beauty,573.43,493.69,Damaged/Defective,10,7,3,0.43,0.956,0.038,approved,0
RET000860,MERCH036,Toys,488.6,394.0,Not as described,4,6,1,0.17,0.941,0.0,approved,0
RET000861,MERCH016,Toys,649.8,515.84,Changed mind,1,6,2,0.33,0.402,0.039,rejected,0
RET000862,MERCH001,Home & Kitchen,202.87,184.41,Wrong item shipped,1,3,0,0.0,0.88,0.107,approved,0
RET000863,MERCH035,Accessories,457.36,361.45,Damaged/Defective,20,8,1,0.12,0.682,0.0,approved,0
RET000864,MERCH011,Sports,321.5,279.82,Not as described,7,6,0,0.0,0.667,0.059,approved,0
RET000865,MERCH033,Accessories,746.93,661.82,Late delivery,33,4,0,0.0,0.573,0.056,rejected,0
RET000866,MERCH020,Apparel,1143.67,1061.45,Changed mind,4,2,0,0.0,0.517,0.074,rejected,0
RET000867,MERCH005,Sports,710.55,552.88,Changed mind,1,5,0,0.0,0.872,0.001,approved,0
RET000868,MERCH012,Electronics,477.01,455.24,Wrong size,2,11,0,0.0,0.597,0.038,flagged_for_review,1
RET000869,MERCH003,Home & Kitchen,276.58,227.08,Quality issue,5,4,0,0.0,1.0,0.084,approved,0
RET000870,MERCH033,Apparel,2970.58,2310.75,Wrong item shipped,30,3,1,0.33,0.981,0.02,approved,0
RET000871,MERCH014,Sports,760.93,556.83,Better price found,10,3,0,0.0,0.719,0.0,approved,0
RET000872,MERCH019,Electronics,1013.7,744.93,Damaged/Defective,2,5,0,0.0,0.873,0.059,rejected,0
RET000873,MERCH011,Footwear,2444.12,2096.99,Changed mind,4,5,2,0.4,0.504,0.115,approved,0
RET000874,MERCH024,Books,1011.08,806.82,Damaged/Defective,18,3,0,0.0,1.0,0.0,approved,0
RET000875,MERCH008,Books,712.44,577.8,Wrong size,3,4,1,0.25,0.818,0.086,approved,0
RET000876,MERCH018,Accessories,1574.55,1200.76,Changed mind,7,4,1,0.25,0.732,0.09,approved,0
RET000877,MERCH003,Footwear,1805.71,1453.53,Not as described,9,3,0,0.0,0.758,0.057,approved,0
RET000878,MERCH001,Sports,361.22,296.35,Wrong size,9,5,1,0.2,0.631,0.015,approved,0
RET000879,MERCH002,Apparel,1134.97,887.01,Not as described,3,6,2,0.33,0.651,0.079,approved,0
RET000880,MERCH024,Accessories,504.52,392.77,Better price found,13,3,0,0.0,0.722,0.027,rejected,0
RET000881,MERCH040,Sports,1554.35,1508.9,Not as described,2,5,0,0.0,0.949,0.0,approved,0
RET000882,MERCH005,Home & Kitchen,905.4,650.27,Changed mind,3,8,0,0.0,0.64,0.024,approved,0
RET000883,MERCH015,Beauty,1764.74,1410.6,Wrong size,3,6,3,0.5,0.97,0.0,approved,0
RET000884,MERCH039,Accessories,266.03,223.91,Not as described,21,4,1,0.25,0.629,0.037,approved,0
RET000885,MERCH040,Home & Kitchen,67.47,59.74,Better price found,13,3,0,0.0,0.73,0.085,approved,0
RET000886,MERCH025,Home & Kitchen,124.99,113.59,Late delivery,14,3,2,0.67,0.365,0.302,rejected,0
RET000887,MERCH039,Books,3583.95,3279.43,Quality issue,1,5,2,0.4,0.912,0.0,approved,0
RET000888,MERCH008,Home & Kitchen,615.58,567.39,Late delivery,1,3,1,0.33,1.0,0.0,approved,0
RET000889,MERCH022,Books,705.01,564.02,Changed mind,2,5,1,0.2,0.644,0.026,rejected,0
RET000890,MERCH023,Home & Kitchen,665.83,608.13,Not as described,9,5,3,0.6,0.383,0.002,approved,0
RET000891,MERCH005,Apparel,3934.72,3138.5,Wrong size,1,4,0,0.0,0.856,0.0,approved,0
RET000892,MERCH040,Apparel,1783.93,1378.94,Changed mind,1,3,0,0.0,0.71,0.069,flagged_for_review,1
RET000893,MERCH023,Footwear,2212.68,1947.47,Quality issue,3,6,1,0.17,0.791,0.0,approved,0
RET000894,MERCH027,Toys,556.77,540.92,Better price found,20,8,3,0.38,0.681,0.0,approved,0
RET000895,MERCH037,Toys,232.84,193.88,Not as described,34,6,0,0.0,0.371,0.021,rejected,0
RET000896,MERCH003,Beauty,787.22,624.89,Damaged/Defective,17,6,2,0.33,1.0,0.063,approved,0
RET000897,MERCH031,Beauty,601.43,528.23,Damaged/Defective,26,4,1,0.25,1.0,0.129,approved,0
RET000898,MERCH012,Accessories,738.08,657.82,Damaged/Defective,12,3,0,0.0,0.939,0.008,approved,0
RET000899,MERCH015,Apparel,568.41,404.02,Not as described,13,4,1,0.25,0.964,0.042,approved,0
RET000900,MERCH031,Footwear,507.79,507.26,Better price found,2,5,0,0.0,0.511,0.043,approved,0
RET000901,MERCH038,Electronics,1189.61,1114.28,Damaged/Defective,7,5,1,0.2,1.0,0.093,approved,0
RET000902,MERCH016,Toys,2390.82,2026.45,Changed mind,14,4,1,0.25,0.449,0.046,approved,0
RET000903,MERCH005,Footwear,379.99,283.92,Better price found,14,4,2,0.5,0.567,0.064,approved,0
RET000904,MERCH015,Footwear,548.12,512.05,Changed mind,2,5,1,0.2,0.788,0.038,rejected,0
RET000905,MERCH037,Apparel,602.5,508.33,Late delivery,19,4,0,0.0,0.757,0.0,approved,0
RET000906,MERCH022,Footwear,1085.85,879.0,Wrong size,4,2,1,0.5,0.625,0.052,rejected,0
RET000907,MERCH012,Accessories,684.62,583.37,Changed mind,22,7,1,0.14,0.449,0.077,rejected,0
RET000908,MERCH023,Toys,1427.61,1295.97,Changed mind,16,6,2,0.33,0.465,0.027,approved,0
RET000909,MERCH009,Sports,1370.09,1359.4,Better price found,26,5,2,0.4,0.768,0.004,rejected,0
RET000910,MERCH023,Sports,289.09,271.81,Damaged/Defective,9,3,0,0.0,0.941,0.041,approved,0
RET000911,MERCH032,Sports,574.47,541.25,Late delivery,12,4,3,0.75,0.432,0.399,rejected,0
RET000912,MERCH034,Beauty,915.23,765.5,Changed mind,3,6,0,0.0,0.969,0.024,approved,0
RET000913,MERCH016,Accessories,1201.91,1185.8,Late delivery,6,5,1,0.2,0.513,0.07,approved,0
RET000914,MERCH014,Accessories,2909.69,2674.99,Changed mind,12,6,1,0.17,0.488,0.155,approved,0
RET000915,MERCH005,Footwear,229.23,216.5,Better price found,14,5,0,0.0,0.752,0.023,rejected,0
RET000916,MERCH008,Electronics,292.73,214.21,Damaged/Defective,6,4,0,0.0,0.997,0.054,approved,0
RET000917,MERCH023,Toys,2676.1,2328.35,Wrong item shipped,23,4,0,0.0,1.0,0.004,approved,0
RET000918,MERCH025,Beauty,615.76,446.61,Wrong item shipped,29,6,0,0.0,0.825,0.063,approved,0
RET000919,MERCH021,Footwear,1026.61,1023.98,Wrong size,1,5,1,0.2,0.934,0.167,approved,0
RET000920,MERCH005,Beauty,814.23,736.92,Wrong size,11,4,1,0.25,0.87,0.0,rejected,0
RET000921,MERCH014,Sports,1033.74,986.44,Changed mind,9,8,0,0.0,0.545,0.023,rejected,0
RET000922,MERCH006,Beauty,1049.61,820.69,Late delivery,6,4,1,0.25,0.817,0.146,rejected,0
RET000923,MERCH006,Footwear,1573.24,1149.44,Not as described,18,7,1,0.14,0.855,0.0,approved,0
RET000924,MERCH030,Books,125.15,119.07,Damaged/Defective,3,5,0,0.0,0.73,0.069,rejected,0
RET000925,MERCH021,Sports,228.77,224.4,Better price found,4,8,3,0.38,0.762,0.064,approved,0
RET000926,MERCH040,Electronics,1002.01,965.24,Changed mind,3,3,0,0.0,0.808,0.079,rejected,0
RET000927,MERCH025,Sports,883.11,713.58,Wrong size,11,5,1,0.2,0.68,0.047,flagged_for_review,1
RET000928,MERCH014,Electronics,1804.78,1441.39,Wrong size,5,4,0,0.0,0.869,0.077,approved,0
RET000929,MERCH033,Electronics,409.58,353.15,Damaged/Defective,12,3,1,0.33,1.0,0.121,approved,0
RET000930,MERCH009,Footwear,592.7,591.96,Late delivery,12,6,1,0.17,0.938,0.044,approved,0
RET000931,MERCH017,Accessories,235.23,227.0,Wrong size,16,6,0,0.0,1.0,0.015,approved,0
RET000932,MERCH014,Accessories,458.8,357.91,Changed mind,8,4,0,0.0,0.542,0.022,approved,0
RET000933,MERCH012,Accessories,893.26,780.25,Wrong item shipped,8,7,3,0.43,0.931,0.168,flagged_for_review,1
RET000934,MERCH026,Electronics,463.26,439.53,Wrong size,1,5,0,0.0,0.816,0.055,approved,0
RET000935,MERCH036,Sports,661.65,576.91,Late delivery,1,4,2,0.5,0.979,0.068,approved,0
RET000936,MERCH009,Sports,455.93,438.87,Not as described,12,8,1,0.12,0.841,0.033,approved,0
RET000937,MERCH038,Footwear,208.62,149.08,Damaged/Defective,46,5,1,0.2,0.811,0.187,approved,0
RET000938,MERCH039,Apparel,439.7,401.99,Not as described,3,7,1,0.14,0.618,0.005,rejected,1
RET000939,MERCH001,Electronics,169.88,162.63,Better price found,1,6,2,0.33,0.431,0.0,rejected,0
RET000940,MERCH033,Beauty,1020.36,960.73,Wrong item shipped,8,4,1,0.25,1.0,0.0,approved,0
RET000941,MERCH005,Apparel,164.88,150.23,Wrong size,10,6,1,0.17,0.708,0.07,approved,0
RET000942,MERCH037,Accessories,1664.78,1493.53,Changed mind,22,4,0,0.0,0.68,0.079,rejected,1
RET000943,MERCH021,Apparel,389.12,324.97,Wrong size,10,4,1,0.25,0.968,0.051,approved,0
RET000944,MERCH017,Apparel,1234.09,1147.35,Better price found,14,8,3,0.38,0.449,0.0,rejected,0
RET000945,MERCH007,Accessories,1301.65,1156.3,Wrong item shipped,17,9,0,0.0,0.923,0.074,approved,0
RET000946,MERCH022,Books,450.65,434.95,Quality issue,20,3,0,0.0,1.0,0.016,approved,0
RET000947,MERCH013,Beauty,554.32,519.68,Quality issue,39,6,0,0.0,0.83,0.011,approved,0
RET000948,MERCH002,Beauty,1142.26,810.38,Better price found,5,5,4,0.8,0.476,0.388,rejected,0
RET000949,MERCH009,Apparel,89.15,68.54,Changed mind,10,4,0,0.0,0.642,0.008,rejected,0
RET000950,MERCH018,Accessories,324.49,254.99,Better price found,1,8,0,0.0,0.825,0.0,approved,0
RET000951,MERCH037,Books,798.27,762.12,Not as described,25,5,0,0.0,0.773,0.105,flagged_for_review,1
RET000952,MERCH014,Beauty,907.8,801.82,Wrong item shipped,6,9,0,0.0,1.0,0.0,approved,0
RET000953,MERCH022,Accessories,256.82,247.65,Wrong item shipped,8,7,2,0.29,0.982,0.005,approved,0
RET000954,MERCH034,Beauty,302.71,302.12,Not as described,6,5,1,0.2,0.933,0.131,flagged_for_review,1
RET000955,MERCH038,Books,493.43,374.29,Wrong size,3,5,1,0.2,0.858,0.12,approved,0
RET000956,MERCH020,Beauty,406.57,377.99,Quality issue,6,5,1,0.2,0.926,0.127,approved,0
RET000957,MERCH006,Footwear,432.23,304.73,Quality issue,15,2,0,0.0,1.0,0.1,approved,0
RET000958,MERCH035,Accessories,968.95,691.52,Late delivery,2,3,0,0.0,0.521,0.0,approved,0
RET000959,MERCH003,Apparel,3832.79,3774.58,Wrong item shipped,17,4,1,0.25,1.0,0.0,approved,0
RET000960,MERCH032,Beauty,595.0,554.5,Better price found,5,8,1,0.12,0.612,0.0,rejected,0
RET000961,MERCH003,Home & Kitchen,1156.13,940.27,Late delivery,1,4,1,0.25,0.831,0.106,approved,0
RET000962,MERCH038,Toys,1549.77,1124.73,Damaged/Defective,5,4,1,0.25,0.934,0.013,approved,0
RET000963,MERCH004,Beauty,2053.16,1780.89,Late delivery,13,8,2,0.25,0.592,0.075,approved,0
RET000964,MERCH008,Electronics,604.53,424.2,Not as described,23,2,1,0.5,0.913,0.045,approved,0
RET000965,MERCH017,Footwear,810.2,653.54,Better price found,8,3,1,0.33,0.845,0.147,flagged_for_review,1
RET000966,MERCH016,Beauty,1763.25,1696.13,Late delivery,12,5,1,0.2,0.513,0.091,approved,0
RET000967,MERCH012,Accessories,2324.1,1933.99,Wrong size,8,4,1,0.25,0.626,0.0,rejected,0
RET000968,MERCH006,Apparel,179.41,162.62,Changed mind,8,3,0,0.0,0.7,0.012,approved,0
RET000969,MERCH029,Footwear,1231.63,1016.61,Quality issue,16,6,1,0.17,0.926,0.073,approved,0
RET000970,MERCH001,Accessories,1929.15,1927.01,Better price found,28,6,0,0.0,0.588,0.076,rejected,0
RET000971,MERCH010,Electronics,784.34,702.49,Changed mind,7,4,0,0.0,0.609,0.022,approved,0
RET000972,MERCH028,Toys,245.36,206.56,Changed mind,12,4,1,0.25,0.554,0.12,rejected,0
RET000973,MERCH018,Home & Kitchen,2764.64,2683.47,Wrong size,26,2,0,0.0,0.912,0.064,approved,0
RET000974,MERCH004,Accessories,424.0,298.48,Wrong size,34,7,2,0.29,0.379,0.006,approved,0
RET000975,MERCH027,Home & Kitchen,1222.89,1214.34,Changed mind,3,10,0,0.0,0.797,0.04,approved,0
RET000976,MERCH012,Electronics,726.81,696.59,Wrong item shipped,4,7,0,0.0,0.956,0.002,approved,0
RET000977,MERCH030,Books,866.43,816.19,Changed mind,3,5,0,0.0,0.439,0.009,approved,0
RET000978,MERCH037,Beauty,2908.65,2063.6,Late delivery,7,9,2,0.22,0.895,0.005,approved,0
RET000979,MERCH040,Apparel,173.65,124.45,Better price found,1,5,1,0.2,0.733,0.066,rejected,0
RET000980,MERCH011,Accessories,250.22,213.98,Quality issue,17,8,3,0.38,1.0,0.049,approved,0
RET000981,MERCH034,Books,318.06,224.6,Better price found,1,7,1,0.14,0.711,0.101,approved,0
RET000982,MERCH016,Toys,777.09,723.33,Changed mind,3,5,1,0.2,0.453,0.133,rejected,0
RET000983,MERCH027,Books,554.47,511.85,Changed mind,10,2,0,0.0,0.596,0.078,approved,0
RET000984,MERCH034,Apparel,464.81,334.49,Changed mind,1,6,2,0.33,0.68,0.086,approved,0
RET000985,MERCH033,Apparel,357.13,335.18,Damaged/Defective,7,4,0,0.0,1.0,0.105,approved,0
RET000986,MERCH027,Electronics,177.8,175.18,Damaged/Defective,3,4,2,0.5,1.0,0.13,approved,0
RET000987,MERCH003,Home & Kitchen,596.39,438.62,Changed mind,10,5,0,0.0,0.705,0.09,approved,0
RET000988,MERCH030,Toys,1212.3,1173.49,Changed mind,38,2,0,0.0,0.048,0.084,rejected,0
RET000989,MERCH038,Accessories,423.42,400.48,Quality issue,6,3,0,0.0,1.0,0.023,approved,0
RET000990,MERCH035,Sports,4833.41,3525.69,Wrong size,2,6,2,0.33,0.454,0.051,rejected,0
RET000991,MERCH034,Accessories,403.03,334.81,Wrong item shipped,3,2,0,0.0,1.0,0.085,approved,0
RET000992,MERCH018,Footwear,861.0,801.98,Changed mind,4,5,2,0.4,0.857,0.02,approved,0
RET000993,MERCH026,Accessories,302.64,292.82,Better price found,5,5,1,0.2,0.614,0.156,rejected,0
RET000994,MERCH008,Electronics,408.05,306.41,Wrong item shipped,3,5,0,0.0,1.0,0.066,approved,0
RET000995,MERCH040,Home & Kitchen,264.86,234.71,Better price found,1,7,3,0.43,0.631,0.101,approved,0
RET000996,MERCH007,Apparel,232.86,169.42,Better price found,2,5,0,0.0,0.468,0.075,rejected,0
RET000997,MERCH028,Home & Kitchen,584.1,555.27,Changed mind,18,7,1,0.14,0.64,0.0,approved,0
RET000998,MERCH011,Accessories,1154.3,917.09,Changed mind,2,3,0,0.0,0.712,0.048,approved,0
RET000999,MERCH001,Home & Kitchen,336.19,326.07,Wrong size,3,5,1,0.2,0.562,0.075,approved,0
RET001000,MERCH029,Home & Kitchen,874.12,804.82,Wrong size,24,3,0,0.0,0.686,0.119,approved,0
RET001001,MERCH037,Toys,624.83,588.85,Late delivery,24,5,2,0.4,0.746,0.098,approved,0
RET001002,MERCH028,Electronics,925.43,724.32,Changed mind,18,5,0,0.0,0.758,0.128,approved,0
RET001003,MERCH002,Books,786.66,744.86,Not as described,5,5,0,0.0,0.697,0.06,approved,0
RET001004,MERCH029,Apparel,1733.42,1586.48,Changed mind,12,5,1,0.2,0.437,0.07,approved,0
RET001005,MERCH024,Footwear,598.77,577.29,Wrong size,3,4,1,0.25,1.0,0.0,approved,0
RET001006,MERCH020,Beauty,1847.76,1466.9,Damaged/Defective,23,7,2,0.29,0.905,0.062,approved,0
RET001007,MERCH011,Apparel,416.43,334.74,Changed mind,16,6,2,0.33,0.567,0.096,rejected,0
RET001008,MERCH009,Apparel,426.98,413.22,Changed mind,7,5,0,0.0,0.804,0.0,approved,0
RET001009,MERCH003,Electronics,87.42,70.43,Better price found,4,5,0,0.0,0.705,0.043,rejected,0
RET001010,MERCH028,Apparel,388.71,388.27,Not as described,49,5,0,0.0,0.436,0.273,rejected,0
RET001011,MERCH028,Apparel,302.66,232.73,Changed mind,24,4,0,0.0,0.617,0.087,rejected,0
RET001012,MERCH015,Footwear,1079.6,786.69,Changed mind,17,5,1,0.2,0.632,0.051,approved,0
RET001013,MERCH016,Footwear,1143.58,922.17,Better price found,14,10,0,0.0,0.518,0.072,approved,0
RET001014,MERCH018,Sports,1978.55,1696.67,Not as described,5,2,0,0.0,1.0,0.051,approved,0
RET001015,MERCH018,Home & Kitchen,285.4,239.3,Quality issue,1,2,0,0.0,1.0,0.05,approved,0
RET001016,MERCH023,Home & Kitchen,403.78,282.99,Wrong size,11,4,0,0.0,0.862,0.068,approved,0
RET001017,MERCH025,Apparel,333.11,275.56,Wrong item shipped,1,4,0,0.0,0.8,0.066,approved,0
RET001018,MERCH011,Toys,1826.98,1445.96,Quality issue,1,5,1,0.2,1.0,0.023,approved,0
RET001019,MERCH024,Accessories,729.15,675.47,Damaged/Defective,2,6,1,0.17,1.0,0.074,approved,0
RET001020,MERCH032,Footwear,475.42,420.97,Better price found,7,4,1,0.25,0.305,0.08,rejected,0
RET001021,MERCH010,Sports,522.34,394.12,Not as described,7,7,1,0.14,0.598,0.075,approved,0
RET001022,MERCH020,Electronics,577.74,475.4,Wrong item shipped,14,3,0,0.0,0.816,0.045,approved,0
RET001023,MERCH027,Electronics,535.27,516.7,Wrong size,4,3,1,0.33,0.667,0.078,rejected,0
RET001024,MERCH010,Books,1671.58,1659.57,Not as described,4,2,1,0.5,0.603,0.0,approved,0
RET001025,MERCH029,Home & Kitchen,93.88,84.66,Wrong size,31,2,1,0.5,0.465,0.093,rejected,0
RET001026,MERCH021,Accessories,592.05,444.73,Quality issue,13,7,1,0.14,1.0,0.108,flagged_for_review,1
RET001027,MERCH026,Apparel,486.43,392.38,Damaged/Defective,13,4,0,0.0,1.0,0.13,approved,0
RET001028,MERCH032,Home & Kitchen,583.57,476.16,Changed mind,18,2,1,0.5,0.595,0.119,rejected,1
RET001029,MERCH037,Toys,1384.09,998.55,Wrong size,2,4,1,0.25,0.639,0.0,approved,0
RET001030,MERCH014,Sports,354.85,324.27,Changed mind,14,6,1,0.17,0.568,0.123,rejected,0
RET001031,MERCH011,Beauty,300.52,284.78,Quality issue,4,2,0,0.0,1.0,0.0,approved,0
RET001032,MERCH040,Electronics,862.87,610.63,Better price found,16,7,1,0.14,0.69,0.015,rejected,0
RET001033,MERCH003,Beauty,811.33,746.67,Quality issue,15,7,0,0.0,1.0,0.115,approved,0
RET001034,MERCH001,Sports,579.78,545.93,Quality issue,8,6,3,0.5,0.809,0.069,rejected,0
RET001035,MERCH037,Accessories,1231.92,1008.35,Wrong size,3,5,2,0.4,0.77,0.0,rejected,0
RET001036,MERCH039,Books,513.28,486.21,Wrong size,8,6,0,0.0,0.607,0.037,approved,0
RET001037,MERCH006,Books,218.84,185.41,Wrong size,2,6,1,0.17,0.843,0.101,approved,0
RET001038,MERCH028,Accessories,977.5,701.6,Changed mind,15,5,1,0.2,0.521,0.012,rejected,0
RET001039,MERCH004,Books,320.01,285.03,Wrong item shipped,25,4,0,0.0,0.968,0.104,approved,0
RET001040,MERCH029,Beauty,236.31,181.98,Not as described,8,2,0,0.0,0.597,0.006,rejected,0
RET001041,MERCH028,Accessories,581.49,532.52,Changed mind,8,4,1,0.25,0.495,0.133,rejected,0
RET001042,MERCH017,Accessories,378.18,298.49,Changed mind,2,8,4,0.5,0.698,0.072,approved,0
RET001043,MERCH028,Home & Kitchen,423.88,304.92,Wrong size,8,4,1,0.25,0.738,0.0,approved,0
RET001044,MERCH012,Toys,3609.15,2772.32,Damaged/Defective,16,2,1,0.5,0.855,0.074,approved,0
RET001045,MERCH029,Beauty,228.18,195.76,Damaged/Defective,11,2,0,0.0,1.0,0.0,approved,0
RET001046,MERCH013,Sports,219.91,206.82,Not as described,57,7,0,0.0,0.7,0.241,approved,0
RET001047,MERCH001,Electronics,1377.9,1076.48,Quality issue,8,8,4,0.5,1.0,0.089,approved,0
RET001048,MERCH019,Toys,646.12,489.41,Better price found,14,5,1,0.2,0.477,0.069,approved,0
RET001049,MERCH009,Footwear,300.39,216.95,Changed mind,6,3,0,0.0,0.698,0.15,approved,0
RET001050,MERCH038,Footwear,766.74,603.36,Changed mind,1,4,2,0.5,0.758,0.072,approved,0
RET001051,MERCH014,Sports,1782.8,1443.73,Wrong item shipped,7,4,1,0.25,0.992,0.073,approved,0
RET001052,MERCH017,Sports,256.95,256.7,Wrong size,11,5,0,0.0,0.784,0.045,rejected,0
RET001053,MERCH029,Beauty,424.13,339.89,Damaged/Defective,1,5,0,0.0,1.0,0.091,approved,0
RET001054,MERCH031,Sports,944.9,717.92,Wrong item shipped,6,3,0,0.0,0.895,0.087,approved,0
RET001055,MERCH026,Home & Kitchen,176.67,133.26,Late delivery,35,4,0,0.0,0.296,0.041,rejected,0
RET001056,MERCH039,Books,1511.89,1473.42,Wrong size,9,9,0,0.0,0.631,0.004,approved,0
RET001057,MERCH018,Apparel,150.59,140.69,Changed mind,1,5,0,0.0,0.714,0.071,approved,0
RET001058,MERCH029,Accessories,241.2,214.81,Damaged/Defective,23,1,0,0.0,0.964,0.051,approved,0
RET001059,MERCH032,Accessories,701.69,611.45,Not as described,10,6,3,0.5,0.652,0.075,approved,0
RET001060,MERCH040,Books,2803.57,2044.12,Wrong size,14,8,0,0.0,0.907,0.083,approved,0
RET001061,MERCH002,Books,2021.06,1457.61,Wrong size,6,3,0,0.0,0.883,0.105,approved,0
RET001062,MERCH036,Sports,562.19,505.65,Wrong size,11,6,1,0.17,0.943,0.06,approved,0
RET001063,MERCH026,Toys,946.56,750.39,Wrong size,9,6,1,0.17,0.807,0.044,approved,0
RET001064,MERCH031,Beauty,2173.28,1786.07,Wrong size,21,6,1,0.17,0.471,0.062,rejected,0
RET001065,MERCH016,Toys,261.02,260.81,Late delivery,9,7,1,0.14,0.57,0.017,approved,0
RET001066,MERCH009,Apparel,2934.13,2873.99,Wrong size,6,6,0,0.0,0.811,0.095,flagged_for_review,1
RET001067,MERCH016,Accessories,457.36,457.2,Wrong size,4,2,0,0.0,0.54,0.0,rejected,0
RET001068,MERCH017,Toys,541.16,411.31,Changed mind,12,5,0,0.0,0.707,0.025,approved,0
RET001069,MERCH011,Accessories,797.59,753.77,Late delivery,8,3,0,0.0,0.663,0.138,flagged_for_review,1
RET001070,MERCH004,Footwear,114.2,102.25,Changed mind,4,6,0,0.0,0.602,0.0,approved,0
RET001071,MERCH038,Home & Kitchen,188.95,149.24,Better price found,13,5,1,0.2,0.666,0.065,rejected,0
RET001072,MERCH020,Footwear,704.61,701.8,Wrong item shipped,11,6,0,0.0,0.892,0.051,approved,0
RET001073,MERCH017,Books,177.7,148.93,Late delivery,3,6,2,0.33,0.773,0.067,approved,0
RET001074,MERCH002,Apparel,126.62,96.43,Changed mind,10,7,0,0.0,0.675,0.072,approved,0
RET001075,MERCH031,Toys,1923.83,1505.89,Wrong item shipped,19,8,2,0.25,0.96,0.084,approved,0
RET001076,MERCH035,Apparel,148.67,147.95,Quality issue,12,4,1,0.25,0.742,0.052,approved,0
RET001077,MERCH020,Books,2394.6,1799.86,Quality issue,6,5,0,0.0,0.954,0.07,approved,0
RET001078,MERCH038,Home & Kitchen,157.01,137.45,Better price found,6,7,1,0.14,0.693,0.0,approved,0
RET001079,MERCH003,Electronics,1533.6,1487.11,Not as described,1,4,0,0.0,0.973,0.0,rejected,0
RET001080,MERCH016,Sports,317.5,243.14,Damaged/Defective,19,7,0,0.0,0.856,0.061,approved,0
RET001081,MERCH001,Beauty,254.61,230.06,Wrong size,9,4,1,0.25,0.623,0.068,rejected,0
RET001082,MERCH018,Home & Kitchen,167.36,119.16,Wrong size,1,3,1,0.33,0.8,0.008,approved,0
RET001083,MERCH007,Books,186.5,146.91,Damaged/Defective,17,4,0,0.0,1.0,0.001,approved,0
RET001084,MERCH030,Apparel,129.29,127.75,Wrong size,2,2,1,0.5,0.7,0.129,approved,0
RET001085,MERCH040,Beauty,632.16,560.58,Better price found,5,6,1,0.17,0.67,0.187,flagged_for_review,1
RET001086,MERCH029,Electronics,707.83,614.22,Wrong size,1,6,0,0.0,0.912,0.032,approved,0
RET001087,MERCH025,Toys,422.51,333.12,Changed mind,5,6,0,0.0,0.426,0.01,rejected,0
RET001088,MERCH012,Home & Kitchen,1733.35,1597.84,Damaged/Defective,12,6,0,0.0,0.924,0.0,approved,0
RET001089,MERCH002,Books,293.81,237.04,Changed mind,15,8,2,0.25,0.675,0.0,approved,0
RET001090,MERCH024,Apparel,1278.24,1039.82,Wrong size,6,2,0,0.0,0.785,0.0,approved,0
RET001091,MERCH020,Accessories,294.19,246.59,Damaged/Defective,7,3,0,0.0,0.878,0.151,approved,0
RET001092,MERCH006,Accessories,987.74,819.36,Changed mind,5,5,1,0.2,0.765,0.06,approved,0
RET001093,MERCH038,Toys,364.32,334.33,Quality issue,13,5,0,0.0,1.0,0.015,approved,0
RET001094,MERCH023,Footwear,391.45,332.65,Changed mind,18,7,0,0.0,0.524,0.049,rejected,0
RET001095,MERCH038,Beauty,560.04,505.46,Wrong size,6,3,0,0.0,0.913,0.027,approved,0
RET001096,MERCH020,Accessories,1121.08,866.46,Changed mind,1,8,1,0.12,0.587,0.09,approved,0
RET001097,MERCH034,Toys,2548.37,2287.67,Wrong size,19,9,3,0.33,0.925,0.028,flagged_for_review,1
RET001098,MERCH014,Footwear,576.28,516.02,Wrong item shipped,1,5,1,0.2,0.961,0.012,approved,0
RET001099,MERCH018,Home & Kitchen,536.58,506.67,Changed mind,3,3,0,0.0,0.754,0.083,rejected,1
RET001100,MERCH003,Accessories,165.04,153.35,Better price found,9,3,1,0.33,0.58,0.127,approved,0
RET001101,MERCH012,Beauty,567.82,558.47,Not as described,1,5,1,0.2,0.697,0.138,approved,0
RET001102,MERCH036,Electronics,527.82,410.83,Not as described,5,5,0,0.0,1.0,0.154,approved,0
RET001103,MERCH016,Books,1540.49,1139.99,Quality issue,7,1,0,0.0,0.708,0.12,approved,0
RET001104,MERCH040,Sports,305.71,248.2,Damaged/Defective,6,6,0,0.0,1.0,0.024,approved,0
RET001105,MERCH016,Toys,628.74,469.03,Wrong item shipped,3,4,1,0.25,0.755,0.08,rejected,0
RET001106,MERCH026,Electronics,194.41,193.11,Late delivery,14,6,2,0.33,0.723,0.068,rejected,0
RET001107,MERCH033,Apparel,1008.46,758.34,Wrong size,10,8,0,0.0,0.763,0.037,approved,0
RET001108,MERCH017,Electronics,1049.1,970.08,Quality issue,3,6,1,0.17,1.0,0.082,approved,0
RET001109,MERCH015,Toys,376.2,340.56,Changed mind,5,2,1,0.5,0.714,0.082,approved,0
RET001110,MERCH004,Apparel,586.35,444.12,Wrong size,6,5,0,0.0,0.83,0.096,flagged_for_review,1
RET001111,MERCH031,Toys,107.4,95.18,Damaged/Defective,12,2,1,0.5,1.0,0.038,approved,0
RET001112,MERCH021,Books,357.74,308.56,Wrong item shipped,1,5,1,0.2,0.995,0.047,flagged_for_review,1
RET001113,MERCH011,Toys,433.63,353.66,Quality issue,5,1,0,0.0,1.0,0.018,approved,0
RET001114,MERCH010,Apparel,830.61,693.28,Better price found,55,6,0,0.0,0.31,0.153,approved,0
RET001115,MERCH032,Home & Kitchen,505.23,436.69,Wrong size,6,4,1,0.25,0.384,0.005,rejected,0
RET001116,MERCH022,Beauty,868.95,786.03,Damaged/Defective,9,4,1,0.25,1.0,0.061,approved,0
RET001117,MERCH024,Sports,238.33,237.48,Changed mind,14,4,0,0.0,0.881,0.107,flagged_for_review,1
RET001118,MERCH022,Books,893.1,636.67,Changed mind,2,7,3,0.43,0.71,0.055,approved,0
RET001119,MERCH007,Sports,2185.55,1704.91,Wrong size,16,5,2,0.4,0.838,0.006,approved,0
RET001120,MERCH034,Sports,1788.42,1316.83,Better price found,8,4,3,0.75,0.603,0.372,approved,0
RET001121,MERCH007,Accessories,963.03,690.68,Better price found,9,4,1,0.25,0.57,0.141,rejected,0
RET001122,MERCH009,Home & Kitchen,1102.19,1017.49,Changed mind,15,4,1,0.25,0.785,0.027,approved,0
RET001123,MERCH030,Sports,743.27,634.97,Wrong size,1,3,1,0.33,0.5,0.06,approved,0
RET001124,MERCH002,Books,823.08,628.23,Wrong size,20,8,3,0.38,0.69,0.117,approved,0
RET001125,MERCH038,Electronics,505.52,390.33,Damaged/Defective,11,5,2,0.4,1.0,0.047,approved,0
RET001126,MERCH027,Toys,217.81,186.34,Damaged/Defective,1,2,0,0.0,0.898,0.062,approved,0
RET001127,MERCH031,Home & Kitchen,984.18,929.1,Wrong size,2,7,1,0.14,0.771,0.004,approved,0
RET001128,MERCH011,Apparel,1136.48,796.78,Not as described,24,4,0,0.0,0.889,0.02,approved,0
RET001129,MERCH038,Beauty,342.86,340.34,Wrong size,2,1,1,1.0,0.731,0.443,flagged_for_review,1
RET001130,MERCH006,Footwear,908.41,638.7,Not as described,3,5,0,0.0,0.906,0.106,approved,0
RET001131,MERCH035,Sports,417.82,408.75,Changed mind,18,5,2,0.4,0.439,0.047,approved,0
RET001132,MERCH039,Electronics,172.39,134.74,Wrong item shipped,9,4,0,0.0,0.865,0.121,approved,0
RET001133,MERCH023,Electronics,654.15,580.63,Better price found,31,4,1,0.25,0.322,0.078,approved,0
RET001134,MERCH018,Apparel,880.09,757.2,Wrong size,6,6,2,0.33,1.0,0.12,flagged_for_review,1
RET001135,MERCH022,Toys,551.24,485.51,Wrong size,5,6,1,0.17,0.787,0.143,rejected,0
RET001136,MERCH039,Sports,366.28,272.91,Damaged/Defective,8,4,2,0.5,0.905,0.083,flagged_for_review,1
RET001137,MERCH009,Accessories,1717.99,1615.9,Late delivery,1,5,0,0.0,0.724,0.0,approved,0
RET001138,MERCH038,Toys,733.36,567.14,Wrong item shipped,29,5,1,0.2,1.0,0.1,flagged_for_review,1
RET001139,MERCH017,Sports,528.1,461.7,Quality issue,13,3,0,0.0,1.0,0.0,approved,0
RET001140,MERCH015,Beauty,1159.16,894.71,Wrong size,68,6,1,0.17,0.711,0.192,approved,0
RET001141,MERCH028,Electronics,2710.16,2367.17,Changed mind,60,4,2,0.5,0.301,0.173,rejected,1
RET001142,MERCH025,Beauty,458.71,361.76,Better price found,6,9,0,0.0,0.4,0.0,rejected,0
RET001143,MERCH011,Footwear,1410.6,1317.04,Changed mind,23,3,1,0.33,0.593,0.106,approved,0
RET001144,MERCH028,Sports,1371.71,1226.17,Wrong size,19,4,1,0.25,0.714,0.018,approved,0
RET001145,MERCH029,Home & Kitchen,488.19,414.85,Not as described,1,8,2,0.25,0.705,0.127,approved,0
RET001146,MERCH007,Toys,515.36,478.91,Wrong item shipped,3,4,1,0.25,0.995,0.021,approved,0
RET001147,MERCH006,Apparel,4372.24,3585.5,Changed mind,3,2,1,0.5,0.758,0.06,approved,0
RET001148,MERCH028,Books,2201.42,1786.33,Late delivery,10,3,1,0.33,0.862,0.096,approved,0
RET001149,MERCH031,Accessories,576.67,510.37,Damaged/Defective,25,5,0,0.0,0.687,0.026,rejected,0
RET001150,MERCH005,Apparel,92.6,80.29,Wrong item shipped,14,3,2,0.67,0.876,0.378,flagged_for_review,1
RET001151,MERCH013,Apparel,730.1,695.5,Wrong size,2,4,1,0.25,0.777,0.085,approved,0
RET001152,MERCH003,Sports,448.41,423.51,Changed mind,2,10,3,0.3,0.806,0.034,approved,0
RET001153,MERCH003,Books,566.82,427.86,Wrong item shipped,13,5,1,0.2,0.98,0.102,approved,0
RET001154,MERCH034,Accessories,1653.38,1332.65,Changed mind,3,4,0,0.0,0.906,0.037,approved,0
RET001155,MERCH018,Accessories,553.72,505.54,Damaged/Defective,2,8,2,0.25,1.0,0.064,approved,0
RET001156,MERCH019,Books,570.03,566.34,Changed mind,1,9,0,0.0,0.495,0.04,rejected,0
RET001157,MERCH006,Home & Kitchen,288.3,242.91,Better price found,28,7,1,0.14,0.842,0.069,approved,0
RET001158,MERCH005,Home & Kitchen,338.4,337.45,Wrong item shipped,17,3,1,0.33,1.0,0.0,approved,0
RET001159,MERCH023,Toys,374.36,343.31,Damaged/Defective,4,7,1,0.14,1.0,0.01,approved,0
RET001160,MERCH020,Beauty,590.41,456.34,Better price found,2,3,1,0.33,0.531,0.0,approved,0
RET001161,MERCH026,Accessories,919.0,760.12,Changed mind,7,6,0,0.0,0.596,0.054,approved,0
RET001162,MERCH007,Sports,563.23,425.26,Damaged/Defective,2,4,0,0.0,0.995,0.035,approved,0
RET001163,MERCH011,Beauty,1089.82,1033.4,Wrong size,13,5,1,0.2,0.676,0.0,rejected,0
RET001164,MERCH024,Footwear,1311.2,1162.23,Damaged/Defective,8,5,0,0.0,1.0,0.069,approved,0
RET001165,MERCH004,Beauty,234.98,174.97,Damaged/Defective,20,5,1,0.2,0.929,0.106,approved,0
RET001166,MERCH021,Books,354.15,345.66,Damaged/Defective,19,2,0,0.0,0.927,0.123,approved,0
RET001167,MERCH028,Toys,862.92,625.62,Changed mind,4,4,1,0.25,0.586,0.08,rejected,0
RET001168,MERCH003,Toys,524.22,420.31,Better price found,13,3,0,0.0,0.652,0.159,approved,0
RET001169,MERCH022,Home & Kitchen,613.36,517.56,Damaged/Defective,1,6,3,0.5,0.919,0.015,approved,0
RET001170,MERCH006,Apparel,1800.4,1529.63,Better price found,10,4,1,0.25,0.755,0.09,approved,0
RET001171,MERCH006,Toys,910.21,774.19,Changed mind,16,5,2,0.4,0.608,0.084,rejected,0
RET001172,MERCH016,Sports,563.33,463.11,Not as described,3,4,0,0.0,0.545,0.041,approved,0
RET001173,MERCH010,Apparel,436.96,414.48,Wrong size,8,7,1,0.14,0.66,0.031,approved,0
RET001174,MERCH030,Toys,955.12,781.69,Not as described,10,7,2,0.29,0.497,0.049,approved,0
RET001175,MERCH026,Books,2058.66,2046.99,Not as described,11,6,0,0.0,0.688,0.051,rejected,0
RET001176,MERCH026,Toys,1320.08,1176.67,Changed mind,2,5,3,0.6,0.592,0.059,rejected,0
RET001177,MERCH010,Beauty,822.34,788.62,Wrong size,2,3,0,0.0,0.518,0.038,approved,0
RET001178,MERCH012,Sports,481.3,459.28,Better price found,4,6,3,0.5,0.709,0.09,rejected,1
RET001179,MERCH013,Footwear,566.71,412.7,Not as described,8,5,0,0.0,0.816,0.034,approved,0
RET001180,MERCH035,Home & Kitchen,157.04,118.68,Quality issue,1,6,2,0.33,0.748,0.105,approved,0
RET001181,MERCH037,Footwear,1617.34,1596.99,Quality issue,2,6,0,0.0,1.0,0.16,approved,0
RET001182,MERCH025,Toys,1832.45,1769.33,Quality issue,2,6,1,0.17,0.828,0.036,approved,0
RET001183,MERCH003,Beauty,463.81,377.65,Changed mind,6,3,0,0.0,0.79,0.128,rejected,0
RET001184,MERCH017,Toys,359.04,281.23,Changed mind,1,5,1,0.2,0.888,0.055,approved,0
RET001185,MERCH009,Home & Kitchen,338.17,237.51,Quality issue,2,4,0,0.0,1.0,0.018,approved,0
RET001186,MERCH038,Footwear,376.89,295.38,Quality issue,3,7,1,0.14,1.0,0.021,approved,0
RET001187,MERCH019,Sports,1637.15,1631.62,Changed mind,20,3,2,0.67,0.231,0.369,rejected,0
RET001188,MERCH014,Toys,698.32,495.31,Quality issue,4,2,1,0.5,0.9,0.067,approved,0
RET001189,MERCH001,Books,2259.74,1958.35,Not as described,9,5,0,0.0,0.671,0.027,approved,0
RET001190,MERCH039,Books,1117.48,885.9,Wrong size,4,2,0,0.0,0.527,0.08,rejected,1
RET001191,MERCH002,Apparel,164.42,158.94,Better price found,2,5,1,0.2,0.581,0.062,approved,0
RET001192,MERCH008,Books,605.85,554.68,Wrong size,6,4,1,0.25,0.747,0.04,approved,0
RET001193,MERCH036,Electronics,178.58,149.87,Damaged/Defective,1,6,0,0.0,1.0,0.0,approved,0
RET001194,MERCH004,Home & Kitchen,1609.82,1483.49,Damaged/Defective,14,7,1,0.14,1.0,0.008,approved,0
RET001195,MERCH006,Apparel,527.38,420.18,Changed mind,1,4,0,0.0,0.652,0.025,approved,0
RET001196,MERCH017,Footwear,1009.44,853.54,Better price found,1,7,2,0.29,0.829,0.049,approved,0
RET001197,MERCH026,Footwear,155.66,121.67,Wrong item shipped,16,4,1,0.25,0.938,0.098,flagged_for_review,1
RET001198,MERCH007,Sports,714.9,629.07,Changed mind,1,7,1,0.14,0.518,0.127,rejected,0
RET001199,MERCH018,Home & Kitchen,1127.88,1063.04,Damaged/Defective,2,5,1,0.2,1.0,0.139,flagged_for_review,1
RET001200,MERCH007,Home & Kitchen,1142.75,954.05,Changed mind,60,2,0,0.0,0.214,0.125,approved,0
RET001201,MERCH017,Accessories,548.93,446.37,Wrong size,23,3,0,0.0,0.806,0.095,approved,0
RET001202,MERCH033,Electronics,348.71,341.2,Damaged/Defective,11,3,0,0.0,0.944,0.039,approved,0
RET001203,MERCH013,Home & Kitchen,3355.82,2583.2,Better price found,22,6,2,0.33,0.564,0.017,rejected,0
RET001204,MERCH039,Electronics,7303.47,5335.64,Changed mind,26,5,0,0.0,0.464,0.288,approved,0
RET001205,MERCH007,Electronics,415.13,338.48,Late delivery,1,6,1,0.17,0.654,0.092,approved,0
RET001206,MERCH039,Accessories,2013.7,1509.37,Wrong size,23,4,1,0.25,0.695,0.088,approved,0
RET001207,MERCH008,Beauty,738.74,723.27,Wrong size,8,6,0,0.0,0.83,0.013,approved,0
RET001208,MERCH013,Electronics,239.91,222.9,Late delivery,16,8,1,0.12,0.696,0.124,approved,0
RET001209,MERCH001,Beauty,1224.0,912.34,Late delivery,10,3,1,0.33,0.708,0.131,approved,0
RET001210,MERCH023,Sports,1155.47,1055.89,Not as described,2,5,0,0.0,0.832,0.054,approved,0
RET001211,MERCH022,Home & Kitchen,1076.67,1065.91,Changed mind,4,4,2,0.5,0.588,0.04,approved,0
RET001212,MERCH012,Home & Kitchen,1435.18,1396.04,Not as described,1,4,0,0.0,0.698,0.125,approved,0
RET001213,MERCH010,Toys,1068.18,953.25,Wrong item shipped,18,5,0,0.0,0.894,0.092,approved,0
RET001214,MERCH025,Accessories,649.49,534.7,Changed mind,8,3,0,0.0,0.56,0.056,rejected,0
RET001215,MERCH027,Footwear,445.85,403.0,Better price found,13,4,2,0.5,0.745,0.036,approved,0
RET001216,MERCH040,Sports,361.45,257.55,Damaged/Defective,11,2,0,0.0,1.0,0.0,approved,0
RET001217,MERCH011,Electronics,1031.01,834.64,Wrong size,3,5,0,0.0,0.796,0.002,approved,0
RET001218,MERCH035,Accessories,552.87,478.7,Wrong item shipped,17,2,0,0.0,0.802,0.09,rejected,0
RET001219,MERCH009,Electronics,2176.41,1806.4,Not as described,10,4,1,0.25,0.711,0.051,approved,0
RET001220,MERCH028,Books,380.44,286.75,Better price found,2,3,0,0.0,0.646,0.033,approved,0
RET001221,MERCH002,Apparel,358.25,275.62,Not as described,5,5,1,0.2,0.737,0.023,approved,0
RET001222,MERCH031,Beauty,327.45,288.08,Damaged/Defective,5,7,1,0.14,0.858,0.062,approved,0
RET001223,MERCH034,Toys,885.98,681.93,Wrong size,18,4,0,0.0,0.853,0.0,approved,0
RET001224,MERCH024,Books,130.3,107.56,Changed mind,5,5,0,0.0,0.742,0.058,approved,0
RET001225,MERCH018,Footwear,384.23,337.63,Damaged/Defective,2,4,0,0.0,1.0,0.078,approved,0
RET001226,MERCH012,Electronics,614.92,450.81,Wrong item shipped,1,4,0,0.0,0.805,0.093,approved,0
RET001227,MERCH023,Electronics,439.01,427.41,Damaged/Defective,14,3,0,0.0,0.861,0.019,approved,0
RET001228,MERCH037,Electronics,814.33,633.53,Not as described,9,3,1,0.33,0.851,0.024,approved,0
RET001229,MERCH003,Books,277.29,230.08,Wrong item shipped,30,5,0,0.0,1.0,0.0,approved,0
RET001230,MERCH023,Apparel,1040.82,945.75,Wrong size,3,1,1,1.0,0.59,0.356,approved,0
RET001231,MERCH012,Sports,303.98,298.08,Changed mind,25,3,0,0.0,0.556,0.065,approved,0
RET001232,MERCH011,Electronics,611.56,566.97,Better price found,14,6,1,0.17,0.569,0.054,approved,0
RET001233,MERCH004,Footwear,1585.36,1301.35,Wrong size,3,7,2,0.29,0.668,0.0,approved,0
RET001234,MERCH001,Toys,234.36,185.27,Changed mind,4,6,1,0.17,0.523,0.085,rejected,0
RET001235,MERCH026,Accessories,1344.06,1227.86,Quality issue,3,5,0,0.0,1.0,0.073,approved,0
RET001236,MERCH017,Electronics,238.01,205.42,Wrong item shipped,12,2,0,0.0,1.0,0.0,approved,0
RET001237,MERCH038,Toys,319.48,298.77,Not as described,4,4,2,0.5,0.831,0.07,approved,0
RET001238,MERCH014,Accessories,498.45,476.13,Wrong item shipped,13,3,0,0.0,0.953,0.103,approved,0
RET001239,MERCH026,Sports,544.78,440.93,Better price found,5,2,0,0.0,0.678,0.065,approved,0
RET001240,MERCH029,Apparel,165.68,153.29,Wrong size,10,8,2,0.25,0.716,0.058,rejected,0
RET001241,MERCH014,Home & Kitchen,1120.14,1013.35,Not as described,12,7,1,0.14,0.667,0.059,approved,0
RET001242,MERCH020,Beauty,789.2,596.81,Wrong size,3,6,1,0.17,0.613,0.0,approved,0
RET001243,MERCH001,Apparel,1076.77,888.44,Wrong size,12,2,0,0.0,0.753,0.085,approved,0
RET001244,MERCH036,Footwear,968.94,853.49,Wrong size,5,8,4,0.5,1.0,0.024,approved,0
RET001245,MERCH021,Sports,412.49,300.26,Not as described,1,6,0,0.0,0.791,0.118,approved,0
RET001246,MERCH015,Accessories,615.69,448.22,Damaged/Defective,13,2,1,0.5,1.0,0.017,approved,0
RET001247,MERCH002,Sports,1636.78,1435.33,Not as described,1,6,2,0.33,0.723,0.0,approved,0
RET001248,MERCH037,Beauty,498.95,349.28,Wrong size,7,5,1,0.2,0.859,0.108,approved,0
RET001249,MERCH023,Toys,775.8,662.15,Damaged/Defective,15,6,1,0.17,1.0,0.121,approved,0
RET001250,MERCH018,Apparel,2309.52,1857.97,Wrong item shipped,5,7,1,0.14,1.0,0.124,approved,0
RET001251,MERCH036,Electronics,317.32,281.27,Changed mind,2,3,1,0.33,0.864,0.074,approved,0
RET001252,MERCH001,Beauty,374.58,270.22,Not as described,9,5,0,0.0,0.79,0.049,approved,0
RET001253,MERCH014,Apparel,913.11,751.82,Changed mind,7,8,2,0.25,0.51,0.057,rejected,0
RET001254,MERCH040,Toys,304.79,246.23,Late delivery,14,4,1,0.25,0.987,0.087,approved,0
RET001255,MERCH039,Apparel,1165.5,914.66,Damaged/Defective,3,5,2,0.4,0.878,0.074,approved,0
RET001256,MERCH028,Home & Kitchen,2007.63,1492.75,Late delivery,8,5,1,0.2,0.779,0.084,approved,0
RET001257,MERCH031,Accessories,420.21,344.91,Not as described,23,7,2,0.29,0.681,0.048,approved,0
RET001258,MERCH006,Books,930.67,919.4,Wrong size,15,10,1,0.1,0.936,0.0,approved,0
RET001259,MERCH020,Accessories,282.31,206.45,Wrong size,21,6,1,0.17,0.577,0.138,approved,0
RET001260,MERCH026,Books,1694.31,1245.52,Wrong item shipped,10,2,0,0.0,0.937,0.053,approved,0
RET001261,MERCH027,Beauty,378.43,323.5,Changed mind,1,6,0,0.0,0.634,0.088,rejected,0
RET001262,MERCH035,Electronics,3445.98,2647.1,Wrong size,2,2,0,0.0,0.505,0.033,rejected,0
RET001263,MERCH015,Footwear,201.9,193.08,Better price found,8,4,0,0.0,0.893,0.061,approved,0
RET001264,MERCH034,Home & Kitchen,773.17,745.85,Changed mind,8,8,1,0.12,0.89,0.09,approved,0
RET001265,MERCH021,Accessories,625.17,467.47,Damaged/Defective,2,5,0,0.0,1.0,0.075,flagged_for_review,1
RET001266,MERCH009,Apparel,883.19,810.62,Quality issue,9,8,1,0.12,1.0,0.046,approved,0
RET001267,MERCH019,Books,1466.48,1127.08,Wrong size,16,3,2,0.67,0.456,0.412,approved,0
RET001268,MERCH010,Accessories,2429.42,1869.5,Better price found,31,4,1,0.25,0.177,0.011,rejected,0
RET001269,MERCH007,Toys,543.85,535.09,Damaged/Defective,3,4,0,0.0,0.904,0.041,approved,0
RET001270,MERCH028,Footwear,872.3,644.9,Changed mind,9,6,2,0.33,0.666,0.097,approved,0
RET001271,MERCH034,Footwear,183.5,138.28,Damaged/Defective,16,6,0,0.0,1.0,0.082,approved,0
RET001272,MERCH011,Books,916.08,902.97,Late delivery,4,5,3,0.6,0.744,0.092,rejected,1
RET001273,MERCH033,Books,37.79,28.93,Better price found,17,2,0,0.0,0.566,0.048,approved,0
RET001274,MERCH040,Home & Kitchen,227.62,214.74,Changed mind,11,3,0,0.0,0.686,0.04,approved,0
RET001275,MERCH004,Home & Kitchen,191.94,138.54,Wrong size,14,5,0,0.0,0.744,0.014,rejected,0
RET001276,MERCH027,Home & Kitchen,660.29,510.83,Late delivery,9,6,2,0.33,0.878,0.043,approved,0
RET001277,MERCH032,Footwear,845.62,836.66,Better price found,9,4,1,0.25,0.527,0.091,approved,0
RET001278,MERCH005,Sports,5719.78,4352.62,Damaged/Defective,17,6,0,0.0,1.0,0.028,approved,0
RET001279,MERCH033,Apparel,1075.48,1012.44,Quality issue,1,6,2,0.33,0.959,0.094,approved,0
RET001280,MERCH014,Books,348.29,247.41,Changed mind,2,7,1,0.14,0.66,0.029,rejected,0
RET001281,MERCH024,Apparel,590.85,571.68,Changed mind,2,3,1,0.33,0.782,0.0,approved,0
RET001282,MERCH004,Sports,3669.8,3654.23,Wrong size,22,7,0,0.0,0.74,0.029,approved,0
RET001283,MERCH025,Home & Kitchen,715.48,552.59,Changed mind,31,3,3,1.0,0.0,0.429,rejected,0
RET001284,MERCH014,Footwear,44.63,36.91,Changed mind,16,8,0,0.0,0.607,0.12,rejected,0
RET001285,MERCH027,Home & Kitchen,1070.74,827.9,Changed mind,20,6,0,0.0,0.575,0.158,rejected,0
RET001286,MERCH038,Toys,397.08,369.11,Quality issue,5,7,0,0.0,1.0,0.014,approved,0
RET001287,MERCH024,Home & Kitchen,875.22,686.52,Damaged/Defective,1,7,0,0.0,1.0,0.15,approved,0
RET001288,MERCH019,Apparel,484.15,445.14,Changed mind,18,2,0,0.0,0.539,0.0,approved,0
RET001289,MERCH028,Accessories,825.0,617.62,Not as described,18,5,1,0.2,0.689,0.03,approved,0
RET001290,MERCH032,Sports,790.71,619.9,Wrong item shipped,7,2,0,0.0,1.0,0.0,approved,0
RET001291,MERCH022,Electronics,1273.78,1203.5,Changed mind,13,4,1,0.25,0.7,0.057,approved,0
RET001292,MERCH020,Sports,1716.4,1614.72,Quality issue,9,4,1,0.25,0.963,0.0,approved,0
RET001293,MERCH001,Apparel,590.1,582.04,Changed mind,14,5,0,0.0,0.42,0.037,rejected,0
RET001294,MERCH001,Home & Kitchen,978.22,746.46,Better price found,1,5,1,0.2,0.592,0.082,rejected,0
RET001295,MERCH002,Books,104.5,83.45,Damaged/Defective,47,2,0,0.0,0.861,0.198,flagged_for_review,1
RET001296,MERCH020,Apparel,373.64,280.92,Changed mind,10,5,0,0.0,0.518,0.1,rejected,0
RET001297,MERCH004,Apparel,505.58,482.62,Not as described,26,4,0,0.0,0.733,0.101,approved,0
RET001298,MERCH030,Electronics,960.53,708.11,Wrong item shipped,6,5,1,0.2,0.686,0.052,approved,0
RET001299,MERCH035,Sports,1082.46,1026.78,Quality issue,2,5,2,0.4,0.788,0.054,rejected,0
RET001300,MERCH018,Books,2021.93,1720.36,Better price found,18,7,2,0.29,0.783,0.0,approved,0
RET001301,MERCH004,Books,1246.98,947.69,Changed mind,18,5,1,0.2,0.608,0.08,rejected,0
RET001302,MERCH035,Books,2195.13,1793.0,Changed mind,36,4,1,0.25,0.098,0.045,rejected,0
RET001303,MERCH031,Apparel,2069.18,1647.91,Changed mind,1,4,0,0.0,0.54,0.074,rejected,0
RET001304,MERCH039,Toys,891.95,640.4,Better price found,13,5,1,0.2,0.336,0.102,rejected,0
RET001305,MERCH019,Beauty,78.08,73.84,Wrong size,22,3,1,0.33,0.699,0.0,rejected,0
RET001306,MERCH033,Books,2606.25,2307.45,Not as described,2,6,0,0.0,0.88,0.002,rejected,0
RET001307,MERCH002,Beauty,443.95,317.23,Changed mind,4,4,2,0.5,0.518,0.03,rejected,0
RET001308,MERCH019,Toys,245.9,174.43,Quality issue,2,7,1,0.14,0.914,0.0,approved,0
RET001309,MERCH033,Books,394.58,318.89,Late delivery,14,5,1,0.2,0.717,0.057,approved,0
RET001310,MERCH018,Books,907.43,781.04,Not as described,5,3,1,0.33,0.906,0.0,approved,0
RET001311,MERCH002,Apparel,164.23,144.41,Wrong item shipped,22,5,0,0.0,1.0,0.047,flagged_for_review,1
RET001312,MERCH001,Home & Kitchen,1738.01,1535.64,Damaged/Defective,6,4,1,0.25,0.856,0.029,approved,0
RET001313,MERCH028,Home & Kitchen,660.74,515.96,Wrong size,21,5,0,0.0,0.769,0.01,approved,0
RET001314,MERCH032,Beauty,850.18,631.11,Not as described,8,5,2,0.4,0.715,0.068,rejected,0
RET001315,MERCH026,Sports,685.66,484.24,Better price found,1,6,0,0.0,0.57,0.0,approved,0
RET001316,MERCH022,Accessories,2358.83,2100.66,Wrong size,2,6,1,0.17,0.845,0.118,approved,0
RET001317,MERCH001,Electronics,295.42,232.48,Wrong size,1,3,2,0.67,0.559,0.435,rejected,0
RET001318,MERCH040,Footwear,703.59,684.13,Wrong item shipped,25,5,0,0.0,1.0,0.072,approved,0
RET001319,MERCH020,Beauty,695.28,684.38,Quality issue,9,3,0,0.0,1.0,0.117,approved,0
RET001320,MERCH031,Toys,298.82,261.67,Changed mind,1,3,0,0.0,0.405,0.139,approved,0
RET001321,MERCH032,Footwear,136.9,112.24,Wrong size,6,7,2,0.29,0.543,0.068,approved,0
RET001322,MERCH017,Footwear,1627.65,1414.56,Better price found,2,10,2,0.2,0.718,0.043,rejected,0
RET001323,MERCH011,Apparel,2013.67,1821.88,Better price found,3,7,1,0.14,0.716,0.005,approved,0
RET001324,MERCH007,Apparel,261.43,244.69,Late delivery,26,7,2,0.29,0.753,0.001,approved,0
RET001325,MERCH011,Books,565.8,461.64,Quality issue,1,8,2,0.25,1.0,0.0,approved,0
RET001326,MERCH040,Footwear,943.68,889.45,Quality issue,25,2,0,0.0,1.0,0.002,approved,0
RET001327,MERCH036,Electronics,1987.67,1579.61,Damaged/Defective,14,2,0,0.0,1.0,0.148,approved,0
RET001328,MERCH002,Books,1173.33,1065.07,Wrong size,7,4,0,0.0,0.784,0.051,approved,0
RET001329,MERCH013,Books,450.29,330.26,Wrong size,3,5,1,0.2,0.878,0.084,approved,0
RET001330,MERCH024,Beauty,649.72,470.53,Better price found,7,2,0,0.0,0.864,0.063,rejected,0
RET001331,MERCH021,Toys,227.98,200.19,Damaged/Defective,21,4,0,0.0,1.0,0.052,approved,0
RET001332,MERCH034,Beauty,541.89,405.37,Late delivery,13,7,1,0.14,0.982,0.036,approved,0
RET001333,MERCH027,Beauty,680.61,580.04,Changed mind,2,3,0,0.0,0.615,0.147,rejected,0
RET001334,MERCH025,Sports,4877.32,3515.05,Not as described,7,4,0,0.0,0.533,0.0,approved,0
RET001335,MERCH030,Books,906.16,684.61,Wrong size,4,4,2,0.5,0.602,0.049,rejected,0
RET001336,MERCH004,Footwear,608.09,568.16,Wrong item shipped,1,5,2,0.4,1.0,0.094,flagged_for_review,1
RET001337,MERCH035,Beauty,936.03,694.84,Damaged/Defective,9,4,2,0.5,0.923,0.041,approved,0
RET001338,MERCH023,Home & Kitchen,2096.58,1892.8,Late delivery,9,2,0,0.0,0.651,0.089,rejected,0
RET001339,MERCH003,Sports,2566.31,2187.84,Changed mind,14,8,1,0.12,0.671,0.056,rejected,0
RET001340,MERCH037,Books,853.85,823.2,Better price found,6,5,0,0.0,0.698,0.155,rejected,0
RET001341,MERCH027,Footwear,891.29,809.36,Wrong size,15,9,2,0.22,0.917,0.083,flagged_for_review,1
RET001342,MERCH022,Toys,508.7,482.21,Quality issue,12,8,1,0.12,1.0,0.002,approved,0
RET001343,MERCH024,Accessories,1702.72,1377.21,Not as described,6,7,3,0.43,0.855,0.0,approved,0
RET001344,MERCH023,Toys,284.62,227.31,Wrong size,14,2,0,0.0,0.731,0.026,rejected,0
RET001345,MERCH024,Sports,333.97,249.99,Quality issue,20,6,1,0.17,1.0,0.008,approved,0
RET001346,MERCH027,Home & Kitchen,644.63,541.07,Damaged/Defective,9,2,0,0.0,1.0,0.037,approved,0
RET001347,MERCH035,Footwear,1910.71,1909.14,Not as described,4,4,0,0.0,0.548,0.152,approved,0
RET001348,MERCH027,Home & Kitchen,961.07,958.33,Quality issue,14,7,0,0.0,0.938,0.08,flagged_for_review,1
RET001349,MERCH033,Home & Kitchen,669.03,495.04,Wrong item shipped,3,3,1,0.33,1.0,0.0,approved,0
RET001350,MERCH029,Electronics,421.57,420.75,Damaged/Defective,3,9,3,0.33,1.0,0.082,approved,0
RET001351,MERCH035,Electronics,100.17,78.86,Quality issue,5,4,2,0.5,0.778,0.101,approved,0
RET001352,MERCH001,Accessories,926.67,669.81,Wrong item shipped,3,8,2,0.25,0.883,0.019,approved,0
RET001353,MERCH005,Books,445.66,417.17,Quality issue,4,5,0,0.0,0.862,0.044,rejected,0
RET001354,MERCH006,Footwear,2833.66,2559.12,Better price found,11,4,2,0.5,0.835,0.092,rejected,0
RET001355,MERCH019,Beauty,2218.45,1560.13,Wrong item shipped,1,8,1,0.12,0.886,0.101,approved,0
RET001356,MERCH008,Home & Kitchen,226.39,169.53,Not as described,7,6,2,0.33,0.992,0.069,approved,0
RET001357,MERCH039,Accessories,864.87,635.16,Not as described,21,8,1,0.12,0.631,0.038,rejected,0
RET001358,MERCH035,Footwear,510.85,457.12,Changed mind,1,6,2,0.33,0.296,0.058,approved,0
RET001359,MERCH021,Beauty,1928.04,1922.34,Better price found,7,3,3,1.0,0.474,0.453,approved,0
RET001360,MERCH039,Footwear,3280.71,2893.39,Quality issue,1,5,0,0.0,0.838,0.028,approved,0
RET001361,MERCH010,Sports,3093.73,2911.3,Better price found,2,3,1,0.33,0.443,0.0,rejected,0
RET001362,MERCH024,Beauty,840.03,838.09,Better price found,6,5,3,0.6,0.577,0.077,rejected,0
RET001363,MERCH032,Toys,238.21,178.28,Wrong size,2,3,3,1.0,0.389,0.484,rejected,0
RET001364,MERCH037,Accessories,303.43,274.05,Quality issue,2,8,2,0.25,1.0,0.097,approved,0
RET001365,MERCH020,Footwear,173.78,140.63,Changed mind,13,4,0,0.0,0.455,0.018,rejected,0
RET001366,MERCH020,Sports,518.24,398.72,Quality issue,8,6,0,0.0,0.889,0.074,approved,0
RET001367,MERCH039,Toys,297.34,220.65,Damaged/Defective,1,3,0,0.0,0.775,0.037,approved,0
RET001368,MERCH027,Electronics,364.68,309.51,Changed mind,14,7,1,0.14,0.764,0.054,rejected,0
RET001369,MERCH020,Home & Kitchen,130.99,118.19,Damaged/Defective,3,3,1,0.33,1.0,0.094,approved,0
RET001370,MERCH035,Accessories,645.17,470.16,Wrong size,4,3,1,0.33,0.44,0.074,flagged_for_review,1
RET001371,MERCH031,Toys,578.84,466.15,Damaged/Defective,24,3,0,0.0,0.799,0.102,approved,0
RET001372,MERCH005,Accessories,317.88,266.65,Late delivery,7,8,3,0.38,0.93,0.118,approved,0
RET001373,MERCH016,Sports,1084.88,927.78,Better price found,34,3,2,0.67,0.0,0.349,rejected,1
RET001374,MERCH024,Sports,1964.97,1894.14,Wrong size,15,4,1,0.25,1.0,0.011,approved,0
RET001375,MERCH012,Electronics,2252.62,1830.77,Quality issue,3,6,4,0.67,0.615,0.398,rejected,1
RET001376,MERCH010,Accessories,676.2,496.42,Wrong item shipped,3,5,1,0.2,0.889,0.067,approved,0
RET001377,MERCH015,Beauty,405.77,374.13,Wrong item shipped,12,6,2,0.33,1.0,0.055,approved,0
RET001378,MERCH003,Beauty,279.67,251.87,Late delivery,10,6,1,0.17,0.845,0.001,approved,0
RET001379,MERCH014,Electronics,1487.94,1311.84,Better price found,2,5,2,0.4,0.621,0.034,rejected,0
RET001380,MERCH006,Footwear,1059.6,813.14,Wrong size,3,4,1,0.25,0.85,0.0,approved,0
RET001381,MERCH038,Footwear,194.26,178.25,Damaged/Defective,6,1,0,0.0,1.0,0.048,approved,0
RET001382,MERCH004,Books,824.98,664.12,Better price found,1,4,1,0.25,0.554,0.034,rejected,0
RET001383,MERCH038,Footwear,595.26,576.83,Changed mind,19,7,2,0.29,0.766,0.015,approved,0
RET001384,MERCH036,Apparel,438.77,366.36,Wrong item shipped,1,3,0,0.0,1.0,0.091,approved,0
RET001385,MERCH033,Footwear,562.14,395.51,Changed mind,2,8,0,0.0,0.578,0.012,approved,0
RET001386,MERCH035,Toys,1379.18,1012.12,Damaged/Defective,4,7,0,0.0,0.945,0.058,approved,0
RET001387,MERCH002,Sports,502.35,377.48,Late delivery,3,5,0,0.0,0.851,0.036,approved,0
RET001388,MERCH027,Home & Kitchen,483.17,400.93,Better price found,19,4,2,0.5,0.673,0.037,rejected,0
RET001389,MERCH008,Accessories,361.89,311.94,Wrong size,28,8,1,0.12,0.773,0.144,approved,0
RET001390,MERCH015,Accessories,648.69,607.66,Not as described,1,7,1,0.14,0.941,0.056,approved,0
RET001391,MERCH019,Toys,831.18,684.0,Changed mind,6,3,2,0.67,0.376,0.398,flagged_for_review,1
RET001392,MERCH029,Electronics,1694.25,1351.95,Changed mind,6,6,3,0.5,0.606,0.089,approved,0
RET001393,MERCH034,Footwear,564.98,529.65,Better price found,84,6,0,0.0,0.361,0.171,approved,0
RET001394,MERCH020,Beauty,3998.85,3325.61,Wrong size,2,7,0,0.0,0.636,0.103,rejected,0
RET001395,MERCH013,Footwear,390.37,385.93,Better price found,3,3,1,0.33,0.676,0.029,approved,0
RET001396,MERCH008,Footwear,742.81,671.04,Wrong size,1,5,0,0.0,0.873,0.0,rejected,0
RET001397,MERCH019,Books,337.46,328.3,Changed mind,23,6,1,0.17,0.507,0.077,rejected,0
RET001398,MERCH012,Accessories,1092.75,963.78,Wrong size,7,5,3,0.6,0.51,0.048,rejected,0
RET001399,MERCH022,Footwear,376.04,285.89,Better price found,10,8,0,0.0,0.774,0.09,flagged_for_review,1
RET001400,MERCH027,Electronics,305.34,220.57,Late delivery,3,7,1,0.14,0.859,0.075,rejected,0
RET001401,MERCH026,Books,561.49,559.47,Wrong size,13,6,0,0.0,0.72,0.106,rejected,0
RET001402,MERCH016,Apparel,1273.62,947.17,Changed mind,10,3,0,0.0,0.423,0.079,approved,0
RET001403,MERCH040,Footwear,489.25,417.51,Damaged/Defective,1,11,1,0.09,1.0,0.104,approved,0
RET001404,MERCH001,Toys,271.06,255.4,Changed mind,8,5,0,0.0,0.566,0.0,rejected,0
RET001405,MERCH009,Home & Kitchen,626.59,443.37,Damaged/Defective,1,8,0,0.0,1.0,0.025,approved,0
RET001406,MERCH027,Toys,1789.16,1294.04,Quality issue,20,5,1,0.2,0.887,0.094,approved,0
RET001407,MERCH007,Accessories,1158.32,860.7,Late delivery,7,4,1,0.25,0.741,0.052,approved,0
RET001408,MERCH001,Accessories,1252.11,1223.62,Wrong item shipped,11,5,0,0.0,0.799,0.108,approved,0
RET001409,MERCH003,Home & Kitchen,577.0,467.87,Changed mind,29,4,1,0.25,0.605,0.055,approved,0
RET001410,MERCH025,Accessories,910.8,715.53,Damaged/Defective,9,13,2,0.15,0.677,0.018,approved,0
RET001411,MERCH007,Beauty,184.26,146.17,Wrong size,1,2,0,0.0,0.698,0.085,rejected,0
RET001412,MERCH024,Footwear,916.71,677.63,Wrong size,27,3,0,0.0,1.0,0.108,approved,0
RET001413,MERCH022,Electronics,388.57,341.95,Changed mind,25,7,2,0.29,0.622,0.127,approved,0
RET001414,MERCH007,Electronics,2786.28,2340.58,Damaged/Defective,21,3,0,0.0,1.0,0.034,flagged_for_review,1
RET001415,MERCH025,Footwear,1004.18,826.75,Damaged/Defective,1,7,2,0.29,0.759,0.094,rejected,0
RET001416,MERCH012,Electronics,340.96,285.07,Wrong size,31,2,0,0.0,0.432,0.062,approved,0
RET001417,MERCH002,Electronics,950.62,785.19,Quality issue,11,4,0,0.0,1.0,0.0,approved,0
RET001418,MERCH015,Apparel,809.42,754.23,Wrong item shipped,11,4,0,0.0,1.0,0.0,approved,0
RET001419,MERCH024,Books,1207.04,900.38,Damaged/Defective,4,3,1,0.33,1.0,0.114,approved,0
RET001420,MERCH036,Accessories,1229.44,1126.49,Wrong size,1,4,0,0.0,0.988,0.095,approved,0
RET001421,MERCH032,Electronics,866.38,820.49,Wrong size,16,8,0,0.0,0.56,0.086,rejected,0
RET001422,MERCH018,Toys,400.5,331.02,Changed mind,3,5,0,0.0,0.683,0.029,rejected,0
RET001423,MERCH038,Books,220.29,205.16,Better price found,7,5,2,0.4,0.743,0.094,approved,0
RET001424,MERCH008,Electronics,371.14,352.43,Better price found,10,5,0,0.0,0.789,0.016,rejected,0
RET001425,MERCH038,Electronics,464.45,397.69,Better price found,12,7,1,0.14,0.636,0.126,rejected,0
RET001426,MERCH028,Books,668.66,482.99,Changed mind,14,8,1,0.12,0.701,0.124,flagged_for_review,1
RET001427,MERCH023,Footwear,715.4,596.42,Wrong item shipped,11,9,1,0.11,0.951,0.075,rejected,0
RET001428,MERCH020,Books,215.49,186.61,Wrong item shipped,2,5,0,0.0,1.0,0.0,approved,0
RET001429,MERCH034,Electronics,716.52,689.09,Better price found,21,5,1,0.2,0.832,0.039,approved,0
RET001430,MERCH027,Electronics,1200.53,856.79,Wrong size,25,7,1,0.14,1.0,0.067,approved,0
RET001431,MERCH032,Toys,688.73,529.16,Better price found,1,5,0,0.0,0.631,0.059,rejected,0
RET001432,MERCH004,Sports,103.02,78.6,Not as described,4,6,2,0.33,0.694,0.08,approved,0
RET001433,MERCH018,Sports,1562.08,1432.77,Wrong item shipped,2,6,2,0.33,1.0,0.048,approved,0
RET001434,MERCH033,Books,269.2,251.28,Damaged/Defective,1,6,1,0.17,1.0,0.139,approved,0
RET001435,MERCH008,Footwear,781.74,697.25,Not as described,1,4,0,0.0,0.946,0.0,approved,0
RET001436,MERCH002,Home & Kitchen,919.72,649.06,Better price found,50,5,1,0.2,0.409,0.225,approved,0
RET001437,MERCH024,Electronics,449.81,395.84,Wrong size,1,6,1,0.17,0.817,0.012,approved,0
RET001438,MERCH030,Sports,1019.99,893.74,Wrong size,5,4,2,0.5,0.811,0.0,approved,0
RET001439,MERCH040,Accessories,472.73,391.72,Changed mind,4,3,1,0.33,0.615,0.082,flagged_for_review,1
RET001440,MERCH013,Home & Kitchen,219.97,206.26,Damaged/Defective,5,2,0,0.0,1.0,0.0,approved,0
RET001441,MERCH024,Apparel,1449.96,1180.61,Not as described,1,5,0,0.0,1.0,0.094,approved,0
RET001442,MERCH029,Toys,628.88,523.97,Quality issue,6,4,0,0.0,1.0,0.067,approved,0
RET001443,MERCH038,Electronics,1369.61,1222.15,Wrong size,7,4,1,0.25,0.869,0.094,approved,0
RET001444,MERCH036,Beauty,749.73,627.77,Damaged/Defective,3,5,2,0.4,1.0,0.05,approved,0
RET001445,MERCH008,Sports,2125.05,1645.02,Better price found,13,7,0,0.0,0.782,0.145,approved,0
RET001446,MERCH019,Books,1458.04,1200.25,Late delivery,2,6,1,0.17,0.591,0.0,rejected,0
RET001447,MERCH012,Books,267.07,213.49,Changed mind,2,3,1,0.33,0.447,0.075,rejected,0
RET001448,MERCH004,Accessories,1361.92,999.19,Changed mind,13,5,1,0.2,0.63,0.037,approved,0
RET001449,MERCH018,Footwear,288.1,259.86,Wrong item shipped,1,9,1,0.11,1.0,0.081,approved,0
RET001450,MERCH040,Books,544.49,406.18,Late delivery,10,4,1,0.25,0.782,0.123,approved,0
RET001451,MERCH002,Home & Kitchen,360.5,254.0,Late delivery,2,8,0,0.0,0.662,0.074,approved,0
RET001452,MERCH014,Accessories,994.68,788.39,Wrong size,8,8,0,0.0,0.626,0.058,rejected,0
RET001453,MERCH005,Accessories,194.71,147.26,Quality issue,15,3,0,0.0,1.0,0.072,approved,0
RET001454,MERCH010,Electronics,894.28,792.78,Wrong size,1,2,1,0.5,0.567,0.019,rejected,0
RET001455,MERCH032,Apparel,447.72,317.48,Better price found,9,6,1,0.17,0.547,0.0,approved,0
RET001456,MERCH025,Home & Kitchen,355.13,279.25,Not as described,2,4,2,0.5,0.589,0.0,approved,0
RET001457,MERCH012,Accessories,753.1,645.76,Changed mind,18,4,0,0.0,0.455,0.024,approved,0
RET001458,MERCH033,Sports,2392.06,2148.2,Wrong item shipped,3,6,0,0.0,1.0,0.044,approved,0
RET001459,MERCH011,Accessories,738.47,627.58,Late delivery,11,3,0,0.0,0.861,0.035,approved,0
RET001460,MERCH027,Books,561.78,546.06,Wrong size,11,6,0,0.0,0.907,0.137,approved,0
RET001461,MERCH003,Footwear,484.74,388.42,Better price found,10,3,0,0.0,0.647,0.093,approved,0
RET001462,MERCH038,Sports,1084.07,968.25,Not as described,12,6,1,0.17,0.756,0.045,approved,0
RET001463,MERCH015,Accessories,658.19,595.07,Quality issue,8,6,1,0.17,1.0,0.0,approved,0
RET001464,MERCH025,Apparel,215.26,166.26,Late delivery,2,8,2,0.25,0.478,0.069,approved,0
RET001465,MERCH007,Toys,626.29,484.63,Not as described,9,5,1,0.2,0.763,0.048,approved,0
RET001466,MERCH024,Home & Kitchen,1158.52,1104.53,Changed mind,5,5,1,0.2,0.668,0.03,approved,0
RET001467,MERCH038,Electronics,806.36,743.28,Better price found,9,5,0,0.0,0.722,0.055,approved,0
RET001468,MERCH007,Toys,724.32,609.02,Better price found,35,8,0,0.0,0.334,0.01,rejected,0
RET001469,MERCH003,Footwear,652.14,629.74,Better price found,51,8,1,0.12,0.428,0.232,flagged_for_review,1
RET001470,MERCH037,Books,442.2,339.25,Not as described,34,5,0,0.0,0.546,0.049,approved,0
RET001471,MERCH002,Electronics,122.06,108.93,Changed mind,1,7,0,0.0,0.628,0.072,approved,0
RET001472,MERCH039,Toys,2302.28,1896.49,Damaged/Defective,12,7,0,0.0,0.902,0.041,approved,0
RET001473,MERCH032,Electronics,435.51,404.75,Better price found,30,6,0,0.0,0.364,0.048,rejected,0
RET001474,MERCH008,Books,1013.48,1001.68,Wrong item shipped,24,6,0,0.0,1.0,0.0,approved,0
RET001475,MERCH024,Apparel,3056.61,2675.59,Better price found,13,2,1,0.5,0.788,0.059,approved,0
RET001476,MERCH014,Beauty,518.74,515.98,Wrong item shipped,5,5,1,0.2,0.923,0.119,approved,0
RET001477,MERCH009,Toys,896.95,636.52,Not as described,3,8,0,0.0,0.727,0.081,approved,0
RET001478,MERCH039,Sports,659.96,489.14,Changed mind,17,6,2,0.33,0.409,0.061,rejected,0
RET001479,MERCH031,Electronics,883.91,714.18,Damaged/Defective,12,4,1,0.25,0.881,0.058,approved,0
RET001480,MERCH019,Accessories,646.51,532.68,Not as described,3,4,2,0.5,0.679,0.039,approved,0
RET001481,MERCH031,Beauty,1773.69,1491.99,Late delivery,25,2,0,0.0,0.712,0.063,flagged_for_review,1
RET001482,MERCH038,Home & Kitchen,2675.73,2223.86,Wrong size,12,5,1,0.2,0.716,0.003,approved,0
RET001483,MERCH011,Books,413.72,408.37,Better price found,16,6,2,0.33,0.543,0.072,rejected,0
RET001484,MERCH031,Toys,564.17,530.94,Wrong size,8,5,2,0.4,0.602,0.061,rejected,0
RET001485,MERCH016,Home & Kitchen,1028.93,806.77,Changed mind,3,5,1,0.2,0.409,0.058,rejected,0
RET001486,MERCH023,Books,420.77,387.56,Damaged/Defective,12,4,1,0.25,0.961,0.038,approved,0
RET001487,MERCH004,Beauty,2940.49,2871.03,Wrong size,5,3,0,0.0,0.928,0.126,rejected,0
RET001488,MERCH027,Toys,282.79,220.61,Not as described,21,5,2,0.4,0.878,0.002,approved,0
RET001489,MERCH004,Toys,1231.46,1007.65,Wrong size,44,4,0,0.0,0.477,0.059,rejected,0
RET001490,MERCH026,Footwear,156.12,119.16,Damaged/Defective,10,6,0,0.0,1.0,0.025,approved,0
RET001491,MERCH006,Sports,123.12,110.64,Better price found,7,6,0,0.0,0.718,0.131,approved,0
RET001492,MERCH007,Accessories,417.05,292.68,Wrong size,6,3,1,0.33,0.912,0.0,approved,0
RET001493,MERCH030,Footwear,1433.77,1106.47,Late delivery,1,4,0,0.0,0.454,0.12,rejected,0
RET001494,MERCH015,Apparel,591.47,466.05,Changed mind,9,8,1,0.12,0.777,0.103,approved,0
RET001495,MERCH006,Footwear,107.21,92.9,Quality issue,7,3,1,0.33,1.0,0.071,approved,0
RET001496,MERCH015,Apparel,259.6,250.19,Wrong size,2,9,1,0.11,0.916,0.0,approved,0
RET001497,MERCH039,Apparel,351.15,345.37,Better price found,3,4,0,0.0,0.614,0.039,rejected,0
RET001498,MERCH009,Sports,1124.77,901.37,Not as described,24,3,2,0.67,0.542,0.452,flagged_for_review,1
RET001499,MERCH003,Home & Kitchen,1178.8,848.08,Wrong size,17,4,0,0.0,0.827,0.002,approved,0
RET001500,MERCH018,Electronics,611.77,469.25,Wrong size,13,6,0,0.0,0.947,0.088,approved,0
RET001501,MERCH012,Sports,945.79,710.42,Wrong item shipped,3,2,1,0.5,0.981,0.065,approved,0
RET001502,MERCH010,Beauty,621.98,535.21,Wrong size,2,4,0,0.0,0.682,0.028,approved,0
RET001503,MERCH010,Electronics,1213.24,1056.8,Wrong size,2,10,2,0.2,0.506,0.069,rejected,0
RET001504,MERCH015,Sports,999.72,748.03,Damaged/Defective,1,5,1,0.2,1.0,0.065,approved,0
RET001505,MERCH011,Sports,775.13,565.13,Not as described,2,3,1,0.33,0.906,0.054,rejected,0
RET001506,MERCH002,Apparel,569.03,443.82,Changed mind,19,2,1,0.5,0.618,0.112,approved,0
RET001507,MERCH004,Toys,736.77,542.02,Late delivery,1,6,0,0.0,0.793,0.0,rejected,0
RET001508,MERCH040,Footwear,471.58,369.25,Wrong size,5,7,2,0.29,0.86,0.0,approved,0
RET001509,MERCH028,Apparel,360.12,356.27,Wrong size,11,4,0,0.0,0.979,0.103,approved,0
RET001510,MERCH013,Apparel,70.99,70.69,Changed mind,8,7,2,0.29,0.64,0.107,approved,0
RET001511,MERCH009,Apparel,554.83,395.18,Not as described,22,6,3,0.5,0.707,0.142,rejected,0
RET001512,MERCH034,Accessories,1176.02,849.02,Changed mind,6,7,0,0.0,0.761,0.07,approved,0
RET001513,MERCH027,Home & Kitchen,841.84,753.3,Not as described,6,5,0,0.0,0.79,0.029,approved,0
RET001514,MERCH002,Toys,985.28,948.47,Changed mind,4,3,2,0.67,0.497,0.506,approved,0
RET001515,MERCH022,Home & Kitchen,709.29,557.97,Changed mind,13,8,0,0.0,0.594,0.135,rejected,0
RET001516,MERCH031,Footwear,627.52,582.37,Better price found,10,7,2,0.29,0.51,0.057,approved,0
RET001517,MERCH022,Home & Kitchen,724.38,572.34,Changed mind,9,4,1,0.25,0.701,0.06,approved,0
RET001518,MERCH001,Accessories,2975.5,2910.21,Late delivery,1,7,0,0.0,0.731,0.018,approved,0
RET001519,MERCH031,Beauty,1796.4,1296.92,Changed mind,3,4,0,0.0,0.523,0.024,approved,0
RET001520,MERCH003,Accessories,1000.38,946.66,Damaged/Defective,33,5,1,0.2,0.863,0.118,rejected,0
RET001521,MERCH024,Apparel,534.13,380.16,Quality issue,4,3,1,0.33,1.0,0.0,approved,0
RET001522,MERCH013,Beauty,1777.33,1629.85,Better price found,1,11,3,0.27,0.674,0.065,rejected,0
RET001523,MERCH023,Apparel,3573.92,3437.43,Wrong item shipped,16,6,0,0.0,0.947,0.112,approved,0
RET001524,MERCH037,Electronics,785.91,673.9,Late delivery,11,6,1,0.17,0.805,0.04,approved,0
RET001525,MERCH002,Electronics,290.61,234.44,Wrong size,4,4,1,0.25,0.761,0.12,approved,0
RET001526,MERCH024,Beauty,1713.72,1280.41,Quality issue,4,6,1,0.17,1.0,0.001,approved,0
RET001527,MERCH040,Home & Kitchen,433.55,369.06,Not as described,3,2,0,0.0,0.836,0.0,approved,0
RET001528,MERCH009,Apparel,426.21,384.27,Late delivery,12,5,1,0.2,0.869,0.012,approved,0
RET001529,MERCH013,Toys,690.23,682.11,Wrong size,14,2,0,0.0,0.798,0.035,approved,0
RET001530,MERCH016,Electronics,736.03,598.06,Not as described,5,10,0,0.0,0.672,0.09,approved,0
RET001531,MERCH012,Footwear,496.92,452.48,Late delivery,9,4,2,0.5,0.684,0.0,approved,0
RET001532,MERCH038,Books,639.21,451.32,Changed mind,1,5,0,0.0,0.869,0.064,rejected,0
RET001533,MERCH029,Beauty,591.16,523.17,Changed mind,9,7,0,0.0,0.546,0.136,flagged_for_review,1
RET001534,MERCH025,Electronics,243.94,188.87,Wrong item shipped,5,2,0,0.0,0.662,0.006,rejected,0
RET001535,MERCH010,Footwear,267.52,215.65,Wrong item shipped,1,6,0,0.0,0.796,0.079,approved,0
RET001536,MERCH039,Accessories,537.37,503.65,Wrong item shipped,4,5,2,0.4,0.769,0.074,rejected,0
RET001537,MERCH019,Beauty,2419.43,2240.83,Better price found,3,6,0,0.0,0.595,0.059,approved,0
RET001538,MERCH007,Electronics,848.26,709.88,Late delivery,15,5,2,0.4,0.806,0.0,approved,0
RET001539,MERCH009,Electronics,910.57,824.57,Changed mind,5,3,0,0.0,0.769,0.02,rejected,0
RET001540,MERCH019,Footwear,341.42,285.76,Better price found,21,2,0,0.0,0.634,0.0,approved,0
RET001541,MERCH011,Accessories,537.22,533.97,Not as described,1,8,2,0.25,0.771,0.074,rejected,1
RET001542,MERCH036,Books,1021.02,956.07,Wrong item shipped,35,7,0,0.0,0.971,0.087,approved,0
RET001543,MERCH012,Sports,276.64,220.01,Wrong item shipped,3,4,1,0.25,0.894,0.169,flagged_for_review,1
RET001544,MERCH020,Apparel,463.11,440.31,Quality issue,34,3,0,0.0,0.653,0.119,approved,0
RET001545,MERCH006,Electronics,305.01,235.39,Not as described,1,4,1,0.25,0.944,0.037,approved,0
RET001546,MERCH008,Books,895.71,777.85,Damaged/Defective,24,4,0,0.0,1.0,0.114,approved,0
RET001547,MERCH007,Books,174.96,136.52,Better price found,3,5,0,0.0,0.583,0.033,flagged_for_review,1
RET001548,MERCH033,Electronics,730.85,668.93,Changed mind,1,5,1,0.2,0.701,0.062,rejected,0
RET001549,MERCH039,Sports,825.91,641.11,Wrong size,13,4,1,0.25,0.583,0.064,rejected,0
RET001550,MERCH002,Toys,2899.51,2878.08,Changed mind,28,4,1,0.25,0.675,0.0,rejected,0
RET001551,MERCH025,Apparel,1067.47,915.36,Wrong size,18,4,0,0.0,0.637,0.02,approved,0
RET001552,MERCH018,Accessories,1212.12,1185.18,Changed mind,16,5,1,0.2,0.923,0.006,approved,0
RET001553,MERCH022,Beauty,1003.06,792.38,Changed mind,12,4,1,0.25,0.529,0.078,rejected,0
RET001554,MERCH009,Sports,432.24,418.94,Changed mind,1,6,3,0.5,0.714,0.033,approved,0
RET001555,MERCH037,Electronics,1132.38,950.09,Changed mind,8,5,0,0.0,0.757,0.0,rejected,0
RET001556,MERCH006,Footwear,1507.2,1200.61,Not as described,13,8,0,0.0,0.859,0.07,approved,0
RET001557,MERCH033,Accessories,2017.62,1654.49,Changed mind,5,5,0,0.0,0.597,0.042,approved,0
RET001558,MERCH029,Accessories,1355.96,962.12,Wrong size,4,7,0,0.0,0.644,0.086,flagged_for_review,1
RET001559,MERCH009,Beauty,1134.81,847.93,Not as described,20,3,0,0.0,0.806,0.077,approved,0
RET001560,MERCH029,Beauty,683.01,641.51,Wrong size,16,1,0,0.0,0.7,0.0,approved,0
RET001561,MERCH038,Footwear,1703.19,1363.97,Better price found,10,4,0,0.0,0.852,0.021,approved,0
RET001562,MERCH037,Home & Kitchen,185.89,153.62,Wrong size,7,3,1,0.33,0.749,0.041,approved,0
RET001563,MERCH018,Accessories,1456.09,1143.15,Changed mind,2,1,0,0.0,0.832,0.046,approved,0
RET001564,MERCH029,Footwear,232.13,164.43,Damaged/Defective,17,7,0,0.0,1.0,0.053,approved,0
RET001565,MERCH031,Apparel,1466.21,1385.8,Damaged/Defective,24,5,0,0.0,1.0,0.0,approved,0
RET001566,MERCH005,Toys,2025.84,1702.88,Wrong size,12,7,0,0.0,0.797,0.056,approved,0
RET001567,MERCH029,Home & Kitchen,675.95,649.91,Better price found,3,7,1,0.14,0.585,0.11,approved,0
RET001568,MERCH015,Footwear,171.34,160.03,Changed mind,10,9,2,0.22,0.684,0.123,rejected,0
RET001569,MERCH032,Books,396.63,290.27,Wrong size,8,3,0,0.0,0.603,0.062,approved,0
RET001570,MERCH031,Footwear,316.38,280.26,Changed mind,9,4,1,0.25,0.396,0.0,rejected,0
RET001571,MERCH009,Accessories,166.27,146.55,Changed mind,40,5,0,0.0,0.363,0.0,approved,0
RET001572,MERCH017,Sports,434.17,333.33,Better price found,5,8,1,0.12,0.734,0.005,approved,0
RET001573,MERCH014,Footwear,1088.27,860.72,Wrong size,5,6,3,0.5,0.647,0.114,rejected,0
RET001574,MERCH039,Home & Kitchen,336.99,260.7,Changed mind,6,5,1,0.2,0.513,0.053,approved,0
RET001575,MERCH027,Toys,484.22,343.43,Damaged/Defective,6,6,0,0.0,1.0,0.151,flagged_for_review,1
RET001576,MERCH009,Home & Kitchen,234.55,196.44,Changed mind,2,4,0,0.0,0.757,0.045,rejected,0
RET001577,MERCH022,Home & Kitchen,252.44,219.04,Changed mind,37,2,1,0.5,0.495,0.0,approved,0
RET001578,MERCH034,Electronics,255.45,215.85,Not as described,11,5,0,0.0,0.943,0.059,approved,0
RET001579,MERCH024,Apparel,2460.5,2106.22,Changed mind,21,8,1,0.12,0.75,0.032,rejected,0
RET001580,MERCH011,Beauty,1526.0,1075.57,Wrong item shipped,1,3,1,0.33,1.0,0.048,approved,0
RET001581,MERCH003,Apparel,572.87,543.5,Wrong size,1,3,0,0.0,0.881,0.041,rejected,0
RET001582,MERCH023,Electronics,434.06,407.89,Better price found,1,7,1,0.14,0.539,0.157,rejected,0
RET001583,MERCH017,Beauty,310.73,245.82,Wrong size,9,4,1,0.25,0.831,0.068,approved,0
RET001584,MERCH001,Accessories,1515.29,1153.39,Wrong size,17,5,0,0.0,0.665,0.069,approved,0
RET001585,MERCH017,Accessories,772.29,742.7,Quality issue,8,2,1,0.5,1.0,0.055,approved,0
RET001586,MERCH002,Home & Kitchen,791.4,713.18,Changed mind,7,3,0,0.0,0.703,0.062,flagged_for_review,1
RET001587,MERCH001,Sports,3700.91,2853.85,Damaged/Defective,23,6,1,0.17,0.882,0.056,flagged_for_review,1
RET001588,MERCH029,Toys,444.65,386.17,Better price found,13,3,1,0.33,0.574,0.049,approved,0
RET001589,MERCH025,Beauty,1199.01,1081.02,Damaged/Defective,10,3,0,0.0,0.939,0.033,approved,0
RET001590,MERCH027,Books,1042.54,959.81,Not as described,5,6,0,0.0,0.859,0.0,approved,0
RET001591,MERCH018,Footwear,934.08,819.5,Quality issue,2,5,0,0.0,1.0,0.115,approved,0
RET001592,MERCH032,Sports,816.7,764.54,Changed mind,1,3,0,0.0,0.467,0.06,rejected,0
RET001593,MERCH021,Electronics,894.23,774.82,Changed mind,3,6,0,0.0,0.731,0.067,approved,0
RET001594,MERCH019,Sports,339.83,339.79,Late delivery,25,6,1,0.17,0.666,0.029,approved,0
RET001595,MERCH012,Apparel,829.81,792.4,Changed mind,16,6,1,0.17,0.483,0.074,approved,0
RET001596,MERCH038,Footwear,968.33,961.71,Quality issue,1,5,0,0.0,1.0,0.153,approved,0
RET001597,MERCH013,Sports,285.06,276.86,Wrong size,21,5,1,0.2,0.893,0.001,approved,0
RET001598,MERCH015,Accessories,643.93,474.97,Wrong size,9,4,0,0.0,0.898,0.079,approved,0
RET001599,MERCH027,Footwear,277.69,249.34,Not as described,5,2,0,0.0,1.0,0.127,approved,0
RET001600,MERCH013,Footwear,670.59,615.02,Changed mind,1,3,1,0.33,0.701,0.018,approved,0
RET001601,MERCH012,Books,713.51,664.02,Late delivery,27,10,2,0.2,0.704,0.119,approved,0
RET001602,MERCH025,Sports,861.0,705.65,Better price found,9,2,1,0.5,0.358,0.126,flagged_for_review,1
RET001603,MERCH018,Beauty,362.81,332.3,Changed mind,1,9,2,0.22,0.745,0.061,rejected,0
RET001604,MERCH035,Toys,286.12,203.19,Not as described,2,3,1,0.33,0.569,0.063,rejected,0
RET001605,MERCH038,Footwear,425.82,370.02,Not as described,13,6,0,0.0,0.808,0.0,approved,0
RET001606,MERCH022,Sports,280.01,234.55,Wrong size,14,5,0,0.0,0.966,0.069,approved,0
RET001607,MERCH003,Sports,536.87,399.83,Changed mind,20,11,3,0.27,0.593,0.1,approved,0
RET001608,MERCH018,Toys,783.1,641.51,Damaged/Defective,4,7,1,0.14,1.0,0.023,approved,0
RET001609,MERCH002,Footwear,1600.15,1448.12,Damaged/Defective,5,5,0,0.0,0.959,0.0,approved,0
RET001610,MERCH004,Apparel,637.52,549.29,Wrong size,22,5,1,0.2,0.723,0.044,approved,0
RET001611,MERCH006,Electronics,1227.71,891.14,Quality issue,4,5,0,0.0,1.0,0.052,approved,0
RET001612,MERCH008,Home & Kitchen,312.37,265.32,Wrong size,1,6,1,0.17,1.0,0.075,approved,0
RET001613,MERCH036,Accessories,585.13,547.78,Damaged/Defective,3,3,0,0.0,1.0,0.072,approved,0
RET001614,MERCH023,Footwear,480.72,389.77,Not as described,26,4,0,0.0,0.724,0.062,approved,0
RET001615,MERCH023,Electronics,476.72,453.96,Wrong item shipped,33,3,0,0.0,0.65,0.07,approved,0
RET001616,MERCH018,Home & Kitchen,1890.21,1430.68,Not as described,11,7,2,0.29,0.951,0.089,approved,0
RET001617,MERCH040,Apparel,1421.0,1013.39,Changed mind,5,3,0,0.0,0.693,0.118,approved,0
RET001618,MERCH032,Toys,763.15,549.61,Quality issue,2,7,1,0.14,0.883,0.079,approved,0
RET001619,MERCH024,Toys,80.82,58.34,Wrong item shipped,5,5,1,0.2,1.0,0.0,approved,0
RET001620,MERCH034,Sports,2604.69,2231.04,Wrong size,2,6,1,0.17,0.984,0.036,approved,0
RET001621,MERCH029,Toys,6742.39,5499.05,Wrong size,1,5,2,0.4,0.768,0.007,approved,0
RET001622,MERCH014,Footwear,604.75,476.25,Wrong item shipped,1,5,1,0.2,0.935,0.049,flagged_for_review,1
RET001623,MERCH006,Home & Kitchen,213.28,155.01,Wrong size,30,4,1,0.25,0.914,0.045,rejected,0
RET001624,MERCH034,Beauty,136.42,117.14,Wrong size,6,3,0,0.0,0.911,0.063,approved,0
RET001625,MERCH008,Sports,1061.29,820.3,Not as described,11,6,0,0.0,0.915,0.088,approved,0
RET001626,MERCH016,Books,2258.2,1992.77,Quality issue,4,2,0,0.0,0.911,0.164,flagged_for_review,1
RET001627,MERCH029,Sports,644.37,475.06,Not as described,4,6,1,0.17,0.838,0.13,approved,0
RET001628,MERCH023,Home & Kitchen,397.03,328.71,Better price found,6,3,1,0.33,0.509,0.096,approved,0
RET001629,MERCH014,Electronics,1511.17,1312.92,Not as described,1,4,1,0.25,0.722,0.015,approved,0
RET001630,MERCH021,Sports,72.54,53.06,Wrong size,10,7,1,0.14,0.842,0.109,approved,0
RET001631,MERCH011,Accessories,1728.45,1350.79,Changed mind,4,7,1,0.14,0.66,0.049,approved,0
RET001632,MERCH038,Toys,533.06,484.97,Better price found,5,3,0,0.0,0.83,0.064,approved,0
RET001633,MERCH020,Accessories,979.89,905.92,Wrong size,53,3,1,0.33,0.354,0.184,rejected,0
RET001634,MERCH021,Home & Kitchen,1297.91,1077.96,Wrong size,4,5,0,0.0,0.918,0.028,approved,0
RET001635,MERCH039,Electronics,749.85,653.85,Late delivery,20,1,0,0.0,0.458,0.07,approved,0
RET001636,MERCH025,Sports,972.64,895.22,Damaged/Defective,14,5,0,0.0,0.673,0.091,approved,0
RET001637,MERCH030,Electronics,430.76,399.59,Changed mind,20,5,0,0.0,0.363,0.086,rejected,0
RET001638,MERCH029,Toys,918.27,869.84,Wrong item shipped,1,5,0,0.0,0.898,0.045,approved,0
RET001639,MERCH008,Books,679.96,580.09,Changed mind,20,6,3,0.5,0.668,0.038,approved,0
RET001640,MERCH032,Electronics,439.2,391.75,Changed mind,9,7,2,0.29,0.413,0.151,rejected,0
RET001641,MERCH017,Books,662.56,603.79,Wrong size,2,4,0,0.0,0.881,0.086,approved,0
RET001642,MERCH018,Books,784.02,738.78,Better price found,5,3,0,0.0,0.723,0.148,approved,0
RET001643,MERCH034,Electronics,569.35,460.49,Wrong size,5,3,0,0.0,0.948,0.075,approved,0
RET001644,MERCH033,Footwear,222.74,174.71,Wrong size,1,3,1,0.33,0.705,0.062,approved,0
RET001645,MERCH015,Footwear,285.24,214.41,Changed mind,4,3,0,0.0,0.826,0.0,approved,0
RET001646,MERCH015,Books,609.47,535.94,Damaged/Defective,7,6,0,0.0,1.0,0.03,approved,0
RET001647,MERCH030,Toys,1014.98,804.95,Better price found,4,5,0,0.0,0.487,0.084,rejected,0
RET001648,MERCH031,Footwear,763.12,689.18,Better price found,7,4,0,0.0,0.42,0.079,approved,0
RET001649,MERCH036,Sports,228.21,193.92,Better price found,4,6,2,0.33,0.818,0.0,approved,0
RET001650,MERCH035,Books,291.34,254.61,Changed mind,3,6,0,0.0,0.391,0.083,rejected,0
RET001651,MERCH007,Apparel,486.81,459.67,Changed mind,2,7,1,0.14,0.552,0.0,approved,0
RET001652,MERCH026,Footwear,2106.6,1806.41,Quality issue,1,2,0,0.0,1.0,0.08,approved,0
RET001653,MERCH035,Books,522.09,510.13,Better price found,4,3,0,0.0,0.441,0.029,rejected,0
RET001654,MERCH027,Books,992.31,948.05,Wrong size,2,5,1,0.2,0.878,0.115,approved,0
RET001655,MERCH011,Beauty,571.46,503.51,Changed mind,1,4,0,0.0,0.58,0.185,approved,0
RET001656,MERCH026,Beauty,522.41,508.0,Wrong item shipped,11,7,1,0.14,0.948,0.05,approved,0
RET001657,MERCH036,Beauty,955.01,929.33,Wrong size,27,6,0,0.0,0.993,0.057,approved,0
RET001658,MERCH002,Beauty,1141.05,1120.06,Wrong size,1,10,0,0.0,0.972,0.002,approved,0
RET001659,MERCH014,Toys,1240.4,1028.9,Damaged/Defective,2,4,1,0.25,1.0,0.074,approved,0
RET001660,MERCH032,Toys,1166.08,855.23,Damaged/Defective,2,5,0,0.0,0.915,0.122,approved,0
RET001661,MERCH008,Sports,1803.08,1269.79,Quality issue,15,4,2,0.5,1.0,0.068,approved,0
RET001662,MERCH014,Electronics,477.87,424.78,Better price found,4,7,2,0.29,0.659,0.032,rejected,0
RET001663,MERCH007,Books,160.32,135.5,Changed mind,1,2,1,0.5,0.514,0.0,rejected,0
RET001664,MERCH021,Books,3102.03,2465.99,Changed mind,7,5,0,0.0,0.631,0.055,approved,0
RET001665,MERCH019,Toys,440.58,312.1,Changed mind,12,3,0,0.0,0.436,0.063,rejected,0
RET001666,MERCH010,Sports,2440.53,2202.79,Damaged/Defective,1,8,1,0.12,0.769,0.037,approved,0
RET001667,MERCH034,Beauty,477.35,387.62,Not as described,7,13,2,0.15,0.99,0.032,approved,0
RET001668,MERCH035,Toys,563.25,437.45,Damaged/Defective,31,3,0,0.0,0.49,0.069,approved,0
RET001669,MERCH021,Toys,928.52,671.43,Quality issue,2,2,0,0.0,1.0,0.067,approved,0
RET001670,MERCH031,Books,1162.28,837.89,Changed mind,2,3,0,0.0,0.548,0.066,rejected,0
RET001671,MERCH005,Sports,953.14,933.72,Changed mind,13,1,0,0.0,0.618,0.092,rejected,0
RET001672,MERCH009,Sports,597.95,587.75,Damaged/Defective,5,3,0,0.0,1.0,0.058,approved,0
RET001673,MERCH030,Electronics,134.65,94.85,Wrong size,2,7,0,0.0,0.61,0.0,rejected,0
RET001674,MERCH028,Sports,666.79,553.52,Better price found,6,5,2,0.4,0.52,0.078,rejected,0
RET001675,MERCH022,Home & Kitchen,799.36,599.21,Late delivery,18,4,0,0.0,0.673,0.002,rejected,0
RET001676,MERCH031,Apparel,421.21,385.83,Changed mind,2,4,0,0.0,0.342,0.078,approved,0
RET001677,MERCH030,Apparel,524.74,488.6,Wrong size,10,3,0,0.0,0.705,0.052,approved,0
RET001678,MERCH010,Toys,187.4,152.34,Wrong item shipped,2,4,0,0.0,0.838,0.039,approved,0
RET001679,MERCH036,Books,1504.69,1226.15,Changed mind,2,7,1,0.14,0.924,0.037,flagged_for_review,1
RET001680,MERCH031,Books,319.74,275.32,Damaged/Defective,2,4,1,0.25,0.903,0.011,approved,0
RET001681,MERCH024,Electronics,173.14,142.49,Better price found,14,13,1,0.08,0.786,0.0,approved,0
RET001682,MERCH018,Footwear,357.76,253.36,Wrong size,12,7,1,0.14,1.0,0.032,approved,0
RET001683,MERCH022,Accessories,143.81,126.38,Wrong size,16,7,0,0.0,0.663,0.054,rejected,0
RET001684,MERCH031,Home & Kitchen,857.91,770.77,Better price found,2,8,4,0.5,0.407,0.054,rejected,0
RET001685,MERCH006,Sports,331.37,261.03,Wrong item shipped,7,3,0,0.0,1.0,0.093,approved,0
RET001686,MERCH030,Sports,750.99,722.74,Damaged/Defective,12,7,0,0.0,0.822,0.043,approved,0
RET001687,MERCH020,Electronics,1132.44,1124.95,Wrong size,5,5,0,0.0,0.733,0.047,approved,0
RET001688,MERCH018,Books,486.07,351.21,Wrong item shipped,6,7,0,0.0,1.0,0.02,approved,0
RET001689,MERCH012,Toys,1739.72,1281.3,Wrong size,2,6,1,0.17,0.627,0.0,approved,0
RET001690,MERCH034,Toys,1644.54,1172.1,Better price found,2,4,0,0.0,0.866,0.004,approved,0
RET001691,MERCH001,Sports,335.06,256.3,Changed mind,7,5,2,0.4,0.596,0.043,rejected,0
RET001692,MERCH026,Sports,887.57,631.85,Wrong item shipped,19,6,2,0.33,1.0,0.21,approved,0
RET001693,MERCH003,Toys,1026.95,801.11,Late delivery,22,5,0,0.0,1.0,0.088,approved,0
RET001694,MERCH002,Beauty,374.9,341.41,Better price found,3,5,0,0.0,0.552,0.0,rejected,0
RET001695,MERCH025,Toys,471.93,426.03,Changed mind,3,7,0,0.0,0.374,0.0,approved,0
RET001696,MERCH040,Sports,412.0,382.32,Quality issue,4,3,0,0.0,1.0,0.067,approved,0
RET001697,MERCH040,Toys,220.12,214.48,Not as described,19,6,0,0.0,0.792,0.027,approved,0
RET001698,MERCH026,Electronics,774.38,644.71,Not as described,11,4,0,0.0,0.813,0.077,approved,0
RET001699,MERCH006,Home & Kitchen,131.85,130.63,Quality issue,10,4,1,0.25,1.0,0.006,approved,0
RET001700,MERCH016,Accessories,490.58,483.51,Wrong size,3,6,1,0.17,0.544,0.084,rejected,0
RET001701,MERCH038,Beauty,378.3,269.84,Wrong item shipped,14,3,1,0.33,1.0,0.007,approved,0
RET001702,MERCH035,Sports,337.11,319.62,Changed mind,1,5,1,0.2,0.387,0.028,approved,0
RET001703,MERCH003,Home & Kitchen,780.81,620.96,Damaged/Defective,35,5,0,0.0,0.887,0.016,approved,0
RET001704,MERCH006,Toys,1971.45,1533.07,Late delivery,19,4,1,0.25,0.791,0.0,approved,0
RET001705,MERCH004,Sports,192.67,185.77,Late delivery,24,7,2,0.29,0.749,0.052,approved,0
RET001706,MERCH001,Electronics,139.73,105.86,Wrong item shipped,3,5,0,0.0,1.0,0.069,approved,0
RET001707,MERCH027,Toys,301.22,253.69,Changed mind,23,5,1,0.2,0.665,0.08,flagged_for_review,1
RET001708,MERCH022,Accessories,80.15,56.69,Damaged/Defective,3,6,0,0.0,1.0,0.081,approved,0
RET001709,MERCH021,Home & Kitchen,203.93,175.79,Better price found,10,4,0,0.0,0.632,0.093,rejected,0
RET001710,MERCH012,Electronics,453.04,381.83,Better price found,6,5,0,0.0,0.56,0.196,rejected,0
RET001711,MERCH012,Books,481.99,457.86,Not as described,1,4,0,0.0,0.541,0.111,rejected,0
RET001712,MERCH008,Sports,1855.3,1463.79,Changed mind,3,5,1,0.2,0.862,0.074,approved,0
RET001713,MERCH029,Electronics,974.84,812.65,Wrong size,5,4,1,0.25,0.86,0.106,approved,0
RET001714,MERCH007,Toys,1079.39,844.67,Wrong size,2,8,1,0.12,0.81,0.015,approved,0
RET001715,MERCH019,Sports,229.33,178.36,Better price found,17,5,0,0.0,0.518,0.026,approved,0
RET001716,MERCH009,Apparel,2153.83,1656.03,Wrong size,6,7,0,0.0,0.833,0.074,approved,0
RET001717,MERCH012,Toys,546.79,522.68,Quality issue,6,8,1,0.12,1.0,0.044,approved,0
RET001718,MERCH008,Toys,682.5,604.68,Changed mind,3,4,2,0.5,0.85,0.06,approved,0
RET001719,MERCH038,Sports,324.11,308.76,Changed mind,27,3,1,0.33,0.53,0.028,approved,0
RET001720,MERCH028,Books,467.23,386.42,Wrong item shipped,4,8,1,0.12,0.959,0.082,approved,0
RET001721,MERCH040,Apparel,1083.66,766.37,Wrong size,14,5,1,0.2,0.798,0.009,approved,0
RET001722,MERCH030,Toys,847.75,673.27,Wrong item shipped,8,3,0,0.0,0.814,0.023,approved,0
RET001723,MERCH012,Home & Kitchen,229.79,196.49,Better price found,1,8,2,0.25,0.549,0.0,approved,0
RET001724,MERCH019,Sports,561.53,456.45,Better price found,8,4,1,0.25,0.619,0.033,approved,0
RET001725,MERCH036,Home & Kitchen,978.8,761.64,Late delivery,4,6,0,0.0,0.946,0.037,flagged_for_review,1
RET001726,MERCH009,Accessories,204.02,187.12,Wrong size,16,4,0,0.0,0.818,0.149,approved,0
RET001727,MERCH012,Home & Kitchen,1917.57,1521.84,Wrong size,3,4,0,0.0,0.85,0.0,approved,0
RET001728,MERCH001,Books,318.01,257.74,Damaged/Defective,24,8,1,0.12,0.964,0.082,approved,0
RET001729,MERCH001,Electronics,1541.01,1481.42,Wrong size,21,6,0,0.0,0.627,0.089,approved,0
RET001730,MERCH039,Beauty,908.63,680.65,Damaged/Defective,5,2,0,0.0,0.9,0.097,approved,0
RET001731,MERCH004,Accessories,2587.9,2005.26,Wrong item shipped,8,13,2,0.15,1.0,0.052,approved,0
RET001732,MERCH018,Books,378.96,362.28,Late delivery,16,7,2,0.29,1.0,0.017,approved,0
RET001733,MERCH009,Apparel,6601.26,6484.43,Wrong item shipped,3,6,1,0.17,1.0,0.035,approved,0
RET001734,MERCH029,Books,918.15,809.18,Quality issue,10,3,1,0.33,1.0,0.0,approved,0
RET001735,MERCH010,Sports,240.55,207.19,Wrong item shipped,7,3,0,0.0,0.925,0.026,approved,0
RET001736,MERCH032,Toys,1112.75,1111.15,Damaged/Defective,5,5,1,0.2,0.765,0.099,rejected,0
RET001737,MERCH019,Footwear,698.6,679.34,Not as described,14,5,0,0.0,0.862,0.021,approved,0
RET001738,MERCH030,Electronics,914.77,901.06,Damaged/Defective,3,9,2,0.22,0.802,0.03,approved,0
RET001739,MERCH036,Books,133.45,109.3,Better price found,8,6,1,0.17,0.932,0.026,approved,0
RET001740,MERCH015,Home & Kitchen,1007.99,945.56,Changed mind,1,5,2,0.4,0.669,0.109,approved,0
RET001741,MERCH040,Books,686.34,566.14,Damaged/Defective,3,6,2,0.33,1.0,0.023,approved,0
RET001742,MERCH035,Books,1586.1,1238.36,Late delivery,50,4,0,0.0,0.413,0.258,approved,0
RET001743,MERCH012,Apparel,2195.99,2071.49,Wrong size,4,7,0,0.0,0.685,0.088,rejected,0
RET001744,MERCH010,Apparel,506.17,490.49,Late delivery,12,9,5,0.56,0.385,0.038,approved,0
RET001745,MERCH010,Toys,202.62,189.05,Damaged/Defective,10,3,0,0.0,0.843,0.11,rejected,0
RET001746,MERCH029,Beauty,1072.9,825.06,Quality issue,19,3,0,0.0,0.976,0.0,approved,0
RET001747,MERCH036,Sports,398.6,395.04,Changed mind,3,5,0,0.0,0.675,0.031,rejected,0
RET001748,MERCH004,Toys,1551.08,1547.94,Changed mind,3,9,1,0.11,0.628,0.02,approved,0
RET001749,MERCH004,Toys,211.44,181.7,Wrong size,6,6,0,0.0,0.687,0.045,rejected,0
RET001750,MERCH018,Beauty,855.54,852.48,Changed mind,8,4,1,0.25,0.776,0.023,approved,0
RET001751,MERCH013,Footwear,224.8,169.22,Changed mind,11,9,2,0.22,0.649,0.007,rejected,0
RET001752,MERCH007,Books,877.91,870.05,Wrong size,18,2,0,0.0,0.639,0.0,approved,0
RET001753,MERCH005,Sports,1465.58,1147.49,Changed mind,6,7,1,0.14,0.643,0.077,approved,0
RET001754,MERCH008,Apparel,1536.91,1138.02,Changed mind,40,5,1,0.2,0.616,0.039,rejected,0
RET001755,MERCH027,Accessories,59.82,44.96,Quality issue,10,7,0,0.0,1.0,0.13,approved,0
RET001756,MERCH008,Apparel,324.81,266.93,Changed mind,1,5,0,0.0,0.697,0.0,approved,0
RET001757,MERCH013,Footwear,181.71,138.01,Changed mind,7,2,2,1.0,0.393,0.399,approved,0
RET001758,MERCH015,Home & Kitchen,338.72,273.86,Wrong size,1,4,0,0.0,0.883,0.072,approved,0
RET001759,MERCH034,Home & Kitchen,905.54,733.66,Damaged/Defective,11,6,1,0.17,1.0,0.029,flagged_for_review,1
RET001760,MERCH010,Home & Kitchen,3456.65,2787.2,Wrong size,7,6,1,0.17,0.505,0.034,rejected,0
RET001761,MERCH030,Beauty,403.1,291.17,Wrong size,2,3,2,0.67,0.319,0.466,rejected,0
RET001762,MERCH033,Accessories,1337.75,1177.0,Damaged/Defective,2,5,1,0.2,1.0,0.055,approved,0
RET001763,MERCH034,Beauty,797.31,741.27,Wrong size,1,7,1,0.14,0.898,0.018,approved,0
RET001764,MERCH006,Accessories,612.51,582.29,Better price found,1,3,0,0.0,0.831,0.029,approved,0
RET001765,MERCH040,Sports,290.6,280.35,Better price found,8,4,0,0.0,0.769,0.117,rejected,0
RET001766,MERCH008,Home & Kitchen,1314.12,1150.99,Better price found,4,1,1,1.0,0.358,0.451,rejected,0
RET001767,MERCH006,Apparel,395.15,357.14,Wrong size,23,4,0,0.0,0.915,0.12,approved,0
RET001768,MERCH014,Accessories,327.3,255.55,Changed mind,2,3,1,0.33,0.54,0.0,rejected,0
RET001769,MERCH014,Accessories,1409.25,1264.05,Changed mind,2,4,0,0.0,0.47,0.0,rejected,0
RET001770,MERCH006,Home & Kitchen,708.51,598.35,Wrong item shipped,10,2,0,0.0,1.0,0.043,approved,0
RET001771,MERCH016,Electronics,554.0,450.39,Better price found,26,8,3,0.38,0.449,0.062,approved,0
RET001772,MERCH040,Apparel,134.46,121.02,Wrong size,7,5,1,0.2,0.774,0.026,rejected,0
RET001773,MERCH016,Accessories,808.69,767.08,Changed mind,3,8,1,0.12,0.554,0.047,approved,0
RET001774,MERCH013,Beauty,341.25,270.9,Changed mind,44,6,3,0.5,0.294,0.088,rejected,0
RET001775,MERCH017,Books,499.92,354.91,Changed mind,1,11,0,0.0,0.744,0.123,rejected,0
RET001776,MERCH022,Sports,562.22,519.16,Changed mind,22,4,0,0.0,0.512,0.032,rejected,0
RET001777,MERCH028,Electronics,162.43,161.12,Not as described,14,7,0,0.0,0.781,0.0,rejected,0
RET001778,MERCH009,Footwear,1098.52,907.01,Not as described,4,7,2,0.29,0.745,0.0,approved,0
RET001779,MERCH035,Toys,291.59,268.77,Changed mind,3,5,1,0.2,0.466,0.129,rejected,1
RET001780,MERCH007,Apparel,487.57,349.32,Wrong size,16,9,2,0.22,0.709,0.0,approved,0
RET001781,MERCH033,Toys,356.86,258.67,Wrong size,5,2,0,0.0,0.769,0.048,approved,0
RET001782,MERCH009,Toys,1060.1,748.87,Wrong size,3,3,1,0.33,0.843,0.062,approved,0
RET001783,MERCH019,Sports,1656.0,1439.21,Wrong size,22,4,1,0.25,0.764,0.023,approved,0
RET001784,MERCH037,Footwear,680.9,634.74,Quality issue,2,4,0,0.0,1.0,0.008,approved,0
RET001785,MERCH027,Beauty,175.38,139.67,Damaged/Defective,22,5,1,0.2,0.965,0.066,approved,0
RET001786,MERCH006,Apparel,486.66,379.98,Changed mind,3,6,1,0.17,0.805,0.092,approved,0
RET001787,MERCH002,Apparel,1865.07,1538.95,Changed mind,6,5,3,0.6,0.32,0.098,rejected,0
RET001788,MERCH028,Toys,1153.44,983.85,Quality issue,8,4,0,0.0,1.0,0.096,approved,0
RET001789,MERCH040,Footwear,1758.46,1328.76,Wrong size,7,4,1,0.25,0.795,0.02,approved,0
RET001790,MERCH021,Beauty,1168.0,955.52,Damaged/Defective,7,5,1,0.2,1.0,0.053,approved,0
RET001791,MERCH025,Accessories,1235.01,1099.12,Not as described,6,2,0,0.0,0.62,0.04,approved,0
RET001792,MERCH008,Sports,2357.43,2280.46,Quality issue,5,9,2,0.22,1.0,0.015,approved,0
RET001793,MERCH013,Footwear,562.06,489.7,Quality issue,41,3,1,0.33,0.937,0.06,approved,0
RET001794,MERCH004,Books,355.58,348.65,Quality issue,11,3,0,0.0,0.915,0.034,approved,0
RET001795,MERCH004,Apparel,336.15,329.23,Wrong size,25,9,1,0.11,0.725,0.005,rejected,0
RET001796,MERCH009,Accessories,4534.59,4343.31,Late delivery,5,8,2,0.25,0.853,0.173,approved,0
RET001797,MERCH035,Electronics,1647.74,1640.25,Late delivery,6,4,0,0.0,0.573,0.091,approved,0
RET001798,MERCH013,Sports,1355.83,1104.59,Changed mind,1,6,0,0.0,0.53,0.091,approved,0
RET001799,MERCH030,Beauty,603.06,550.07,Wrong size,3,7,1,0.14,0.55,0.101,approved,0
RET001800,MERCH014,Apparel,701.39,594.4,Quality issue,2,3,1,0.33,0.903,0.03,approved,0
RET001801,MERCH020,Books,816.82,700.91,Changed mind,18,3,1,0.33,0.572,0.003,approved,0
RET001802,MERCH032,Footwear,1315.21,1208.47,Not as described,3,4,0,0.0,0.545,0.014,approved,0
RET001803,MERCH034,Electronics,806.79,745.58,Wrong size,3,5,0,0.0,1.0,0.16,approved,0
RET001804,MERCH003,Toys,958.17,801.83,Damaged/Defective,14,8,2,0.25,1.0,0.07,approved,0
RET001805,MERCH016,Beauty,174.78,149.25,Not as described,20,2,0,0.0,0.409,0.038,rejected,0
RET001806,MERCH002,Electronics,765.73,698.09,Quality issue,18,3,0,0.0,1.0,0.118,approved,0
RET001807,MERCH039,Home & Kitchen,476.54,476.16,Not as described,4,5,0,0.0,0.633,0.1,rejected,0
RET001808,MERCH016,Apparel,1890.11,1481.63,Changed mind,5,6,0,0.0,0.355,0.015,approved,0
RET001809,MERCH032,Home & Kitchen,386.01,315.13,Damaged/Defective,8,7,3,0.43,0.881,0.091,approved,0
RET001810,MERCH037,Apparel,6274.5,6255.22,Wrong item shipped,6,7,2,0.29,1.0,0.105,flagged_for_review,1
RET001811,MERCH024,Home & Kitchen,807.42,650.69,Changed mind,6,3,1,0.33,0.868,0.01,approved,0
RET001812,MERCH025,Beauty,766.78,608.01,Changed mind,5,5,0,0.0,0.331,0.103,rejected,0
RET001813,MERCH036,Home & Kitchen,99.13,85.22,Quality issue,3,11,1,0.09,1.0,0.03,approved,0
RET001814,MERCH013,Beauty,1233.51,1109.76,Damaged/Defective,6,9,1,0.11,1.0,0.143,approved,0
RET001815,MERCH030,Apparel,477.89,381.02,Changed mind,19,2,0,0.0,0.335,0.08,rejected,0
RET001816,MERCH021,Books,196.01,152.57,Changed mind,15,6,1,0.17,0.591,0.127,rejected,0
RET001817,MERCH018,Accessories,1954.32,1672.03,Changed mind,1,7,1,0.14,0.701,0.059,rejected,0
RET001818,MERCH008,Books,3029.29,2849.01,Not as described,2,5,2,0.4,1.0,0.101,approved,0
RET001819,MERCH039,Toys,525.21,485.38,Not as described,13,4,1,0.25,0.476,0.048,approved,0
RET001820,MERCH016,Sports,430.54,319.39,Better price found,1,7,1,0.14,0.427,0.123,rejected,0
RET001821,MERCH032,Home & Kitchen,282.4,241.59,Not as described,1,1,0,0.0,0.624,0.123,approved,0
RET001822,MERCH032,Apparel,325.91,300.62,Changed mind,11,3,1,0.33,0.513,0.07,approved,0
RET001823,MERCH026,Sports,1626.65,1246.12,Damaged/Defective,3,6,1,0.17,0.919,0.106,approved,0
RET001824,MERCH028,Toys,868.12,780.31,Damaged/Defective,8,5,1,0.2,1.0,0.0,approved,0
RET001825,MERCH034,Sports,1361.98,983.67,Late delivery,8,3,1,0.33,0.937,0.042,approved,0
RET001826,MERCH038,Beauty,1591.19,1282.91,Wrong size,13,6,2,0.33,0.861,0.028,approved,0
RET001827,MERCH033,Home & Kitchen,1011.56,912.57,Late delivery,2,4,0,0.0,0.784,0.05,approved,0
RET001828,MERCH029,Apparel,709.71,697.21,Changed mind,4,2,0,0.0,0.523,0.118,approved,0
RET001829,MERCH034,Home & Kitchen,352.76,344.61,Late delivery,10,3,1,0.33,1.0,0.115,approved,0
RET001830,MERCH022,Beauty,689.35,634.25,Damaged/Defective,5,6,1,0.17,1.0,0.096,approved,0
RET001831,MERCH016,Electronics,585.51,461.85,Late delivery,8,8,1,0.12,0.593,0.046,approved,0
RET001832,MERCH035,Books,649.64,502.36,Damaged/Defective,1,5,0,0.0,0.784,0.021,approved,0
RET001833,MERCH017,Home & Kitchen,1139.89,857.72,Changed mind,26,2,1,0.5,0.621,0.001,approved,0
RET001834,MERCH030,Beauty,3465.26,2720.8,Changed mind,26,3,0,0.0,0.349,0.058,approved,0
RET001835,MERCH026,Beauty,2300.42,1703.15,Wrong size,4,3,1,0.33,0.865,0.099,approved,0
RET001836,MERCH028,Accessories,357.32,267.09,Wrong item shipped,23,11,0,0.0,1.0,0.044,approved,0
RET001837,MERCH012,Home & Kitchen,1542.77,1485.44,Changed mind,7,8,0,0.0,0.697,0.127,rejected,0
RET001838,MERCH014,Books,589.47,525.79,Not as described,1,3,0,0.0,0.604,0.113,rejected,1
RET001839,MERCH032,Footwear,620.58,542.02,Late delivery,7,3,0,0.0,0.714,0.092,rejected,0
RET001840,MERCH039,Books,627.75,561.78,Not as described,5,3,1,0.33,0.625,0.081,approved,0
RET001841,MERCH014,Toys,399.71,362.12,Wrong size,6,4,0,0.0,0.743,0.107,rejected,0
RET001842,MERCH015,Accessories,223.94,188.19,Quality issue,23,5,1,0.2,1.0,0.046,approved,0
RET001843,MERCH003,Footwear,484.42,407.63,Quality issue,12,6,0,0.0,0.927,0.092,approved,0
RET001844,MERCH008,Sports,1038.22,786.54,Damaged/Defective,16,2,0,0.0,1.0,0.097,approved,0
RET001845,MERCH008,Beauty,729.75,535.42,Wrong size,11,3,1,0.33,0.964,0.049,approved,0
RET001846,MERCH018,Electronics,516.31,403.1,Better price found,27,5,2,0.4,0.729,0.054,approved,0
RET001847,MERCH014,Books,559.37,397.18,Wrong size,13,4,0,0.0,0.736,0.008,approved,0
RET001848,MERCH032,Electronics,510.32,500.37,Changed mind,13,3,0,0.0,0.423,0.0,rejected,0
RET001849,MERCH023,Footwear,852.26,694.14,Changed mind,7,4,0,0.0,0.476,0.062,rejected,0
RET001850,MERCH024,Accessories,390.25,320.91,Wrong size,15,5,1,0.2,0.832,0.075,approved,0
RET001851,MERCH024,Apparel,1888.63,1388.23,Changed mind,23,3,0,0.0,0.813,0.163,rejected,0
RET001852,MERCH008,Home & Kitchen,292.71,262.43,Wrong size,10,7,1,0.14,0.864,0.064,approved,0
RET001853,MERCH025,Apparel,479.95,476.37,Changed mind,6,9,0,0.0,0.414,0.047,rejected,0
RET001854,MERCH025,Books,550.61,429.19,Wrong size,20,7,0,0.0,0.653,0.007,approved,0
RET001855,MERCH014,Toys,1519.87,1092.07,Wrong size,3,7,1,0.14,0.769,0.0,rejected,0
RET001856,MERCH033,Footwear,1019.02,805.19,Wrong size,18,6,0,0.0,0.806,0.0,approved,0
RET001857,MERCH037,Apparel,1709.89,1232.83,Not as described,83,2,0,0.0,0.716,0.208,rejected,1
RET001858,MERCH013,Books,560.68,520.35,Changed mind,17,5,0,0.0,0.68,0.04,approved,0
RET001859,MERCH013,Accessories,824.76,815.95,Changed mind,40,5,1,0.2,0.358,0.083,rejected,1
RET001860,MERCH039,Footwear,1125.99,1039.9,Wrong item shipped,16,3,0,0.0,0.805,0.0,approved,0
RET001861,MERCH010,Footwear,1626.88,1138.88,Better price found,8,2,1,0.5,0.376,0.087,rejected,0
RET001862,MERCH027,Books,605.66,530.87,Not as described,24,6,0,0.0,0.797,0.0,approved,0
RET001863,MERCH034,Accessories,535.29,421.7,Late delivery,18,5,2,0.4,0.907,0.148,approved,0
RET001864,MERCH033,Accessories,525.45,442.23,Wrong size,15,6,2,0.33,0.813,0.064,rejected,0
RET001865,MERCH017,Footwear,830.73,597.64,Wrong size,8,6,0,0.0,0.879,0.02,approved,0
RET001866,MERCH003,Sports,244.12,211.72,Wrong item shipped,1,6,3,0.5,1.0,0.092,approved,0
RET001867,MERCH013,Sports,959.55,751.38,Wrong size,27,5,0,0.0,0.777,0.0,approved,0
RET001868,MERCH026,Sports,967.23,682.02,Changed mind,10,6,0,0.0,0.68,0.0,approved,0
RET001869,MERCH026,Home & Kitchen,6232.51,5847.01,Damaged/Defective,21,5,0,0.0,1.0,0.112,approved,0
RET001870,MERCH030,Books,1052.46,987.54,Damaged/Defective,2,3,1,0.33,0.718,0.056,approved,0
RET001871,MERCH035,Toys,359.52,277.64,Wrong item shipped,1,5,1,0.2,0.804,0.055,approved,0
RET001872,MERCH025,Books,244.87,193.83,Quality issue,3,2,0,0.0,0.844,0.044,approved,0
RET001873,MERCH023,Apparel,1957.28,1808.2,Late delivery,15,6,0,0.0,0.802,0.022,rejected,0
RET001874,MERCH002,Toys,1176.95,1165.29,Better price found,15,3,1,0.33,0.662,0.017,approved,0
RET001875,MERCH014,Sports,437.62,390.81,Better price found,10,3,1,0.33,0.554,0.104,approved,0
RET001876,MERCH017,Electronics,1443.23,1303.14,Changed mind,36,7,1,0.14,0.492,0.087,approved,0
RET001877,MERCH038,Accessories,725.45,655.55,Late delivery,9,6,1,0.17,0.837,0.11,approved,0
RET001878,MERCH025,Home & Kitchen,482.57,408.63,Not as described,4,4,0,0.0,0.688,0.022,rejected,0
RET001879,MERCH032,Books,923.71,760.67,Wrong size,55,3,0,0.0,0.335,0.205,flagged_for_review,1
RET001880,MERCH012,Accessories,806.63,777.75,Changed mind,4,4,1,0.25,0.452,0.079,rejected,0
RET001881,MERCH016,Home & Kitchen,410.36,313.98,Damaged/Defective,4,4,1,0.25,0.801,0.038,rejected,0
RET001882,MERCH023,Toys,1175.75,884.07,Late delivery,11,6,0,0.0,0.749,0.091,approved,0
RET001883,MERCH033,Sports,245.4,193.81,Quality issue,1,4,1,0.25,0.943,0.034,approved,0
RET001884,MERCH024,Toys,255.26,252.9,Changed mind,6,5,0,0.0,0.773,0.062,approved,0
RET001885,MERCH020,Toys,147.61,131.23,Better price found,19,4,1,0.25,0.533,0.063,approved,0
RET001886,MERCH038,Beauty,2586.47,2556.46,Damaged/Defective,4,3,0,0.0,1.0,0.03,approved,0
RET001887,MERCH001,Electronics,646.13,540.18,Changed mind,29,5,0,0.0,0.724,0.04,approved,0
RET001888,MERCH011,Beauty,238.84,219.28,Better price found,2,6,1,0.17,0.731,0.0,approved,0
RET001889,MERCH005,Books,556.91,416.31,Changed mind,2,8,1,0.12,0.72,0.043,approved,0
RET001890,MERCH031,Home & Kitchen,475.19,365.54,Not as described,32,3,0,0.0,0.369,0.103,rejected,0
RET001891,MERCH019,Footwear,369.51,308.8,Wrong size,3,4,1,0.25,0.656,0.089,rejected,0
RET001892,MERCH040,Home & Kitchen,693.03,498.89,Changed mind,3,4,1,0.25,0.666,0.001,rejected,0
RET001893,MERCH016,Sports,1691.75,1497.74,Quality issue,32,6,0,0.0,0.581,0.129,flagged_for_review,1
RET001894,MERCH019,Apparel,678.51,483.69,Wrong item shipped,7,6,1,0.17,0.939,0.055,rejected,0
RET001895,MERCH010,Beauty,240.28,217.87,Changed mind,5,7,3,0.43,0.431,0.084,approved,0
RET001896,MERCH017,Beauty,705.02,605.33,Late delivery,15,7,2,0.29,0.83,0.087,approved,0
RET001897,MERCH018,Accessories,859.38,612.29,Changed mind,23,5,0,0.0,0.755,0.0,rejected,0
RET001898,MERCH023,Footwear,161.56,147.7,Wrong item shipped,2,2,0,0.0,0.917,0.049,approved,0
RET001899,MERCH034,Apparel,230.71,199.83,Wrong size,3,3,0,0.0,0.82,0.154,approved,0
RET001900,MERCH026,Footwear,712.81,647.54,Wrong size,1,5,0,0.0,0.856,0.038,approved,0
RET001901,MERCH023,Beauty,241.75,196.51,Not as described,5,7,0,0.0,0.551,0.048,approved,0
RET001902,MERCH014,Home & Kitchen,149.11,135.71,Damaged/Defective,3,9,1,0.11,1.0,0.021,approved,0
RET001903,MERCH026,Home & Kitchen,655.99,561.19,Damaged/Defective,5,5,1,0.2,1.0,0.078,approved,0
RET001904,MERCH038,Apparel,97.88,85.03,Damaged/Defective,2,7,2,0.29,0.956,0.039,approved,0
RET001905,MERCH014,Electronics,352.23,287.55,Better price found,16,6,1,0.17,0.794,0.017,approved,0
RET001906,MERCH003,Beauty,6155.14,5056.0,Changed mind,12,6,0,0.0,0.646,0.271,rejected,0
RET001907,MERCH036,Beauty,1146.52,1047.15,Changed mind,5,5,2,0.4,0.702,0.037,approved,0
RET001908,MERCH040,Electronics,449.58,323.89,Wrong size,27,4,1,0.25,0.768,0.085,approved,0
RET001909,MERCH009,Books,917.35,652.67,Wrong size,6,6,2,0.33,0.856,0.128,flagged_for_review,1
RET001910,MERCH003,Footwear,550.51,413.96,Quality issue,9,4,0,0.0,1.0,0.0,approved,0
RET001911,MERCH017,Accessories,1702.35,1253.33,Not as described,8,2,0,0.0,0.951,0.151,flagged_for_review,1
RET001912,MERCH026,Books,72.52,69.82,Late delivery,13,6,0,0.0,0.936,0.0,approved,0
RET001913,MERCH017,Footwear,386.6,345.54,Damaged/Defective,11,5,2,0.4,1.0,0.029,approved,0
RET001914,MERCH019,Accessories,2305.59,1965.38,Changed mind,2,5,1,0.2,0.531,0.031,rejected,0
RET001915,MERCH004,Beauty,549.95,397.69,Better price found,7,6,0,0.0,0.694,0.041,approved,0
RET001916,MERCH016,Apparel,623.05,443.28,Damaged/Defective,16,3,1,0.33,0.926,0.06,approved,0
RET001917,MERCH038,Accessories,341.58,315.18,Changed mind,1,10,2,0.2,0.729,0.0,rejected,0
RET001918,MERCH021,Accessories,1151.75,937.93,Wrong size,3,4,1,0.25,0.804,0.0,approved,0
RET001919,MERCH030,Books,270.32,218.49,Not as described,26,6,0,0.0,0.504,0.035,approved,0
RET001920,MERCH038,Footwear,592.18,429.32,Wrong size,5,6,0,0.0,0.769,0.076,approved,0
RET001921,MERCH002,Books,2769.48,2592.96,Quality issue,1,11,3,0.27,1.0,0.113,approved,0
RET001922,MERCH027,Beauty,2077.1,1670.91,Damaged/Defective,1,7,1,0.14,0.953,0.122,approved,0
RET001923,MERCH029,Electronics,1084.2,1026.96,Wrong item shipped,7,2,0,0.0,0.957,0.015,approved,0
RET001924,MERCH015,Electronics,448.12,317.54,Damaged/Defective,2,4,1,0.25,1.0,0.122,approved,0
RET001925,MERCH033,Sports,357.09,296.47,Changed mind,6,5,1,0.2,0.516,0.085,rejected,0
RET001926,MERCH033,Electronics,4637.08,3707.12,Damaged/Defective,1,7,0,0.0,0.93,0.03,approved,0
RET001927,MERCH031,Sports,458.45,399.04,Changed mind,7,8,1,0.12,0.293,0.108,rejected,0
RET001928,MERCH018,Footwear,667.14,530.95,Not as described,21,8,1,0.12,0.938,0.048,approved,0
RET001929,MERCH007,Apparel,593.6,560.68,Not as described,16,6,1,0.17,0.684,0.011,rejected,0
RET001930,MERCH017,Footwear,708.81,665.07,Damaged/Defective,20,7,2,0.29,1.0,0.022,approved,0
RET001931,MERCH011,Sports,653.02,644.07,Wrong size,10,5,1,0.2,0.89,0.048,approved,0
RET001932,MERCH017,Beauty,187.86,140.67,Changed mind,8,5,1,0.2,0.764,0.036,flagged_for_review,1
RET001933,MERCH030,Footwear,898.2,715.09,Changed mind,7,5,1,0.2,0.373,0.06,rejected,0
RET001934,MERCH020,Home & Kitchen,225.68,214.09,Quality issue,9,4,0,0.0,0.915,0.139,approved,0
RET001935,MERCH037,Books,546.79,533.18,Late delivery,29,4,1,0.25,0.609,0.125,rejected,0
RET001936,MERCH005,Beauty,1017.59,913.23,Wrong size,2,5,0,0.0,0.82,0.035,approved,0
RET001937,MERCH023,Home & Kitchen,1388.62,1164.22,Wrong item shipped,2,1,0,0.0,0.912,0.061,approved,0
RET001938,MERCH014,Home & Kitchen,175.6,145.05,Damaged/Defective,33,6,2,0.33,0.569,0.0,rejected,0
RET001939,MERCH014,Home & Kitchen,245.93,230.33,Better price found,7,6,2,0.33,0.595,0.0,approved,0
RET001940,MERCH013,Home & Kitchen,484.0,477.18,Late delivery,1,5,2,0.4,0.691,0.125,rejected,0
RET001941,MERCH015,Footwear,197.9,187.32,Damaged/Defective,10,4,0,0.0,1.0,0.016,approved,0
RET001942,MERCH002,Books,1144.89,991.65,Changed mind,3,7,2,0.29,0.515,0.112,approved,0
RET001943,MERCH007,Home & Kitchen,194.5,175.12,Wrong size,1,2,1,0.5,0.805,0.122,approved,0
RET001944,MERCH030,Footwear,761.97,575.37,Better price found,21,4,1,0.25,0.586,0.052,approved,0
RET001945,MERCH008,Electronics,2029.51,1651.82,Damaged/Defective,22,6,0,0.0,1.0,0.0,approved,0
RET001946,MERCH012,Accessories,2172.2,2016.09,Not as described,16,9,2,0.22,0.679,0.015,approved,0
RET001947,MERCH037,Toys,3014.5,2720.36,Better price found,19,11,1,0.09,0.521,0.0,approved,0
RET001948,MERCH037,Apparel,1041.89,973.26,Wrong size,9,1,0,0.0,0.812,0.025,approved,0
RET001949,MERCH014,Electronics,105.07,99.98,Better price found,7,7,1,0.14,0.729,0.079,approved,0
RET001950,MERCH023,Footwear,639.33,525.61,Not as described,9,5,1,0.2,0.746,0.103,approved,0
RET001951,MERCH040,Accessories,591.56,479.63,Changed mind,22,3,1,0.33,0.743,0.109,approved,0
RET001952,MERCH010,Accessories,551.08,466.73,Not as described,6,6,1,0.17,0.676,0.103,approved,0
RET001953,MERCH031,Apparel,1177.75,867.29,Late delivery,33,5,1,0.2,0.515,0.088,approved,0
RET001954,MERCH010,Home & Kitchen,2088.01,1986.03,Not as described,8,3,1,0.33,0.509,0.027,rejected,0
RET001955,MERCH015,Books,269.28,222.16,Better price found,14,5,3,0.6,0.586,0.072,approved,0
RET001956,MERCH019,Beauty,1180.33,953.16,Changed mind,14,4,1,0.25,0.537,0.123,approved,0
RET001957,MERCH016,Apparel,665.27,512.28,Better price found,10,6,0,0.0,0.518,0.124,rejected,0
RET001958,MERCH033,Electronics,231.1,220.05,Quality issue,6,6,1,0.17,0.912,0.028,rejected,0
RET001959,MERCH015,Beauty,665.67,499.95,Changed mind,1,4,1,0.25,0.817,0.0,approved,0
RET001960,MERCH029,Electronics,307.74,298.39,Wrong item shipped,11,3,1,0.33,1.0,0.044,approved,0
RET001961,MERCH037,Home & Kitchen,478.7,433.04,Late delivery,18,4,0,0.0,0.814,0.073,approved,0
RET001962,MERCH004,Beauty,184.99,183.06,Better price found,54,7,2,0.29,0.355,0.218,rejected,0
RET001963,MERCH008,Accessories,81.98,59.56,Wrong size,18,4,0,0.0,0.838,0.002,approved,0
RET001964,MERCH029,Footwear,1847.16,1599.1,Damaged/Defective,2,5,1,0.2,0.819,0.049,approved,0
RET001965,MERCH001,Books,697.71,611.87,Wrong size,7,3,0,0.0,0.672,0.02,approved,0
RET001966,MERCH010,Books,144.39,123.92,Wrong size,1,2,1,0.5,0.603,0.118,approved,0
RET001967,MERCH025,Electronics,1228.52,974.51,Late delivery,5,3,0,0.0,0.537,0.06,approved,0
RET001968,MERCH003,Accessories,195.12,142.34,Wrong size,7,3,0,0.0,0.986,0.067,approved,0
RET001969,MERCH019,Accessories,1522.8,1518.25,Wrong size,2,8,1,0.12,0.582,0.0,approved,0
RET001970,MERCH007,Sports,428.15,321.44,Wrong size,10,7,1,0.14,0.621,0.061,approved,0
RET001971,MERCH023,Footwear,1611.32,1600.64,Not as described,5,5,2,0.4,0.671,0.0,rejected,0
RET001972,MERCH009,Electronics,3390.35,2746.66,Quality issue,1,5,0,0.0,1.0,0.0,approved,0
RET001973,MERCH026,Books,708.66,659.52,Not as described,15,6,1,0.17,0.791,0.029,rejected,0
RET001974,MERCH040,Electronics,479.32,386.34,Changed mind,25,1,0,0.0,0.715,0.0,approved,0
RET001975,MERCH036,Electronics,1393.7,1096.73,Late delivery,40,5,0,0.0,0.733,0.013,approved,0
RET001976,MERCH004,Toys,236.17,224.5,Wrong size,3,4,1,0.25,0.705,0.05,approved,0
RET001977,MERCH012,Home & Kitchen,161.56,160.15,Wrong size,24,5,0,0.0,0.563,0.078,approved,0
RET001978,MERCH009,Sports,892.31,693.38,Late delivery,12,6,1,0.17,0.77,0.15,approved,0
RET001979,MERCH036,Footwear,1257.19,1063.03,Wrong item shipped,24,9,0,0.0,1.0,0.03,approved,0
RET001980,MERCH010,Electronics,2197.6,2144.35,Damaged/Defective,15,1,0,0.0,0.805,0.055,flagged_for_review,1
RET001981,MERCH035,Toys,537.5,487.19,Not as described,4,5,0,0.0,0.617,0.077,approved,0
RET001982,MERCH029,Sports,502.42,407.85,Changed mind,7,7,3,0.43,0.642,0.14,rejected,0
RET001983,MERCH021,Books,608.87,491.13,Damaged/Defective,8,7,1,0.14,1.0,0.071,approved,0
RET001984,MERCH009,Electronics,308.71,289.48,Wrong size,2,8,3,0.38,0.74,0.061,approved,0
RET001985,MERCH015,Electronics,374.05,299.14,Quality issue,30,1,0,0.0,1.0,0.067,approved,0
RET001986,MERCH027,Footwear,1264.27,1235.83,Damaged/Defective,9,4,2,0.5,0.977,0.031,approved,0
RET001987,MERCH038,Footwear,1380.26,1184.12,Damaged/Defective,42,5,0,0.0,0.905,0.039,approved,0
RET001988,MERCH034,Footwear,619.63,509.22,Not as described,5,4,0,0.0,0.904,0.083,approved,0
RET001989,MERCH003,Electronics,1281.04,1065.21,Changed mind,12,6,3,0.5,0.559,0.063,approved,0
RET001990,MERCH032,Electronics,706.39,520.34,Late delivery,17,5,2,0.4,0.608,0.099,approved,0
RET001991,MERCH001,Footwear,999.74,746.35,Late delivery,3,6,0,0.0,0.681,0.0,rejected,0
RET001992,MERCH005,Books,468.63,454.73,Better price found,7,5,1,0.2,0.764,0.071,approved,0
RET001993,MERCH040,Footwear,2993.98,2578.18,Not as described,1,2,0,0.0,0.816,0.038,approved,0
RET001994,MERCH032,Toys,471.31,435.33,Better price found,18,5,2,0.4,0.526,0.07,approved,0
RET001995,MERCH035,Electronics,2226.06,2152.09,Late delivery,3,7,0,0.0,0.511,0.111,approved,0
RET001996,MERCH004,Electronics,435.47,381.6,Changed mind,1,6,0,0.0,0.701,0.072,rejected,0
RET001997,MERCH032,Home & Kitchen,638.6,521.88,Wrong size,2,3,0,0.0,0.703,0.038,rejected,0
RET001998,MERCH030,Electronics,549.32,517.5,Changed mind,25,6,1,0.17,0.345,0.0,approved,0
RET001999,MERCH009,Accessories,646.12,628.96,Damaged/Defective,2,6,0,0.0,0.994,0.067,approved,0
RET002000,MERCH006,Books,213.51,197.86,Damaged/Defective,3,3,0,0.0,0.971,0.102,approved,0
RET002001,MERCH024,Apparel,744.02,569.72,Wrong size,14,4,1,0.25,0.98,0.043,approved,0
RET002002,MERCH026,Toys,682.43,678.38,Changed mind,7,8,1,0.12,0.618,0.0,rejected,0
RET002003,MERCH004,Apparel,1413.36,1018.23,Wrong item shipped,3,5,0,0.0,0.989,0.009,approved,0
RET002004,MERCH033,Books,662.07,624.21,Wrong item shipped,3,8,4,0.5,0.971,0.005,approved,0
RET002005,MERCH019,Electronics,687.03,679.76,Changed mind,3,8,2,0.25,0.349,0.084,rejected,0
RET002006,MERCH022,Beauty,572.68,482.69,Better price found,12,3,1,0.33,0.59,0.0,approved,0
RET002007,MERCH014,Books,947.86,923.37,Quality issue,50,4,1,0.25,0.698,0.142,approved,0
RET002008,MERCH015,Accessories,106.89,106.86,Damaged/Defective,5,4,1,0.25,1.0,0.0,approved,0
RET002009,MERCH039,Accessories,568.43,512.55,Wrong size,9,5,2,0.4,0.387,0.077,rejected,0
RET002010,MERCH023,Electronics,1304.46,1081.44,Damaged/Defective,18,4,2,0.5,1.0,0.145,approved,0
RET002011,MERCH030,Beauty,84.8,75.27,Late delivery,18,8,1,0.12,0.581,0.152,approved,0
RET002012,MERCH034,Electronics,682.13,664.42,Quality issue,11,8,1,0.12,1.0,0.048,approved,0
RET002013,MERCH038,Electronics,616.31,505.49,Not as described,4,3,0,0.0,0.952,0.013,approved,0
RET002014,MERCH015,Electronics,356.15,350.08,Changed mind,21,3,0,0.0,0.682,0.013,approved,0
RET002015,MERCH036,Apparel,247.31,206.83,Better price found,11,3,0,0.0,0.728,0.093,rejected,0
RET002016,MERCH031,Footwear,3561.06,2865.56,Damaged/Defective,4,6,0,0.0,1.0,0.0,approved,0
RET002017,MERCH028,Toys,520.89,418.62,Wrong item shipped,2,3,1,0.33,1.0,0.097,approved,0
RET002018,MERCH038,Beauty,359.92,283.28,Damaged/Defective,18,5,0,0.0,1.0,0.072,approved,0
RET002019,MERCH029,Apparel,1072.89,1069.24,Changed mind,6,5,0,0.0,0.565,0.098,approved,0
RET002020,MERCH026,Books,2042.1,1449.45,Changed mind,8,5,0,0.0,0.764,0.001,rejected,0
RET002021,MERCH033,Home & Kitchen,996.84,898.38,Not as described,3,2,0,0.0,0.748,0.059,rejected,0
RET002022,MERCH031,Apparel,678.77,672.16,Late delivery,9,3,0,0.0,0.616,0.088,rejected,0
RET002023,MERCH039,Books,1850.64,1561.18,Better price found,16,10,4,0.4,0.555,0.028,rejected,0
RET002024,MERCH036,Books,1693.73,1567.48,Quality issue,18,3,1,0.33,1.0,0.091,approved,0
RET002025,MERCH036,Books,1315.49,1261.38,Wrong item shipped,20,5,2,0.4,1.0,0.025,approved,0
RET002026,MERCH006,Accessories,707.83,590.24,Wrong item shipped,12,5,1,0.2,1.0,0.033,approved,0
RET002027,MERCH031,Home & Kitchen,207.51,158.32,Changed mind,18,6,1,0.17,0.506,0.0,rejected,0
RET002028,MERCH022,Beauty,306.2,275.45,Late delivery,6,3,1,0.33,0.783,0.049,approved,0
RET002029,MERCH031,Electronics,2993.97,2344.18,Better price found,8,8,0,0.0,0.491,0.148,approved,0
RET002030,MERCH010,Beauty,2059.03,1962.09,Wrong item shipped,1,6,3,0.5,0.837,0.038,approved,0
RET002031,MERCH003,Accessories,5384.19,4462.53,Damaged/Defective,4,7,0,0.0,0.965,0.115,approved,0
RET002032,MERCH027,Footwear,814.77,791.57,Wrong size,9,7,1,0.14,0.805,0.103,approved,0
RET002033,MERCH012,Apparel,462.0,419.56,Not as described,32,2,0,0.0,0.519,0.032,rejected,0
RET002034,MERCH011,Footwear,2150.21,1544.19,Changed mind,2,3,1,0.33,0.647,0.098,flagged_for_review,1
RET002035,MERCH021,Footwear,1813.02,1478.83,Not as described,6,4,0,0.0,0.759,0.0,approved,0
RET002036,MERCH015,Books,359.07,327.88,Not as described,23,8,0,0.0,0.918,0.036,approved,0
RET002037,MERCH020,Accessories,506.23,470.34,Wrong size,7,6,1,0.17,0.753,0.055,rejected,0
RET002038,MERCH001,Toys,469.28,356.81,Wrong size,3,4,1,0.25,0.755,0.037,approved,0
RET002039,MERCH001,Books,812.21,767.8,Wrong item shipped,1,4,2,0.5,0.827,0.005,rejected,0
RET002040,MERCH015,Toys,449.25,434.32,Wrong size,3,6,1,0.17,0.838,0.064,approved,0
RET002041,MERCH015,Toys,440.03,409.6,Changed mind,4,3,0,0.0,0.665,0.058,approved,0
RET002042,MERCH032,Toys,205.71,189.63,Wrong item shipped,24,6,0,0.0,0.926,0.003,rejected,0
RET002043,MERCH022,Electronics,314.38,230.12,Wrong size,1,6,1,0.17,0.881,0.112,flagged_for_review,1
RET002044,MERCH036,Home & Kitchen,1276.44,1271.37,Not as described,35,3,0,0.0,0.761,0.07,rejected,0
RET002045,MERCH025,Electronics,418.57,294.95,Quality issue,3,2,0,0.0,0.857,0.01,approved,0
RET002046,MERCH030,Beauty,273.36,192.23,Damaged/Defective,3,2,0,0.0,0.832,0.077,approved,0
RET002047,MERCH010,Footwear,765.72,725.41,Changed mind,38,5,0,0.0,0.176,0.057,rejected,0
RET002048,MERCH023,Accessories,478.88,435.66,Quality issue,6,6,1,0.17,0.903,0.07,approved,0
RET002049,MERCH036,Sports,321.28,267.67,Changed mind,9,6,0,0.0,0.836,0.061,approved,0
RET002050,MERCH026,Electronics,206.29,179.23,Quality issue,8,9,1,0.11,1.0,0.056,flagged_for_review,1
RET002051,MERCH021,Electronics,292.59,253.42,Better price found,12,6,1,0.17,0.852,0.084,approved,0
RET002052,MERCH029,Apparel,238.39,212.84,Quality issue,6,4,1,0.25,1.0,0.105,approved,0
RET002053,MERCH038,Beauty,1899.58,1583.99,Damaged/Defective,20,6,1,0.17,0.997,0.035,approved,0
RET002054,MERCH007,Beauty,527.14,494.64,Not as described,11,1,0,0.0,0.848,0.031,approved,0
RET002055,MERCH009,Toys,216.28,210.94,Changed mind,8,6,0,0.0,0.502,0.098,flagged_for_review,1
RET002056,MERCH008,Home & Kitchen,901.08,805.01,Changed mind,7,3,1,0.33,0.776,0.03,rejected,0
RET002057,MERCH031,Footwear,1394.5,1171.47,Changed mind,24,6,2,0.33,0.374,0.069,rejected,0
RET002058,MERCH039,Books,1708.45,1433.15,Better price found,52,2,0,0.0,0.137,0.171,rejected,0
RET002059,MERCH017,Home & Kitchen,650.34,605.09,Wrong size,3,5,1,0.2,0.753,0.047,approved,0
RET002060,MERCH027,Apparel,1690.15,1257.11,Wrong size,1,6,0,0.0,0.767,0.041,approved,0
RET002061,MERCH040,Home & Kitchen,813.83,705.63,Late delivery,5,4,1,0.25,0.761,0.053,approved,0
RET002062,MERCH029,Beauty,558.6,476.03,Not as described,26,4,1,0.25,0.735,0.02,rejected,0
RET002063,MERCH019,Apparel,2459.08,1799.0,Late delivery,4,5,0,0.0,0.612,0.099,approved,0
RET002064,MERCH040,Accessories,1536.62,1425.15,Changed mind,8,8,1,0.12,0.598,0.021,approved,0
RET002065,MERCH026,Beauty,1234.45,1063.22,Changed mind,33,4,0,0.0,0.391,0.072,approved,0
RET002066,MERCH016,Accessories,3102.35,2836.1,Not as described,14,6,0,0.0,0.635,0.112,approved,0
RET002067,MERCH001,Beauty,401.28,294.41,Quality issue,10,4,0,0.0,1.0,0.045,approved,0
RET002068,MERCH032,Toys,375.22,365.42,Changed mind,9,9,1,0.11,0.605,0.072,approved,0
RET002069,MERCH036,Toys,585.82,513.18,Damaged/Defective,16,6,0,0.0,1.0,0.063,approved,0
RET002070,MERCH033,Home & Kitchen,497.83,437.02,Damaged/Defective,17,7,2,0.29,1.0,0.143,flagged_for_review,1
RET002071,MERCH027,Beauty,546.16,533.77,Wrong item shipped,1,3,1,0.33,1.0,0.001,approved,0
RET002072,MERCH019,Apparel,145.46,119.71,Changed mind,13,8,1,0.12,0.392,0.094,rejected,0
RET002073,MERCH031,Beauty,1523.89,1217.75,Not as described,38,4,1,0.25,0.394,0.0,approved,0
RET002074,MERCH025,Electronics,663.24,549.28,Quality issue,1,4,2,0.5,0.764,0.075,approved,0
RET002075,MERCH010,Apparel,804.54,770.25,Wrong size,13,5,0,0.0,0.569,0.1,approved,0
RET002076,MERCH018,Electronics,938.63,814.05,Changed mind,3,5,0,0.0,0.69,0.028,approved,0
RET002077,MERCH002,Electronics,1216.17,1103.86,Changed mind,5,4,1,0.25,0.741,0.136,approved,0
RET002078,MERCH031,Accessories,674.47,497.58,Changed mind,59,3,0,0.0,0.083,0.251,rejected,0
RET002079,MERCH015,Toys,132.48,95.49,Changed mind,15,3,1,0.33,0.697,0.045,approved,0
RET002080,MERCH011,Electronics,170.12,133.91,Changed mind,6,7,1,0.14,0.649,0.105,approved,0
RET002081,MERCH024,Footwear,1070.57,816.79,Quality issue,2,9,0,0.0,1.0,0.077,approved,0
RET002082,MERCH024,Home & Kitchen,1465.05,1154.13,Wrong size,4,2,0,0.0,0.928,0.0,approved,0
RET002083,MERCH005,Home & Kitchen,2276.8,1701.81,Damaged/Defective,30,1,0,0.0,1.0,0.122,flagged_for_review,1
RET002084,MERCH022,Beauty,525.52,452.65,Quality issue,1,3,0,0.0,0.908,0.061,rejected,0
RET002085,MERCH014,Electronics,374.68,371.03,Not as described,1,6,2,0.33,0.746,0.05,approved,0
RET002086,MERCH031,Sports,715.95,542.03,Changed mind,3,7,1,0.14,0.494,0.058,rejected,0
RET002087,MERCH032,Beauty,381.22,269.35,Damaged/Defective,7,5,1,0.2,0.939,0.0,approved,0
RET002088,MERCH040,Footwear,981.07,884.2,Not as described,21,3,1,0.33,0.847,0.106,approved,0
RET002089,MERCH007,Sports,1023.73,891.28,Wrong size,3,6,2,0.33,0.693,0.0,approved,0
RET002090,MERCH004,Toys,1449.72,1097.69,Better price found,6,2,1,0.5,0.627,0.073,approved,0
RET002091,MERCH030,Beauty,3882.89,2769.23,Damaged/Defective,6,8,1,0.12,0.825,0.007,approved,0
RET002092,MERCH031,Electronics,440.56,330.45,Not as described,13,6,1,0.17,0.58,0.031,approved,0
RET002093,MERCH003,Beauty,648.23,526.19,Wrong item shipped,73,3,0,0.0,0.737,0.187,approved,0
RET002094,MERCH031,Beauty,1001.78,767.33,Changed mind,1,11,2,0.18,0.466,0.053,rejected,0
RET002095,MERCH023,Home & Kitchen,899.42,741.93,Changed mind,2,7,1,0.14,0.661,0.0,approved,0
RET002096,MERCH033,Beauty,1318.36,1194.2,Wrong size,13,7,0,0.0,0.649,0.057,approved,0
RET002097,MERCH009,Accessories,1918.18,1423.68,Damaged/Defective,8,2,0,0.0,1.0,0.106,approved,0
RET002098,MERCH013,Sports,2127.46,1537.71,Late delivery,4,4,0,0.0,0.799,0.078,rejected,0
RET002099,MERCH008,Electronics,1475.76,1127.63,Wrong size,26,7,2,0.29,0.803,0.0,approved,0
RET002100,MERCH023,Electronics,1219.4,925.73,Wrong item shipped,21,6,1,0.17,1.0,0.168,approved,0
RET002101,MERCH033,Apparel,1109.91,862.99,Wrong size,12,5,1,0.2,0.837,0.068,rejected,0
RET002102,MERCH021,Apparel,442.49,393.73,Damaged/Defective,20,4,1,0.25,1.0,0.017,approved,0
RET002103,MERCH008,Apparel,272.55,269.93,Better price found,2,7,0,0.0,0.694,0.111,flagged_for_review,1
RET002104,MERCH016,Footwear,188.63,147.7,Changed mind,5,5,1,0.2,0.49,0.1,rejected,0
RET002105,MERCH011,Electronics,386.59,381.42,Wrong size,3,4,0,0.0,0.793,0.0,approved,0
RET002106,MERCH001,Accessories,227.35,189.97,Wrong size,10,3,0,0.0,0.605,0.023,approved,0
RET002107,MERCH007,Apparel,93.47,80.7,Damaged/Defective,4,7,0,0.0,0.996,0.049,approved,0
RET002108,MERCH038,Toys,804.73,621.28,Quality issue,13,3,1,0.33,1.0,0.077,approved,0
RET002109,MERCH004,Books,983.52,873.11,Not as described,4,4,0,0.0,0.798,0.049,rejected,0
RET002110,MERCH037,Books,1329.91,1258.2,Better price found,7,8,1,0.12,0.805,0.023,approved,0
RET002111,MERCH003,Accessories,1133.53,943.81,Not as described,32,4,0,0.0,0.496,0.04,approved,0
RET002112,MERCH002,Toys,1502.01,1366.52,Not as described,3,3,2,0.67,0.499,0.415,rejected,1
RET002113,MERCH022,Footwear,1705.73,1449.2,Not as described,18,6,0,0.0,0.745,0.025,rejected,0
RET002114,MERCH040,Sports,973.94,784.81,Changed mind,7,6,2,0.33,0.667,0.067,rejected,0
RET002115,MERCH021,Toys,101.67,98.46,Damaged/Defective,14,3,0,0.0,1.0,0.1,approved,0
RET002116,MERCH015,Sports,365.13,329.3,Better price found,14,7,1,0.14,0.607,0.059,approved,0
RET002117,MERCH004,Accessories,621.42,466.1,Wrong size,4,3,0,0.0,0.676,0.114,rejected,1
RET002118,MERCH012,Apparel,710.32,644.77,Changed mind,3,3,1,0.33,0.524,0.146,approved,0
RET002119,MERCH020,Accessories,688.89,608.62,Wrong item shipped,5,8,1,0.12,0.884,0.075,approved,0
RET002120,MERCH007,Books,754.59,636.65,Quality issue,28,8,0,0.0,1.0,0.008,approved,0
RET002121,MERCH025,Electronics,254.76,186.2,Wrong size,16,3,0,0.0,0.534,0.034,approved,0
RET002122,MERCH008,Books,238.5,220.3,Damaged/Defective,6,6,0,0.0,1.0,0.085,approved,0
RET002123,MERCH003,Apparel,532.03,524.39,Not as described,2,2,0,0.0,0.97,0.01,approved,0
RET002124,MERCH021,Beauty,3983.16,3478.68,Better price found,21,2,0,0.0,0.697,0.053,rejected,0
RET002125,MERCH019,Apparel,527.24,501.49,Not as described,6,6,1,0.17,0.717,0.0,approved,0
RET002126,MERCH012,Footwear,408.13,387.19,Quality issue,5,1,0,0.0,0.888,0.156,approved,0
RET002127,MERCH026,Home & Kitchen,839.86,703.03,Wrong size,1,2,0,0.0,0.684,0.099,approved,0
RET002128,MERCH005,Home & Kitchen,381.77,276.69,Damaged/Defective,14,8,3,0.38,1.0,0.033,approved,0
RET002129,MERCH010,Beauty,1038.27,933.43,Changed mind,25,4,1,0.25,0.511,0.077,rejected,0
RET002130,MERCH031,Books,985.86,792.54,Quality issue,7,3,0,0.0,0.983,0.024,approved,0
RET002131,MERCH026,Toys,288.83,267.52,Wrong size,16,4,1,0.25,0.826,0.037,approved,0
RET002132,MERCH007,Electronics,1312.6,1140.17,Wrong size,2,4,1,0.25,0.751,0.133,approved,0
RET002133,MERCH025,Footwear,416.7,337.75,Damaged/Defective,17,5,0,0.0,0.781,0.004,rejected,0
RET002134,MERCH003,Toys,705.96,564.13,Better price found,14,3,1,0.33,0.623,0.104,approved,0
RET002135,MERCH027,Toys,1553.21,1485.12,Quality issue,6,3,0,0.0,1.0,0.0,approved,0
RET002136,MERCH001,Books,1586.08,1475.68,Better price found,34,6,2,0.33,0.115,0.109,rejected,0
RET002137,MERCH039,Beauty,253.91,250.11,Late delivery,38,5,0,0.0,0.432,0.114,approved,0
RET002138,MERCH031,Accessories,100.5,73.22,Wrong size,4,7,0,0.0,0.653,0.073,approved,0
RET002139,MERCH016,Sports,555.2,419.77,Damaged/Defective,20,4,0,0.0,0.918,0.0,approved,0
RET002140,MERCH007,Electronics,1040.82,743.29,Late delivery,3,5,0,0.0,0.76,0.058,rejected,0
RET002141,MERCH007,Apparel,637.99,585.63,Wrong size,1,5,1,0.2,0.665,0.034,approved,0
RET002142,MERCH012,Footwear,560.19,533.11,Not as described,2,6,1,0.17,0.77,0.0,rejected,0
RET002143,MERCH027,Sports,354.78,319.07,Damaged/Defective,7,3,0,0.0,1.0,0.099,approved,0
RET002144,MERCH006,Beauty,1070.76,1055.39,Changed mind,3,8,2,0.25,0.74,0.0,approved,0
RET002145,MERCH029,Home & Kitchen,691.69,641.78,Late delivery,1,2,1,0.5,0.861,0.031,rejected,0
RET002146,MERCH009,Accessories,554.32,446.24,Damaged/Defective,12,3,1,0.33,1.0,0.144,approved,0
RET002147,MERCH030,Footwear,4343.34,3639.87,Quality issue,43,2,0,0.0,0.481,0.054,approved,0
RET002148,MERCH035,Home & Kitchen,206.82,181.49,Damaged/Defective,1,6,2,0.33,0.656,0.036,rejected,0
RET002149,MERCH028,Apparel,635.55,601.04,Damaged/Defective,21,6,1,0.17,0.951,0.063,approved,0
RET002150,MERCH028,Sports,1408.78,1068.32,Changed mind,5,8,0,0.0,0.685,0.049,approved,0
RET002151,MERCH009,Home & Kitchen,437.85,416.16,Changed mind,5,3,0,0.0,0.528,0.166,rejected,0
RET002152,MERCH022,Books,1240.26,1211.73,Wrong size,22,8,1,0.12,0.793,0.013,approved,0
RET002153,MERCH012,Beauty,277.17,226.65,Not as described,19,3,1,0.33,0.665,0.0,rejected,0
RET002154,MERCH011,Beauty,124.47,109.11,Wrong size,12,7,2,0.29,0.751,0.084,approved,0
RET002155,MERCH028,Footwear,2094.72,1477.1,Better price found,4,4,1,0.25,0.651,0.038,rejected,0
RET002156,MERCH016,Beauty,197.45,156.19,Changed mind,3,6,0,0.0,0.294,0.104,rejected,0
RET002157,MERCH038,Electronics,442.77,347.42,Changed mind,5,7,0,0.0,0.561,0.02,rejected,0
RET002158,MERCH003,Beauty,407.29,345.42,Quality issue,2,7,1,0.14,1.0,0.0,approved,0
RET002159,MERCH004,Accessories,440.01,426.32,Not as described,1,3,1,0.33,0.857,0.039,approved,0
RET002160,MERCH036,Accessories,431.16,355.67,Better price found,7,6,0,0.0,0.813,0.07,approved,0
RET002161,MERCH031,Beauty,474.32,406.56,Changed mind,12,4,3,0.75,0.24,0.415,rejected,0
RET002162,MERCH012,Footwear,318.39,298.72,Wrong size,3,4,0,0.0,0.574,0.179,approved,0
RET002163,MERCH027,Home & Kitchen,297.72,283.14,Quality issue,3,9,2,0.22,1.0,0.014,approved,0
RET002164,MERCH034,Apparel,338.44,322.47,Damaged/Defective,10,6,1,0.17,1.0,0.062,approved,0
RET002165,MERCH013,Beauty,1701.11,1571.97,Wrong item shipped,3,8,1,0.12,0.983,0.123,approved,0
RET002166,MERCH035,Electronics,1367.89,990.33,Changed mind,13,6,0,0.0,0.362,0.0,approved,0
RET002167,MERCH006,Electronics,324.09,252.18,Wrong size,2,3,0,0.0,0.991,0.074,approved,0
RET002168,MERCH014,Electronics,240.25,201.87,Wrong size,14,3,0,0.0,0.879,0.0,approved,0
RET002169,MERCH004,Beauty,80.04,60.95,Quality issue,1,6,2,0.33,0.982,0.089,approved,0
RET002170,MERCH018,Footwear,481.12,459.15,Wrong size,7,6,1,0.17,0.963,0.0,approved,0
RET002171,MERCH035,Sports,602.2,492.82,Changed mind,14,4,1,0.25,0.36,0.0,rejected,0
RET002172,MERCH035,Apparel,626.99,575.29,Damaged/Defective,4,4,2,0.5,0.768,0.021,rejected,0
RET002173,MERCH036,Books,542.73,496.55,Wrong size,18,2,0,0.0,0.978,0.009,rejected,0
RET002174,MERCH008,Books,377.52,339.14,Late delivery,6,4,1,0.25,0.742,0.009,rejected,0
RET002175,MERCH006,Toys,619.79,436.0,Wrong size,15,5,0,0.0,0.832,0.074,approved,0
RET002176,MERCH007,Toys,403.98,283.52,Wrong size,11,7,1,0.14,0.734,0.09,approved,0
RET002177,MERCH008,Apparel,335.28,335.26,Changed mind,5,3,0,0.0,0.773,0.0,approved,0
RET002178,MERCH019,Apparel,757.05,620.12,Changed mind,23,8,0,0.0,0.44,0.046,approved,0
RET002179,MERCH031,Toys,2176.42,1830.25,Wrong size,5,3,0,0.0,0.612,0.106,approved,0
RET002180,MERCH002,Home & Kitchen,1032.87,980.98,Damaged/Defective,31,1,0,0.0,0.777,0.117,approved,0
RET002181,MERCH013,Footwear,456.78,342.72,Wrong size,6,4,0,0.0,0.919,0.053,approved,0
RET002182,MERCH019,Apparel,1702.48,1501.27,Wrong size,2,6,1,0.17,0.666,0.035,approved,0
RET002183,MERCH019,Electronics,907.96,801.16,Quality issue,6,6,1,0.17,0.985,0.102,approved,0
RET002184,MERCH009,Books,1075.15,1030.03,Wrong item shipped,5,3,1,0.33,1.0,0.071,approved,0
RET002185,MERCH030,Electronics,516.07,476.24,Not as described,7,6,2,0.33,0.296,0.007,rejected,0
RET002186,MERCH029,Electronics,1191.24,951.05,Changed mind,5,5,0,0.0,0.558,0.072,approved,0
RET002187,MERCH024,Toys,1314.18,1198.21,Changed mind,1,5,0,0.0,0.696,0.0,approved,0
RET002188,MERCH007,Apparel,280.71,241.36,Better price found,18,6,0,0.0,0.637,0.094,approved,0
RET002189,MERCH020,Toys,402.65,294.62,Quality issue,4,9,4,0.44,1.0,0.042,approved,0
RET002190,MERCH030,Electronics,627.11,460.17,Damaged/Defective,5,9,1,0.11,0.789,0.023,rejected,0
RET002191,MERCH021,Books,1525.51,1426.51,Wrong size,1,5,0,0.0,0.804,0.142,approved,0
RET002192,MERCH033,Sports,865.39,616.62,Quality issue,14,3,0,0.0,1.0,0.094,approved,0
RET002193,MERCH015,Beauty,209.22,203.01,Wrong size,12,6,0,0.0,0.941,0.024,approved,0
RET002194,MERCH034,Accessories,904.16,805.3,Not as described,13,6,0,0.0,0.854,0.085,flagged_for_review,1
RET002195,MERCH013,Electronics,734.35,515.33,Not as described,5,6,0,0.0,0.864,0.083,approved,0
RET002196,MERCH032,Books,666.09,642.09,Not as described,4,6,2,0.33,0.877,0.105,approved,0
RET002197,MERCH001,Accessories,996.54,982.36,Changed mind,3,7,2,0.29,0.518,0.023,rejected,0
RET002198,MERCH010,Footwear,434.14,322.88,Better price found,1,3,0,0.0,0.437,0.056,rejected,0
RET002199,MERCH015,Electronics,370.04,322.74,Changed mind,1,8,1,0.12,0.718,0.039,approved,0
RET002200,MERCH009,Beauty,2281.02,1729.16,Quality issue,8,3,0,0.0,1.0,0.078,approved,0
RET002201,MERCH019,Apparel,1616.54,1355.4,Wrong size,6,6,1,0.17,0.596,0.0,rejected,0
RET002202,MERCH026,Apparel,1321.31,1109.21,Changed mind,11,6,0,0.0,0.628,0.082,approved,0
RET002203,MERCH040,Accessories,1358.04,1170.72,Quality issue,5,3,0,0.0,1.0,0.086,flagged_for_review,1
RET002204,MERCH040,Sports,2759.2,2364.01,Changed mind,7,8,0,0.0,0.637,0.096,approved,0
RET002205,MERCH038,Footwear,695.85,635.15,Better price found,12,5,0,0.0,0.587,0.1,rejected,0
RET002206,MERCH035,Accessories,304.47,251.62,Damaged/Defective,25,4,0,0.0,0.787,0.071,approved,0
RET002207,MERCH026,Footwear,381.99,346.99,Better price found,8,3,1,0.33,0.605,0.073,approved,0
RET002208,MERCH037,Toys,428.34,402.45,Quality issue,9,5,1,0.2,1.0,0.101,approved,0
RET002209,MERCH034,Toys,1260.86,1045.48,Wrong size,2,4,0,0.0,0.952,0.033,approved,0
RET002210,MERCH009,Electronics,794.15,654.41,Better price found,3,3,0,0.0,0.725,0.072,approved,0
RET002211,MERCH022,Books,163.41,135.57,Wrong size,9,6,0,0.0,0.813,0.126,approved,0
RET002212,MERCH031,Toys,663.57,588.61,Damaged/Defective,17,2,0,0.0,0.88,0.08,approved,0
RET002213,MERCH012,Accessories,2148.64,1546.57,Late delivery,2,7,1,0.14,0.585,0.0,approved,0
RET002214,MERCH011,Toys,192.92,155.16,Wrong item shipped,38,5,1,0.2,0.86,0.0,approved,0
RET002215,MERCH008,Beauty,538.37,440.05,Late delivery,20,4,1,0.25,0.768,0.0,approved,0
RET002216,MERCH037,Sports,1273.49,1084.54,Late delivery,62,4,0,0.0,0.647,0.248,approved,0
RET002217,MERCH025,Apparel,458.64,358.8,Better price found,2,6,0,0.0,0.394,0.035,rejected,0
RET002218,MERCH005,Sports,339.49,316.02,Changed mind,4,8,2,0.25,0.612,0.022,rejected,0
RET002219,MERCH039,Apparel,2366.46,2021.12,Not as described,4,7,2,0.29,0.737,0.11,flagged_for_review,1
RET002220,MERCH022,Books,3067.79,2147.96,Changed mind,12,6,0,0.0,0.546,0.0,rejected,0
RET002221,MERCH017,Books,640.59,527.63,Damaged/Defective,3,3,0,0.0,0.998,0.107,approved,0
RET002222,MERCH022,Sports,499.44,418.97,Wrong size,20,10,0,0.0,0.657,0.123,approved,0
RET002223,MERCH029,Electronics,1003.95,704.35,Damaged/Defective,1,4,1,0.25,1.0,0.101,approved,0
RET002224,MERCH028,Apparel,782.15,598.43,Changed mind,20,4,0,0.0,0.551,0.127,flagged_for_review,1
RET002225,MERCH034,Sports,1404.24,1293.21,Not as described,3,5,0,0.0,1.0,0.016,approved,0
RET002226,MERCH008,Apparel,435.46,379.51,Not as described,15,7,0,0.0,0.829,0.068,approved,0
RET002227,MERCH025,Toys,1313.56,1292.64,Wrong size,53,2,0,0.0,0.438,0.167,approved,0
RET002228,MERCH040,Home & Kitchen,581.65,483.94,Damaged/Defective,12,9,3,0.33,1.0,0.058,approved,0
RET002229,MERCH019,Footwear,516.02,479.21,Damaged/Defective,6,3,0,0.0,0.848,0.087,approved,0
RET002230,MERCH011,Sports,1923.8,1649.69,Changed mind,11,5,2,0.4,0.574,0.077,approved,0
RET002231,MERCH012,Apparel,453.86,395.69,Wrong item shipped,6,2,0,0.0,0.934,0.057,approved,0
RET002232,MERCH005,Electronics,586.22,498.71,Changed mind,12,4,1,0.25,0.578,0.04,rejected,0
RET002233,MERCH036,Electronics,188.63,172.22,Changed mind,6,4,1,0.25,0.896,0.0,approved,0
RET002234,MERCH024,Apparel,1201.76,1160.1,Changed mind,29,4,1,0.25,0.714,0.056,approved,0
RET002235,MERCH003,Home & Kitchen,1276.34,1100.78,Changed mind,2,2,0,0.0,0.549,0.048,approved,0
RET002236,MERCH005,Home & Kitchen,3587.85,2612.3,Late delivery,22,5,0,0.0,0.791,0.106,approved,0
RET002237,MERCH002,Sports,270.42,235.63,Not as described,6,2,0,0.0,0.699,0.131,rejected,1
RET002238,MERCH023,Accessories,378.79,354.75,Wrong size,1,3,1,0.33,0.636,0.028,approved,0
RET002239,MERCH037,Sports,149.52,112.38,Wrong size,31,3,1,0.33,0.443,0.056,rejected,0
RET002240,MERCH032,Accessories,278.31,223.48,Late delivery,2,3,1,0.33,0.655,0.073,approved,0
RET002241,MERCH019,Toys,2573.56,2361.75,Late delivery,12,5,0,0.0,0.625,0.013,approved,0
RET002242,MERCH004,Apparel,77.64,73.9,Quality issue,7,1,0,0.0,0.889,0.073,approved,0
RET002243,MERCH007,Apparel,190.59,145.55,Not as described,13,1,0,0.0,0.787,0.096,approved,0
RET002244,MERCH040,Apparel,1326.95,1147.94,Wrong item shipped,4,3,1,0.33,1.0,0.074,approved,0
RET002245,MERCH006,Toys,174.76,134.61,Wrong size,11,8,2,0.25,1.0,0.0,approved,0
RET002246,MERCH034,Sports,362.39,317.24,Better price found,7,7,2,0.29,0.761,0.0,approved,0
RET002247,MERCH002,Books,1251.92,1056.93,Wrong size,1,6,3,0.5,0.803,0.051,approved,0
RET002248,MERCH030,Apparel,349.56,330.1,Wrong item shipped,10,5,0,0.0,0.875,0.033,approved,0
RET002249,MERCH018,Home & Kitchen,746.68,609.21,Better price found,5,5,1,0.2,0.677,0.013,approved,0
RET002250,MERCH027,Home & Kitchen,3591.81,2966.67,Quality issue,9,6,1,0.17,1.0,0.042,approved,0
RET002251,MERCH016,Footwear,88.55,69.19,Changed mind,6,7,0,0.0,0.354,0.0,rejected,0
RET002252,MERCH025,Beauty,716.77,516.81,Wrong size,2,3,1,0.33,0.7,0.017,rejected,0
RET002253,MERCH011,Books,316.88,286.12,Wrong size,7,7,1,0.14,0.758,0.077,approved,0
RET002254,MERCH005,Sports,928.55,814.23,Changed mind,2,7,1,0.14,0.674,0.003,rejected,0
RET002255,MERCH016,Sports,351.39,349.92,Wrong size,1,6,2,0.33,0.594,0.0,approved,0
RET002256,MERCH018,Apparel,268.25,196.88,Changed mind,1,5,1,0.2,0.763,0.077,rejected,0
RET002257,MERCH021,Toys,275.28,253.56,Better price found,14,5,1,0.2,0.699,0.055,approved,0
RET002258,MERCH027,Toys,1078.56,1009.7,Wrong size,3,4,0,0.0,0.965,0.0,approved,0
RET002259,MERCH016,Sports,296.71,230.16,Better price found,8,7,2,0.29,0.388,0.094,approved,0
RET002260,MERCH031,Beauty,247.44,179.24,Damaged/Defective,27,2,1,0.5,0.909,0.023,approved,0
RET002261,MERCH015,Electronics,521.04,457.66,Changed mind,3,1,1,1.0,0.436,0.445,rejected,0
RET002262,MERCH031,Electronics,1178.97,920.93,Wrong item shipped,4,8,0,0.0,0.822,0.133,approved,0
RET002263,MERCH024,Toys,1675.16,1499.34,Changed mind,4,3,1,0.33,0.712,0.04,approved,0
RET002264,MERCH037,Toys,330.19,262.11,Changed mind,28,5,0,0.0,0.66,0.001,approved,0
RET002265,MERCH005,Toys,1003.15,815.2,Not as described,15,5,0,0.0,0.831,0.055,approved,0
RET002266,MERCH014,Apparel,1061.37,1035.98,Not as described,5,7,1,0.14,0.709,0.0,approved,0
RET002267,MERCH002,Footwear,1982.94,1528.28,Better price found,20,6,1,0.17,0.626,0.0,approved,0
RET002268,MERCH005,Beauty,166.87,148.9,Wrong item shipped,2,2,0,0.0,0.984,0.096,approved,0
RET002269,MERCH037,Home & Kitchen,383.21,322.65,Late delivery,3,4,0,0.0,0.757,0.063,approved,0
RET002270,MERCH008,Accessories,979.07,963.04,Better price found,1,8,1,0.12,0.698,0.04,approved,0
RET002271,MERCH015,Electronics,429.85,306.97,Wrong item shipped,18,1,0,0.0,1.0,0.0,approved,0
RET002272,MERCH037,Books,1167.81,1146.35,Quality issue,14,3,0,0.0,1.0,0.036,approved,0
RET002273,MERCH009,Sports,1691.72,1210.21,Better price found,23,6,1,0.17,0.726,0.065,approved,0
RET002274,MERCH010,Accessories,542.93,481.58,Changed mind,5,6,1,0.17,0.533,0.048,approved,0
RET002275,MERCH012,Sports,830.68,698.16,Not as described,11,3,0,0.0,0.725,0.064,rejected,0
RET002276,MERCH029,Apparel,450.36,327.11,Changed mind,3,5,0,0.0,0.486,0.009,approved,0
RET002277,MERCH037,Electronics,1986.84,1672.28,Not as described,10,6,1,0.17,0.661,0.0,rejected,0
RET002278,MERCH003,Books,473.42,439.53,Wrong size,1,6,1,0.17,0.933,0.018,approved,0
RET002279,MERCH006,Home & Kitchen,606.71,448.56,Wrong size,7,5,1,0.2,1.0,0.072,approved,0
RET002280,MERCH008,Apparel,390.03,323.03,Damaged/Defective,2,4,1,0.25,1.0,0.048,approved,0
RET002281,MERCH014,Apparel,1031.63,992.78,Damaged/Defective,2,3,0,0.0,0.935,0.0,approved,0
RET002282,MERCH026,Electronics,4442.52,4117.42,Damaged/Defective,20,5,0,0.0,1.0,0.053,approved,0
RET002283,MERCH036,Accessories,366.27,307.81,Late delivery,6,7,0,0.0,1.0,0.007,approved,0
RET002284,MERCH022,Electronics,616.54,471.64,Changed mind,1,5,1,0.2,0.582,0.044,rejected,0
RET002285,MERCH022,Sports,558.08,529.22,Damaged/Defective,18,8,1,0.12,0.951,0.084,approved,0
RET002286,MERCH012,Electronics,419.86,297.38,Damaged/Defective,19,8,1,0.12,0.86,0.062,approved,0
RET002287,MERCH026,Accessories,740.54,674.61,Wrong item shipped,4,8,1,0.12,0.996,0.107,approved,0
RET002288,MERCH001,Home & Kitchen,1253.41,932.98,Damaged/Defective,15,3,1,0.33,0.95,0.103,approved,0
RET002289,MERCH034,Footwear,626.01,558.3,Damaged/Defective,2,4,0,0.0,1.0,0.032,approved,0
RET002290,MERCH028,Toys,2006.31,1840.61,Not as described,5,3,0,0.0,0.603,0.049,approved,0
RET002291,MERCH027,Books,435.04,311.77,Not as described,8,5,1,0.2,0.833,0.087,rejected,0
RET002292,MERCH026,Accessories,1858.34,1441.27,Wrong size,19,4,0,0.0,0.824,0.066,flagged_for_review,1
RET002293,MERCH020,Home & Kitchen,357.11,338.9,Damaged/Defective,1,6,1,0.17,0.74,0.035,approved,0
RET002294,MERCH003,Toys,1842.39,1676.88,Better price found,13,6,1,0.17,0.606,0.028,approved,0
RET002295,MERCH014,Accessories,732.4,612.23,Damaged/Defective,6,3,0,0.0,1.0,0.099,approved,0
RET002296,MERCH025,Apparel,2094.05,1961.44,Changed mind,3,3,0,0.0,0.401,0.092,approved,0
RET002297,MERCH018,Beauty,435.04,416.73,Changed mind,38,6,1,0.17,0.564,0.025,rejected,0
RET002298,MERCH039,Footwear,414.72,362.87,Damaged/Defective,8,6,1,0.17,0.864,0.085,approved,0
RET002299,MERCH023,Home & Kitchen,442.13,323.8,Damaged/Defective,2,6,1,0.17,0.916,0.017,approved,0
RET002300,MERCH027,Sports,1212.84,1048.05,Late delivery,4,4,1,0.25,0.94,0.0,approved,0
RET002301,MERCH006,Sports,701.98,577.93,Wrong item shipped,12,4,0,0.0,1.0,0.132,approved,0
RET002302,MERCH037,Home & Kitchen,544.55,431.06,Changed mind,3,6,0,0.0,0.577,0.0,approved,0
RET002303,MERCH015,Toys,320.35,298.49,Not as described,36,6,2,0.33,0.571,0.128,rejected,1
RET002304,MERCH029,Electronics,590.76,573.96,Better price found,12,4,0,0.0,0.644,0.103,approved,0
RET002305,MERCH017,Footwear,172.72,169.06,Quality issue,13,3,0,0.0,0.894,0.061,approved,0
RET002306,MERCH037,Home & Kitchen,350.2,278.51,Damaged/Defective,2,7,1,0.14,0.973,0.0,approved,0
RET002307,MERCH001,Toys,1844.16,1365.05,Wrong item shipped,5,6,1,0.17,0.857,0.071,approved,0
RET002308,MERCH025,Apparel,219.13,191.53,Not as described,1,4,1,0.25,0.509,0.086,approved,0
RET002309,MERCH008,Apparel,237.84,223.1,Changed mind,4,4,1,0.25,0.741,0.013,rejected,0
RET002310,MERCH036,Books,1038.97,972.85,Wrong size,4,4,0,0.0,0.95,0.176,approved,0
RET002311,MERCH029,Apparel,834.35,736.37,Not as described,8,5,2,0.4,0.668,0.087,flagged_for_review,1
RET002312,MERCH035,Toys,174.75,123.39,Changed mind,12,6,1,0.17,0.293,0.0,approved,0
RET002313,MERCH012,Electronics,1216.1,1083.21,Wrong item shipped,10,1,0,0.0,1.0,0.089,approved,0
RET002314,MERCH009,Books,2361.18,1714.13,Damaged/Defective,1,4,0,0.0,1.0,0.098,approved,0
RET002315,MERCH010,Home & Kitchen,407.04,318.78,Changed mind,23,4,1,0.25,0.51,0.08,rejected,0
RET002316,MERCH033,Books,727.16,532.38,Better price found,1,3,1,0.33,0.59,0.015,approved,0
RET002317,MERCH019,Electronics,256.29,179.6,Late delivery,11,5,1,0.2,0.705,0.044,approved,0
RET002318,MERCH030,Beauty,563.13,433.19,Quality issue,4,2,1,0.5,0.934,0.02,approved,0
RET002319,MERCH013,Home & Kitchen,330.37,241.92,Wrong size,33,4,1,0.25,0.57,0.0,approved,0
RET002320,MERCH038,Accessories,1022.93,806.82,Changed mind,10,6,1,0.17,0.706,0.029,approved,0
RET002321,MERCH029,Beauty,678.27,491.11,Wrong size,2,5,1,0.2,0.611,0.107,flagged_for_review,1
RET002322,MERCH033,Sports,1168.22,1095.27,Wrong size,6,6,2,0.33,0.892,0.085,approved,0
RET002323,MERCH028,Footwear,269.51,209.54,Wrong size,8,5,0,0.0,0.762,0.085,approved,0
RET002324,MERCH025,Sports,301.1,290.8,Changed mind,11,4,0,0.0,0.36,0.084,rejected,0
RET002325,MERCH039,Electronics,1490.97,1379.83,Quality issue,22,3,1,0.33,0.881,0.0,approved,0
RET002326,MERCH019,Accessories,633.53,499.07,Late delivery,31,6,0,0.0,0.392,0.105,approved,0
RET002327,MERCH004,Footwear,1015.96,732.02,Changed mind,12,6,1,0.17,0.656,0.042,approved,0
RET002328,MERCH027,Beauty,414.78,313.4,Wrong size,1,7,1,0.14,0.805,0.066,approved,0
RET002329,MERCH016,Sports,794.39,573.42,Changed mind,26,7,2,0.29,0.341,0.049,rejected,0
RET002330,MERCH030,Electronics,665.31,547.38,Wrong item shipped,24,2,2,1.0,0.516,0.487,rejected,1
RET002331,MERCH011,Electronics,561.96,473.73,Changed mind,4,4,0,0.0,0.723,0.052,approved,0
RET002332,MERCH018,Electronics,721.55,539.65,Quality issue,55,4,0,0.0,0.853,0.159,approved,0
RET002333,MERCH028,Toys,433.74,412.41,Changed mind,12,5,0,0.0,0.512,0.148,rejected,0
RET002334,MERCH010,Toys,388.21,338.04,Changed mind,1,3,0,0.0,0.418,0.014,approved,0
RET002335,MERCH019,Apparel,963.59,858.18,Quality issue,20,4,1,0.25,0.801,0.021,approved,0
RET002336,MERCH007,Apparel,668.22,583.47,Wrong size,6,7,0,0.0,0.742,0.0,rejected,0
RET002337,MERCH018,Electronics,326.39,276.42,Wrong size,19,2,1,0.5,0.943,0.088,approved,0
RET002338,MERCH020,Apparel,887.8,647.2,Better price found,6,8,2,0.25,0.478,0.034,rejected,0
RET002339,MERCH027,Accessories,95.85,79.87,Not as described,26,5,2,0.4,0.895,0.106,approved,0
RET002340,MERCH026,Sports,1411.28,1220.45,Quality issue,7,4,0,0.0,1.0,0.0,approved,0
RET002341,MERCH031,Books,508.25,466.36,Wrong item shipped,15,2,0,0.0,0.928,0.024,rejected,0
RET002342,MERCH032,Footwear,424.43,301.54,Wrong item shipped,1,7,1,0.14,0.889,0.0,approved,0
RET002343,MERCH031,Books,1770.88,1398.61,Damaged/Defective,4,5,1,0.2,0.845,0.0,approved,0
RET002344,MERCH008,Sports,528.97,392.64,Changed mind,7,6,1,0.17,0.908,0.028,approved,0
RET002345,MERCH031,Sports,746.42,734.18,Quality issue,2,4,0,0.0,0.851,0.073,rejected,0
RET002346,MERCH028,Accessories,256.56,252.03,Damaged/Defective,2,4,1,0.25,1.0,0.033,approved,0
RET002347,MERCH031,Sports,743.11,687.33,Damaged/Defective,17,6,0,0.0,0.981,0.05,approved,0
RET002348,MERCH022,Sports,919.64,842.14,Changed mind,4,3,0,0.0,0.839,0.062,approved,0
RET002349,MERCH001,Toys,400.18,341.55,Wrong size,21,4,1,0.25,0.63,0.065,approved,0
RET002350,MERCH020,Electronics,391.55,290.48,Quality issue,2,2,1,0.5,0.939,0.067,approved,0
RET002351,MERCH040,Electronics,428.19,330.35,Late delivery,10,2,0,0.0,0.894,0.078,approved,0
RET002352,MERCH039,Home & Kitchen,526.8,504.02,Better price found,26,4,0,0.0,0.526,0.111,rejected,0
RET002353,MERCH018,Footwear,1060.23,848.44,Not as described,9,12,2,0.17,0.9,0.0,approved,0
RET002354,MERCH036,Apparel,693.01,503.31,Changed mind,2,4,2,0.5,0.692,0.055,approved,0
RET002355,MERCH012,Footwear,2222.08,2082.79,Changed mind,13,8,1,0.12,0.427,0.128,approved,0
RET002356,MERCH005,Toys,1995.37,1515.57,Late delivery,1,4,2,0.5,0.863,0.086,flagged_for_review,1
RET002357,MERCH027,Apparel,527.33,477.02,Better price found,11,8,1,0.12,0.742,0.094,approved,0
RET002358,MERCH013,Beauty,2958.11,2741.9,Changed mind,3,7,1,0.14,0.62,0.021,rejected,0
RET002359,MERCH006,Books,156.69,152.93,Changed mind,6,7,1,0.14,0.704,0.108,rejected,0
RET002360,MERCH006,Footwear,161.67,137.48,Late delivery,8,6,0,0.0,0.908,0.045,approved,0
RET002361,MERCH004,Sports,1497.86,1199.32,Wrong item shipped,12,5,0,0.0,0.854,0.0,rejected,0
RET002362,MERCH012,Beauty,1666.49,1592.38,Late delivery,5,5,1,0.2,0.727,0.038,approved,0
RET002363,MERCH010,Sports,80.56,67.25,Wrong item shipped,3,3,0,0.0,0.823,0.076,approved,0
RET002364,MERCH018,Apparel,145.27,116.93,Not as described,10,3,2,0.67,0.726,0.419,flagged_for_review,1
RET002365,MERCH004,Books,599.98,442.37,Wrong item shipped,6,8,1,0.12,0.917,0.044,approved,0
RET002366,MERCH027,Sports,103.32,96.23,Better price found,21,4,0,0.0,0.701,0.068,rejected,0
RET002367,MERCH031,Accessories,2225.16,2159.35,Changed mind,7,4,0,0.0,0.545,0.0,approved,0
RET002368,MERCH021,Accessories,3652.47,3565.1,Changed mind,31,3,0,0.0,0.405,0.054,approved,0
RET002369,MERCH015,Home & Kitchen,826.83,600.11,Wrong size,5,6,1,0.17,0.831,0.041,rejected,0
RET002370,MERCH027,Toys,3663.6,3106.6,Not as described,9,3,0,0.0,0.775,0.085,approved,0
RET002371,MERCH009,Footwear,366.34,298.11,Wrong size,8,5,0,0.0,0.895,0.06,approved,0
RET002372,MERCH014,Sports,380.99,301.48,Not as described,7,7,1,0.14,0.551,0.106,approved,0
RET002373,MERCH009,Accessories,1967.72,1437.64,Changed mind,10,7,0,0.0,0.8,0.059,approved,0
RET002374,MERCH026,Books,1492.58,1436.41,Better price found,9,5,1,0.2,0.71,0.003,approved,0
RET002375,MERCH032,Footwear,460.39,324.15,Changed mind,5,5,1,0.2,0.378,0.059,rejected,0
RET002376,MERCH022,Beauty,503.38,395.41,Damaged/Defective,10,8,2,0.25,1.0,0.064,approved,0
RET002377,MERCH006,Footwear,1771.96,1696.33,Better price found,16,2,0,0.0,0.686,0.067,approved,0
RET002378,MERCH031,Toys,6137.79,5307.53,Not as described,4,3,0,0.0,0.732,0.044,approved,0
RET002379,MERCH032,Footwear,586.56,453.31,Wrong item shipped,4,4,0,0.0,0.893,0.018,approved,0
RET002380,MERCH030,Home & Kitchen,253.41,192.39,Late delivery,33,3,0,0.0,0.27,0.062,rejected,0
RET002381,MERCH007,Books,2642.01,1879.83,Better price found,1,4,0,0.0,0.644,0.087,rejected,0
RET002382,MERCH039,Books,298.01,236.66,Not as described,6,7,3,0.43,0.546,0.052,rejected,0
RET002383,MERCH024,Electronics,1187.81,1121.47,Better price found,2,3,0,0.0,0.982,0.0,approved,0
RET002384,MERCH018,Accessories,1047.34,790.91,Not as described,23,4,1,0.25,0.924,0.054,approved,0
RET002385,MERCH034,Books,955.7,777.15,Not as described,4,6,2,0.33,0.99,0.072,approved,0
RET002386,MERCH013,Books,678.04,477.51,Better price found,21,5,0,0.0,0.631,0.062,approved,0
RET002387,MERCH006,Footwear,3283.34,2612.36,Wrong size,5,9,2,0.22,0.909,0.0,approved,0
RET002388,MERCH004,Electronics,375.22,346.04,Changed mind,8,4,2,0.5,0.65,0.0,approved,0
RET002389,MERCH008,Footwear,205.12,181.12,Changed mind,18,4,1,0.25,0.737,0.051,approved,0
RET002390,MERCH016,Books,877.71,816.71,Late delivery,54,5,2,0.4,0.355,0.241,rejected,0
RET002391,MERCH030,Accessories,1601.1,1480.33,Wrong size,20,3,1,0.33,0.545,0.047,approved,0
RET002392,MERCH033,Accessories,509.5,434.48,Changed mind,4,3,1,0.33,0.612,0.106,rejected,0
RET002393,MERCH014,Accessories,456.11,350.02,Wrong item shipped,1,9,2,0.22,0.93,0.024,rejected,0
RET002394,MERCH021,Books,2291.24,2011.0,Wrong item shipped,3,6,0,0.0,1.0,0.044,approved,0
RET002395,MERCH008,Footwear,373.81,331.79,Quality issue,3,3,0,0.0,1.0,0.0,approved,0
RET002396,MERCH011,Beauty,652.02,600.82,Better price found,1,4,2,0.5,0.598,0.043,approved,0
RET002397,MERCH028,Toys,1430.95,1086.26,Not as described,7,5,0,0.0,0.741,0.028,rejected,0
RET002398,MERCH030,Accessories,392.11,289.18,Quality issue,1,4,1,0.25,0.634,0.041,approved,0
RET002399,MERCH010,Toys,791.31,719.32,Changed mind,22,6,0,0.0,0.413,0.0,rejected,0
RET002400,MERCH003,Accessories,634.35,560.86,Wrong size,5,4,0,0.0,0.853,0.028,rejected,0
RET002401,MERCH027,Electronics,481.98,399.19,Wrong size,1,2,1,0.5,0.741,0.033,approved,0
RET002402,MERCH039,Sports,199.99,178.37,Damaged/Defective,8,5,1,0.2,0.817,0.0,approved,0
RET002403,MERCH014,Footwear,1262.14,1071.3,Quality issue,1,5,1,0.2,0.911,0.1,flagged_for_review,1
RET002404,MERCH029,Accessories,378.16,326.98,Quality issue,1,5,0,0.0,1.0,0.069,approved,0
RET002405,MERCH027,Accessories,979.53,809.69,Wrong size,5,7,1,0.14,0.8,0.083,approved,0
RET002406,MERCH023,Sports,370.95,273.2,Wrong size,19,3,1,0.33,0.625,0.08,approved,0
RET002407,MERCH016,Electronics,867.19,726.18,Damaged/Defective,14,5,1,0.2,0.824,0.144,flagged_for_review,1
RET002408,MERCH010,Home & Kitchen,424.24,325.12,Changed mind,13,3,0,0.0,0.368,0.035,rejected,0
RET002409,MERCH027,Accessories,342.68,253.44,Damaged/Defective,20,7,1,0.14,1.0,0.067,approved,0
RET002410,MERCH005,Sports,819.33,676.29,Damaged/Defective,15,9,3,0.33,1.0,0.089,approved,0
RET002411,MERCH039,Books,1150.24,1143.82,Quality issue,15,2,0,0.0,0.837,0.095,rejected,0
RET002412,MERCH040,Footwear,608.78,563.68,Better price found,16,3,1,0.33,0.792,0.093,approved,0
RET002413,MERCH001,Home & Kitchen,376.93,345.55,Better price found,9,3,1,0.33,0.515,0.08,rejected,0
RET002414,MERCH032,Beauty,275.65,245.59,Changed mind,20,6,0,0.0,0.631,0.049,approved,0
RET002415,MERCH006,Accessories,2129.54,1655.47,Changed mind,20,4,2,0.5,0.633,0.045,rejected,0
RET002416,MERCH033,Footwear,2564.58,2522.83,Damaged/Defective,14,5,0,0.0,1.0,0.089,flagged_for_review,1
RET002417,MERCH024,Apparel,155.43,135.17,Changed mind,14,5,2,0.4,0.727,0.035,rejected,0
RET002418,MERCH017,Toys,542.37,423.92,Late delivery,2,6,0,0.0,0.847,0.0,rejected,0
RET002419,MERCH012,Toys,212.28,159.15,Not as described,8,3,0,0.0,0.711,0.167,approved,0
RET002420,MERCH026,Apparel,951.96,783.5,Wrong size,26,3,1,0.33,0.784,0.049,approved,0
RET002421,MERCH017,Beauty,1262.94,1179.05,Not as described,5,2,0,0.0,0.949,0.0,approved,0
RET002422,MERCH030,Electronics,461.95,439.89,Better price found,2,9,3,0.33,0.469,0.099,rejected,0
RET002423,MERCH007,Sports,250.32,213.0,Late delivery,1,5,3,0.6,0.579,0.0,approved,0
RET002424,MERCH013,Home & Kitchen,708.95,625.3,Changed mind,19,5,0,0.0,0.621,0.054,rejected,0
RET002425,MERCH018,Beauty,377.05,272.89,Wrong item shipped,2,6,0,0.0,1.0,0.077,approved,0
RET002426,MERCH037,Electronics,321.0,245.44,Changed mind,1,6,1,0.17,0.652,0.049,approved,0
RET002427,MERCH035,Footwear,1494.38,1332.1,Not as described,8,2,1,0.5,0.546,0.057,approved,0
RET002428,MERCH037,Beauty,638.5,482.32,Changed mind,17,3,2,0.67,0.429,0.391,approved,0
RET002429,MERCH033,Books,537.31,500.5,Wrong size,7,3,1,0.33,0.739,0.05,approved,0
RET002430,MERCH023,Sports,749.07,570.31,Wrong item shipped,1,3,0,0.0,0.944,0.158,approved,0
RET002431,MERCH012,Footwear,490.98,408.76,Damaged/Defective,26,4,1,0.25,0.833,0.068,rejected,0
RET002432,MERCH027,Apparel,819.48,791.72,Damaged/Defective,3,8,1,0.12,1.0,0.0,approved,0
RET002433,MERCH027,Footwear,1428.87,1004.4,Damaged/Defective,13,5,1,0.2,1.0,0.0,approved,0
RET002434,MERCH024,Beauty,1597.76,1502.29,Changed mind,14,5,1,0.2,0.745,0.057,approved,0
RET002435,MERCH033,Toys,775.17,590.38,Damaged/Defective,6,4,0,0.0,1.0,0.015,approved,0
RET002436,MERCH015,Books,405.3,331.01,Late delivery,7,5,0,0.0,0.973,0.171,approved,0
RET002437,MERCH014,Apparel,956.96,822.84,Wrong size,5,4,0,0.0,0.883,0.127,approved,0
RET002438,MERCH033,Sports,521.01,411.06,Changed mind,10,5,1,0.2,0.724,0.067,rejected,0
RET002439,MERCH034,Beauty,627.57,473.51,Damaged/Defective,13,5,1,0.2,1.0,0.051,approved,0
RET002440,MERCH010,Apparel,539.64,418.22,Wrong size,1,5,3,0.6,0.408,0.002,rejected,0
RET002441,MERCH005,Books,1505.32,1339.75,Changed mind,11,7,1,0.14,0.862,0.0,rejected,0
RET002442,MERCH005,Electronics,338.28,298.0,Not as described,35,5,2,0.4,0.541,0.099,rejected,1
RET002443,MERCH037,Apparel,590.91,514.79,Wrong size,3,7,0,0.0,0.852,0.027,approved,0
RET002444,MERCH038,Electronics,293.43,247.62,Changed mind,2,6,0,0.0,0.797,0.082,approved,0
RET002445,MERCH026,Sports,372.1,289.91,Late delivery,4,3,0,0.0,0.861,0.086,rejected,1
RET002446,MERCH033,Electronics,153.73,139.53,Wrong size,17,9,2,0.22,0.87,0.051,approved,0
RET002447,MERCH032,Sports,1539.27,1413.28,Damaged/Defective,1,2,0,0.0,0.834,0.077,approved,0
RET002448,MERCH004,Apparel,740.41,596.86,Late delivery,7,4,0,0.0,0.683,0.085,approved,0
RET002449,MERCH004,Toys,1774.15,1622.05,Changed mind,12,7,3,0.43,0.69,0.0,rejected,0
RET002450,MERCH013,Beauty,899.14,864.21,Changed mind,5,7,0,0.0,0.693,0.058,rejected,0
RET002451,MERCH018,Beauty,532.31,514.96,Changed mind,11,7,0,0.0,0.937,0.028,rejected,0
RET002452,MERCH002,Electronics,689.76,524.12,Not as described,5,5,0,0.0,0.776,0.0,approved,0
RET002453,MERCH037,Apparel,1039.31,932.29,Wrong item shipped,3,4,0,0.0,1.0,0.011,approved,0
RET002454,MERCH028,Apparel,453.93,340.69,Changed mind,21,2,1,0.5,0.774,0.027,approved,0
RET002455,MERCH037,Toys,327.68,276.34,Changed mind,4,11,3,0.27,0.545,0.022,rejected,0
RET002456,MERCH003,Electronics,393.77,299.91,Wrong item shipped,29,6,0,0.0,1.0,0.039,approved,0
RET002457,MERCH029,Toys,1161.48,1117.56,Damaged/Defective,30,5,0,0.0,1.0,0.056,approved,0
RET002458,MERCH024,Home & Kitchen,1653.4,1215.28,Wrong size,1,3,0,0.0,1.0,0.0,approved,0
RET002459,MERCH003,Beauty,803.32,707.32,Wrong item shipped,5,7,0,0.0,1.0,0.126,flagged_for_review,1
RET002460,MERCH019,Sports,400.68,367.73,Wrong item shipped,2,6,0,0.0,0.845,0.0,approved,0
RET002461,MERCH004,Apparel,1239.09,1156.12,Better price found,73,5,1,0.2,0.342,0.13,rejected,0
RET002462,MERCH004,Home & Kitchen,425.33,401.15,Damaged/Defective,1,2,1,0.5,1.0,0.099,approved,0
RET002463,MERCH009,Apparel,272.98,253.68,Better price found,9,7,1,0.14,0.798,0.024,approved,0
RET002464,MERCH012,Sports,205.49,201.02,Changed mind,1,5,0,0.0,0.58,0.026,approved,0
RET002465,MERCH003,Beauty,528.65,395.82,Changed mind,15,1,0,0.0,0.714,0.006,approved,0
RET002466,MERCH030,Toys,867.05,742.7,Changed mind,21,6,1,0.17,0.428,0.043,approved,0
RET002467,MERCH023,Electronics,303.0,239.03,Not as described,3,4,0,0.0,0.746,0.054,rejected,0
RET002468,MERCH037,Toys,1459.62,1268.96,Changed mind,2,8,1,0.12,0.603,0.042,approved,0
RET002469,MERCH003,Apparel,810.22,715.31,Changed mind,71,6,0,0.0,0.363,0.139,rejected,0
RET002470,MERCH013,Electronics,949.47,813.26,Better price found,30,3,1,0.33,0.741,0.063,rejected,0
RET002471,MERCH004,Accessories,439.28,319.85,Wrong size,16,2,0,0.0,0.859,0.0,rejected,0
RET002472,MERCH019,Electronics,592.54,453.25,Changed mind,13,8,0,0.0,0.419,0.151,rejected,0
RET002473,MERCH002,Home & Kitchen,181.01,131.79,Not as described,5,8,0,0.0,0.8,0.028,approved,0
RET002474,MERCH033,Beauty,110.65,100.32,Quality issue,5,2,0,0.0,1.0,0.01,approved,0
RET002475,MERCH020,Home & Kitchen,1509.4,1335.7,Quality issue,36,4,2,0.5,0.765,0.0,approved,0
RET002476,MERCH024,Beauty,1710.22,1537.61,Wrong size,1,2,0,0.0,0.915,0.061,approved,0
RET002477,MERCH018,Home & Kitchen,681.11,539.14,Wrong size,19,8,1,0.12,0.986,0.117,rejected,1
RET002478,MERCH008,Sports,565.09,450.67,Better price found,11,7,1,0.14,0.882,0.128,approved,0
RET002479,MERCH019,Books,1514.93,1333.45,Damaged/Defective,15,3,0,0.0,0.998,0.049,approved,0
RET002480,MERCH025,Electronics,162.0,122.13,Not as described,4,1,0,0.0,0.538,0.0,rejected,0
RET002481,MERCH033,Accessories,688.04,630.02,Damaged/Defective,6,4,0,0.0,1.0,0.102,approved,0
RET002482,MERCH035,Electronics,668.48,652.64,Changed mind,21,3,1,0.33,0.44,0.0,approved,0
RET002483,MERCH002,Accessories,105.13,82.29,Wrong size,2,5,2,0.4,0.926,0.006,approved,0
RET002484,MERCH011,Footwear,582.27,531.51,Wrong size,1,5,0,0.0,0.684,0.0,rejected,0
RET002485,MERCH011,Accessories,200.99,175.88,Not as described,11,9,1,0.11,0.731,0.109,approved,0
RET002486,MERCH001,Books,527.71,476.92,Better price found,36,5,1,0.2,0.356,0.0,rejected,0
RET002487,MERCH027,Apparel,952.2,898.65,Quality issue,7,3,2,0.67,0.798,0.385,approved,0
RET002488,MERCH009,Apparel,872.98,760.74,Changed mind,3,4,1,0.25,0.544,0.016,rejected,0
RET002489,MERCH023,Electronics,909.45,789.63,Damaged/Defective,5,8,1,0.12,0.996,0.095,approved,0
RET002490,MERCH012,Electronics,234.47,205.98,Better price found,1,6,1,0.17,0.519,0.054,rejected,0
RET002491,MERCH036,Books,871.29,671.24,Better price found,3,5,0,0.0,0.779,0.0,rejected,0
RET002492,MERCH032,Toys,1380.3,1276.2,Changed mind,6,2,0,0.0,0.453,0.098,rejected,0
RET002493,MERCH016,Books,502.63,395.03,Not as described,9,5,1,0.2,0.484,0.08,approved,0
RET002494,MERCH009,Beauty,708.33,516.48,Damaged/Defective,8,7,0,0.0,1.0,0.023,approved,0
RET002495,MERCH038,Accessories,687.01,552.25,Wrong size,6,4,0,0.0,0.915,0.091,flagged_for_review,1
RET002496,MERCH039,Sports,696.77,518.18,Changed mind,4,6,1,0.17,0.526,0.0,approved,0
RET002497,MERCH003,Electronics,346.93,341.71,Better price found,12,3,0,0.0,0.669,0.058,rejected,0
RET002498,MERCH021,Home & Kitchen,402.41,398.89,Changed mind,6,4,1,0.25,0.581,0.0,rejected,0
RET002499,MERCH025,Footwear,582.94,445.67,Changed mind,4,4,0,0.0,0.469,0.027,rejected,0
RET002500,MERCH025,Beauty,86.88,84.29,Late delivery,9,3,0,0.0,0.679,0.048,approved,0
RET002501,MERCH013,Sports,630.18,627.63,Wrong size,4,3,0,0.0,0.901,0.038,approved,0
RET002502,MERCH023,Footwear,2035.88,1509.0,Damaged/Defective,35,11,0,0.0,0.772,0.154,rejected,0
RET002503,MERCH008,Sports,175.27,157.53,Wrong size,53,4,1,0.25,0.623,0.215,approved,0
RET002504,MERCH021,Sports,855.46,768.92,Changed mind,18,4,1,0.25,0.645,0.078,rejected,0
RET002505,MERCH034,Sports,670.82,559.99,Quality issue,11,8,0,0.0,1.0,0.0,approved,0
RET002506,MERCH017,Footwear,224.56,182.63,Wrong size,4,7,1,0.14,0.79,0.076,approved,0
RET002507,MERCH006,Toys,495.35,372.54,Late delivery,7,7,1,0.14,0.911,0.028,approved,0
RET002508,MERCH036,Home & Kitchen,711.86,651.48,Late delivery,17,5,1,0.2,0.958,0.0,approved,0
RET002509,MERCH033,Home & Kitchen,677.09,602.78,Better price found,1,6,1,0.17,0.656,0.039,approved,0
RET002510,MERCH033,Beauty,431.52,418.52,Late delivery,4,8,3,0.38,0.7,0.123,approved,0
RET002511,MERCH021,Footwear,299.33,222.09,Wrong size,13,5,0,0.0,0.853,0.115,flagged_for_review,1
RET002512,MERCH001,Books,1071.55,953.37,Better price found,14,6,1,0.17,0.526,0.133,rejected,0
RET002513,MERCH016,Sports,146.67,127.57,Changed mind,7,4,1,0.25,0.348,0.042,rejected,0
RET002514,MERCH031,Apparel,511.28,369.82,Wrong item shipped,2,4,0,0.0,0.839,0.08,flagged_for_review,1
RET002515,MERCH009,Books,347.45,336.98,Changed mind,1,9,1,0.11,0.812,0.076,approved,0
RET002516,MERCH023,Home & Kitchen,483.22,348.13,Better price found,1,4,0,0.0,0.573,0.0,rejected,0
RET002517,MERCH026,Footwear,423.06,368.51,Not as described,2,4,1,0.25,0.82,0.049,approved,0
RET002518,MERCH027,Sports,399.06,374.07,Wrong size,16,4,0,0.0,0.84,0.074,approved,0
RET002519,MERCH019,Beauty,858.36,730.75,Not as described,1,4,0,0.0,0.678,0.044,approved,0
RET002520,MERCH008,Electronics,399.15,346.65,Wrong item shipped,4,8,2,0.25,1.0,0.047,approved,0
RET002521,MERCH007,Electronics,539.4,459.76,Late delivery,6,7,3,0.43,0.654,0.075,rejected,0
RET002522,MERCH018,Home & Kitchen,775.54,735.28,Changed mind,4,5,0,0.0,0.78,0.073,approved,0
RET002523,MERCH034,Footwear,803.26,757.59,Wrong size,5,3,0,0.0,0.978,0.0,approved,0
RET002524,MERCH031,Electronics,1230.67,1148.56,Not as described,11,9,1,0.11,0.719,0.044,approved,0
RET002525,MERCH039,Books,3662.99,3563.87,Not as described,1,3,2,0.67,0.326,0.397,approved,0
RET002526,MERCH021,Toys,985.62,943.7,Not as described,1,4,1,0.25,0.85,0.095,approved,0
RET002527,MERCH021,Books,2244.94,2174.94,Damaged/Defective,1,5,0,0.0,1.0,0.072,approved,0
RET002528,MERCH001,Beauty,687.38,624.97,Changed mind,5,6,0,0.0,0.628,0.01,rejected,0
RET002529,MERCH009,Beauty,1661.17,1365.72,Late delivery,22,4,0,0.0,0.903,0.09,approved,0
RET002530,MERCH040,Apparel,301.54,213.73,Better price found,14,5,3,0.6,0.376,0.024,approved,0
RET002531,MERCH003,Electronics,428.12,301.74,Quality issue,3,4,0,0.0,1.0,0.018,approved,0
RET002532,MERCH024,Beauty,1372.54,970.37,Wrong size,4,5,1,0.2,0.945,0.07,approved,0
RET002533,MERCH003,Apparel,163.88,145.57,Wrong size,19,6,0,0.0,0.938,0.0,rejected,0
RET002534,MERCH015,Books,2261.52,1625.94,Wrong size,1,5,1,0.2,0.799,0.023,approved,0
RET002535,MERCH013,Footwear,301.64,233.84,Wrong item shipped,8,4,1,0.25,0.878,0.0,approved,0
RET002536,MERCH026,Sports,740.17,610.95,Better price found,8,3,1,0.33,0.569,0.017,rejected,0
RET002537,MERCH036,Home & Kitchen,525.52,420.0,Late delivery,11,3,0,0.0,1.0,0.046,approved,0
RET002538,MERCH010,Beauty,685.37,660.24,Better price found,10,9,1,0.11,0.484,0.018,approved,0
RET002539,MERCH027,Home & Kitchen,381.22,298.93,Quality issue,5,5,1,0.2,1.0,0.055,approved,0
RET002540,MERCH002,Home & Kitchen,551.0,534.98,Wrong item shipped,19,3,1,0.33,0.878,0.052,rejected,0
RET002541,MERCH020,Books,308.55,295.0,Late delivery,22,7,0,0.0,0.645,0.116,approved,0
RET002542,MERCH002,Home & Kitchen,921.38,881.52,Wrong size,6,4,0,0.0,0.855,0.073,approved,0
RET002543,MERCH020,Sports,576.5,404.69,Better price found,19,5,0,0.0,0.503,0.037,approved,0
RET002544,MERCH009,Accessories,4274.55,3688.23,Wrong size,7,5,1,0.2,0.764,0.024,approved,0
RET002545,MERCH036,Home & Kitchen,1755.78,1729.13,Better price found,2,5,0,0.0,0.727,0.009,approved,0
RET002546,MERCH013,Apparel,205.32,179.59,Damaged/Defective,1,6,4,0.67,0.879,0.405,rejected,1
RET002547,MERCH022,Apparel,874.31,709.04,Damaged/Defective,3,6,1,0.17,1.0,0.042,flagged_for_review,1
RET002548,MERCH038,Home & Kitchen,1525.54,1217.71,Damaged/Defective,9,2,0,0.0,1.0,0.065,approved,0
RET002549,MERCH016,Apparel,189.14,159.99,Damaged/Defective,7,7,1,0.14,0.836,0.033,rejected,1
RET002550,MERCH017,Books,417.31,311.96,Not as described,6,2,0,0.0,0.703,0.097,flagged_for_review,1
RET002551,MERCH038,Sports,119.26,113.71,Wrong size,4,1,0,0.0,0.878,0.046,approved,0
RET002552,MERCH016,Home & Kitchen,497.84,367.58,Wrong size,18,5,1,0.2,0.667,0.045,rejected,0
RET002553,MERCH014,Apparel,1191.17,1012.24,Changed mind,2,7,1,0.14,0.44,0.036,rejected,0
RET002554,MERCH022,Sports,3109.6,3065.54,Quality issue,11,4,0,0.0,1.0,0.032,approved,0
RET002555,MERCH034,Toys,772.06,749.67,Wrong size,18,5,1,0.2,0.773,0.046,approved,0
RET002556,MERCH030,Sports,2014.79,1727.78,Damaged/Defective,16,6,3,0.5,0.626,0.063,rejected,0
RET002557,MERCH023,Beauty,323.52,250.8,Changed mind,1,9,1,0.11,0.75,0.0,rejected,0
RET002558,MERCH040,Home & Kitchen,815.84,804.1,Wrong size,15,5,0,0.0,0.797,0.018,approved,0
RET002559,MERCH027,Apparel,561.74,458.06,Better price found,3,5,0,0.0,0.73,0.035,approved,0
RET002560,MERCH024,Beauty,320.79,292.21,Not as described,2,3,0,0.0,0.891,0.046,approved,0
RET002561,MERCH016,Books,325.3,307.42,Damaged/Defective,1,5,2,0.4,0.758,0.0,rejected,0
RET002562,MERCH015,Toys,1308.68,1153.87,Changed mind,5,6,0,0.0,0.662,0.16,rejected,0
RET002563,MERCH023,Apparel,2245.89,1735.24,Damaged/Defective,12,7,0,0.0,0.872,0.007,approved,0
RET002564,MERCH025,Apparel,1958.0,1564.31,Wrong size,38,5,1,0.2,0.119,0.0,rejected,0
RET002565,MERCH002,Accessories,582.64,493.09,Changed mind,17,7,0,0.0,0.562,0.0,rejected,0
RET002566,MERCH002,Accessories,1502.26,1332.36,Changed mind,11,8,0,0.0,0.69,0.054,approved,0
RET002567,MERCH017,Sports,1502.55,1484.13,Wrong size,19,4,0,0.0,1.0,0.056,approved,0
RET002568,MERCH028,Toys,251.86,230.26,Damaged/Defective,2,4,1,0.25,1.0,0.109,approved,0
RET002569,MERCH032,Books,1005.63,726.41,Changed mind,1,3,1,0.33,0.491,0.049,approved,0
RET002570,MERCH037,Accessories,1058.78,1046.06,Wrong item shipped,20,4,0,0.0,0.996,0.125,approved,0
RET002571,MERCH004,Beauty,356.79,303.75,Not as described,11,4,1,0.25,0.842,0.126,approved,0
RET002572,MERCH019,Beauty,1240.84,871.55,Wrong item shipped,12,1,0,0.0,0.95,0.016,approved,0
RET002573,MERCH031,Electronics,1457.74,1378.55,Better price found,2,3,0,0.0,0.581,0.02,approved,0
RET002574,MERCH033,Accessories,286.96,208.2,Wrong item shipped,14,3,0,0.0,1.0,0.021,approved,0
RET002575,MERCH021,Toys,407.0,391.7,Not as described,13,4,3,0.75,0.673,0.451,rejected,0
RET002576,MERCH038,Books,544.07,446.4,Late delivery,5,9,1,0.11,0.939,0.08,approved,0
RET002577,MERCH010,Apparel,516.09,428.09,Changed mind,7,3,1,0.33,0.497,0.052,approved,0
RET002578,MERCH001,Toys,263.65,239.93,Changed mind,4,7,2,0.29,0.636,0.052,approved,0
RET002579,MERCH002,Beauty,983.65,870.73,Quality issue,7,11,0,0.0,0.9,0.022,rejected,1
RET002580,MERCH035,Footwear,207.77,183.09,Changed mind,6,7,1,0.14,0.238,0.0,rejected,0
RET002581,MERCH011,Books,435.72,349.16,Quality issue,18,6,1,0.17,0.871,0.139,approved,0
RET002582,MERCH027,Apparel,568.09,442.03,Damaged/Defective,3,8,0,0.0,1.0,0.026,approved,0
RET002583,MERCH024,Home & Kitchen,2413.07,2008.11,Wrong item shipped,16,6,0,0.0,1.0,0.046,approved,0
RET002584,MERCH021,Toys,1418.2,1051.82,Changed mind,11,8,0,0.0,0.635,0.105,rejected,0
RET002585,MERCH004,Accessories,408.42,351.55,Wrong size,12,7,0,0.0,0.615,0.058,approved,0
RET002586,MERCH024,Footwear,251.56,228.01,Wrong size,9,3,1,0.33,0.799,0.126,approved,0
RET002587,MERCH026,Sports,1048.59,956.29,Wrong size,14,9,1,0.11,0.834,0.136,approved,0
RET002588,MERCH018,Accessories,499.08,408.68,Wrong size,11,6,1,0.17,0.911,0.079,rejected,0
RET002589,MERCH011,Books,2196.48,1867.41,Wrong item shipped,4,5,1,0.2,0.89,0.019,approved,0
RET002590,MERCH003,Books,652.48,462.23,Late delivery,3,6,0,0.0,0.798,0.039,rejected,0
RET002591,MERCH035,Sports,947.71,907.43,Wrong size,15,5,1,0.2,0.475,0.0,approved,0
RET002592,MERCH001,Footwear,454.42,437.12,Wrong size,4,6,1,0.17,0.696,0.0,approved,0
RET002593,MERCH035,Footwear,93.22,78.79,Damaged/Defective,3,6,2,0.33,0.703,0.046,approved,0
RET002594,MERCH016,Electronics,2214.43,1984.3,Changed mind,1,1,0,0.0,0.45,0.035,rejected,1
RET002595,MERCH036,Books,644.77,541.95,Better price found,4,6,1,0.17,0.906,0.077,approved,0
RET002596,MERCH032,Electronics,348.07,255.28,Damaged/Defective,4,3,1,0.33,0.897,0.0,approved,0
RET002597,MERCH030,Apparel,2208.27,2069.97,Changed mind,19,7,0,0.0,0.367,0.08,approved,0
RET002598,MERCH031,Electronics,1235.97,1067.08,Quality issue,5,3,0,0.0,0.946,0.0,approved,0
RET002599,MERCH037,Footwear,139.86,139.76,Not as described,19,8,1,0.12,0.78,0.015,approved,0
RET002600,MERCH024,Electronics,714.35,602.4,Changed mind,2,6,1,0.17,0.788,0.059,rejected,0
RET002601,MERCH036,Beauty,121.74,110.33,Late delivery,16,5,1,0.2,1.0,0.066,approved,0
RET002602,MERCH021,Accessories,335.01,308.39,Better price found,10,8,2,0.25,0.749,0.138,approved,0
RET002603,MERCH001,Home & Kitchen,321.52,247.46,Wrong size,12,8,1,0.12,0.574,0.025,approved,0
RET002604,MERCH008,Electronics,1932.65,1809.03,Damaged/Defective,4,6,0,0.0,1.0,0.071,approved,0
RET002605,MERCH024,Footwear,159.63,113.64,Damaged/Defective,14,9,1,0.11,1.0,0.056,approved,0
RET002606,MERCH027,Sports,313.99,268.41,Damaged/Defective,23,7,0,0.0,1.0,0.082,flagged_for_review,1
RET002607,MERCH019,Toys,175.56,125.27,Changed mind,30,9,2,0.22,0.616,0.007,approved,0
RET002608,MERCH014,Footwear,1108.15,797.64,Not as described,3,4,0,0.0,0.771,0.105,approved,0
RET002609,MERCH018,Sports,629.19,591.49,Wrong item shipped,6,7,4,0.57,0.947,0.047,approved,0
RET002610,MERCH032,Electronics,265.06,238.63,Not as described,1,6,1,0.17,0.78,0.0,approved,0
RET002611,MERCH020,Home & Kitchen,258.72,226.55,Better price found,8,7,3,0.43,0.379,0.038,approved,0
RET002612,MERCH014,Sports,2579.34,2113.52,Changed mind,12,5,0,0.0,0.487,0.089,approved,0
RET002613,MERCH037,Books,470.27,405.1,Not as described,31,3,1,0.33,0.452,0.025,rejected,0
RET002614,MERCH027,Toys,585.47,565.55,Not as described,12,7,1,0.14,0.635,0.101,rejected,0
RET002615,MERCH028,Beauty,3755.51,3588.76,Wrong size,2,6,1,0.17,0.848,0.06,approved,0
RET002616,MERCH020,Apparel,1037.71,1025.87,Better price found,7,6,0,0.0,0.433,0.036,rejected,0
RET002617,MERCH022,Electronics,319.24,283.57,Late delivery,20,7,1,0.14,0.795,0.034,approved,0
RET002618,MERCH005,Beauty,373.1,349.38,Damaged/Defective,7,3,0,0.0,1.0,0.041,approved,0
RET002619,MERCH018,Footwear,570.04,568.57,Changed mind,16,4,0,0.0,0.788,0.05,approved,0
RET002620,MERCH036,Accessories,220.65,167.84,Wrong size,13,5,2,0.4,1.0,0.151,approved,0
RET002621,MERCH040,Sports,1555.94,1387.51,Quality issue,3,6,0,0.0,1.0,0.072,approved,0
RET002622,MERCH029,Beauty,740.4,696.19,Wrong size,5,7,1,0.14,0.704,0.08,approved,0
RET002623,MERCH007,Footwear,409.36,317.64,Damaged/Defective,12,5,0,0.0,0.979,0.0,approved,0
RET002624,MERCH011,Accessories,748.36,560.27,Wrong item shipped,10,6,3,0.5,1.0,0.0,approved,0
RET002625,MERCH035,Apparel,657.21,565.2,Wrong item shipped,15,5,1,0.2,0.67,0.122,approved,0
RET002626,MERCH030,Sports,244.58,232.46,Wrong size,25,11,2,0.18,0.591,0.0,approved,0
RET002627,MERCH029,Footwear,1308.78,933.44,Changed mind,5,4,0,0.0,0.524,0.0,approved,0
RET002628,MERCH014,Home & Kitchen,264.3,243.93,Damaged/Defective,23,5,0,0.0,0.9,0.0,approved,0
RET002629,MERCH022,Footwear,768.33,551.27,Changed mind,3,8,1,0.12,0.618,0.0,rejected,0
RET002630,MERCH019,Beauty,586.96,573.26,Not as described,21,3,1,0.33,0.681,0.061,approved,0
RET002631,MERCH009,Apparel,332.45,266.27,Late delivery,33,4,0,0.0,0.485,0.013,rejected,0
RET002632,MERCH031,Accessories,486.3,462.93,Wrong size,8,5,1,0.2,0.526,0.055,approved,0
RET002633,MERCH003,Electronics,470.03,363.29,Changed mind,3,5,2,0.4,0.704,0.076,approved,0
RET002634,MERCH014,Beauty,959.11,813.07,Quality issue,1,3,1,0.33,1.0,0.119,approved,0
RET002635,MERCH007,Beauty,230.14,194.99,Damaged/Defective,12,4,0,0.0,1.0,0.0,approved,0
RET002636,MERCH020,Beauty,191.04,135.19,Damaged/Defective,5,5,1,0.2,0.872,0.139,approved,0
RET002637,MERCH012,Footwear,818.75,642.91,Not as described,3,4,0,0.0,0.71,0.069,approved,0
RET002638,MERCH026,Books,1662.57,1292.67,Better price found,8,4,0,0.0,0.585,0.042,approved,0
RET002639,MERCH001,Accessories,759.81,632.94,Not as described,44,5,1,0.2,0.396,0.027,rejected,0
RET002640,MERCH006,Beauty,470.7,449.72,Damaged/Defective,5,3,1,0.33,1.0,0.024,approved,0
RET002641,MERCH017,Beauty,636.86,609.13,Not as described,1,4,0,0.0,0.874,0.038,approved,0
RET002642,MERCH014,Electronics,470.8,360.88,Wrong item shipped,8,3,0,0.0,0.818,0.1,rejected,0
RET002643,MERCH038,Accessories,1226.32,1105.23,Not as described,14,4,0,0.0,0.981,0.0,approved,0
RET002644,MERCH037,Apparel,443.02,352.02,Better price found,16,3,0,0.0,0.624,0.0,approved,0
RET002645,MERCH040,Accessories,1111.82,781.3,Not as described,11,3,0,0.0,0.783,0.074,approved,0
RET002646,MERCH016,Beauty,304.46,252.03,Better price found,4,4,0,0.0,0.531,0.057,rejected,0
RET002647,MERCH023,Apparel,720.39,516.03,Better price found,8,5,2,0.4,0.541,0.107,rejected,0
RET002648,MERCH033,Books,190.09,176.24,Changed mind,10,6,0,0.0,0.648,0.083,rejected,0
RET002649,MERCH022,Electronics,521.76,497.06,Wrong size,6,9,2,0.22,0.713,0.13,rejected,0
RET002650,MERCH033,Apparel,537.78,477.44,Better price found,53,7,1,0.14,0.419,0.247,rejected,0
RET002651,MERCH032,Apparel,214.72,154.46,Wrong item shipped,21,4,1,0.25,0.873,0.019,rejected,0
RET002652,MERCH012,Electronics,813.65,745.89,Changed mind,11,3,1,0.33,0.375,0.051,rejected,0
RET002653,MERCH028,Apparel,545.13,486.51,Better price found,3,4,0,0.0,0.678,0.14,rejected,0
RET002654,MERCH007,Apparel,292.94,235.72,Damaged/Defective,12,10,3,0.3,1.0,0.042,approved,0
RET002655,MERCH003,Accessories,306.01,281.98,Wrong size,10,3,1,0.33,0.834,0.058,approved,0
RET002656,MERCH034,Apparel,926.65,900.34,Changed mind,11,3,0,0.0,0.62,0.081,rejected,0
RET002657,MERCH031,Sports,839.68,775.59,Better price found,9,3,0,0.0,0.382,0.085,approved,0
RET002658,MERCH006,Home & Kitchen,2051.67,1868.48,Changed mind,16,3,0,0.0,0.787,0.0,approved,0
RET002659,MERCH038,Sports,2461.76,1739.18,Wrong item shipped,1,7,0,0.0,0.993,0.046,approved,0
RET002660,MERCH032,Footwear,1854.53,1374.93,Changed mind,3,4,0,0.0,0.422,0.064,rejected,0
RET002661,MERCH021,Toys,315.92,248.83,Not as described,5,6,3,0.5,0.705,0.115,approved,0
RET002662,MERCH012,Electronics,506.99,480.49,Late delivery,3,4,0,0.0,0.633,0.049,approved,0
RET002663,MERCH010,Toys,139.93,125.93,Changed mind,9,5,2,0.4,0.409,0.03,rejected,1
RET002664,MERCH016,Electronics,806.35,609.91,Changed mind,10,6,1,0.17,0.388,0.088,rejected,0
RET002665,MERCH022,Electronics,515.13,405.06,Changed mind,11,1,0,0.0,0.546,0.03,rejected,0
RET002666,MERCH023,Toys,1839.0,1400.14,Damaged/Defective,9,5,0,0.0,0.935,0.005,approved,0
RET002667,MERCH021,Books,298.08,271.95,Changed mind,14,7,1,0.14,0.772,0.03,rejected,0
RET002668,MERCH023,Footwear,408.27,386.15,Wrong item shipped,6,4,1,0.25,1.0,0.033,approved,0
RET002669,MERCH003,Toys,732.99,633.87,Wrong item shipped,3,2,0,0.0,1.0,0.122,approved,0
RET002670,MERCH012,Beauty,529.39,392.61,Wrong size,4,5,2,0.4,0.733,0.0,rejected,0
RET002671,MERCH035,Beauty,426.03,400.4,Wrong size,22,7,1,0.14,0.452,0.048,rejected,0
RET002672,MERCH019,Books,1480.48,1456.47,Changed mind,26,1,1,1.0,0.27,0.393,flagged_for_review,1
RET002673,MERCH037,Accessories,1757.29,1644.67,Damaged/Defective,21,9,2,0.22,1.0,0.13,approved,0
RET002674,MERCH001,Home & Kitchen,4568.72,3348.47,Damaged/Defective,7,9,1,0.11,1.0,0.0,approved,0
RET002675,MERCH009,Home & Kitchen,434.61,317.75,Late delivery,14,5,1,0.2,0.879,0.028,approved,0
RET002676,MERCH010,Sports,297.81,225.99,Wrong item shipped,3,4,1,0.25,0.908,0.049,approved,0
RET002677,MERCH036,Toys,418.24,401.69,Better price found,1,5,1,0.2,0.764,0.0,approved,0
RET002678,MERCH028,Apparel,220.76,172.0,Changed mind,8,4,1,0.25,0.694,0.144,approved,0
RET002679,MERCH038,Beauty,1032.02,928.48,Wrong item shipped,16,6,0,0.0,1.0,0.04,approved,0
RET002680,MERCH010,Footwear,4992.69,4436.48,Not as described,14,8,2,0.25,0.613,0.0,approved,0
RET002681,MERCH038,Accessories,130.19,112.87,Better price found,10,4,0,0.0,0.793,0.084,approved,0
RET002682,MERCH003,Footwear,1994.84,1793.75,Late delivery,17,4,1,0.25,0.87,0.0,approved,0
RET002683,MERCH016,Home & Kitchen,1892.83,1775.72,Damaged/Defective,1,4,0,0.0,0.859,0.146,flagged_for_review,1
RET002684,MERCH006,Electronics,244.05,228.36,Quality issue,25,4,0,0.0,1.0,0.08,approved,0
RET002685,MERCH039,Footwear,769.48,743.48,Damaged/Defective,9,5,1,0.2,0.968,0.076,approved,0
RET002686,MERCH007,Home & Kitchen,356.69,315.13,Damaged/Defective,3,3,0,0.0,0.924,0.037,approved,0
RET002687,MERCH009,Footwear,623.75,464.73,Wrong size,4,1,0,0.0,0.787,0.059,approved,0
RET002688,MERCH016,Toys,1137.14,912.21,Quality issue,3,3,1,0.33,0.869,0.0,approved,0
RET002689,MERCH022,Electronics,772.37,613.02,Wrong item shipped,1,6,2,0.33,1.0,0.092,approved,0
RET002690,MERCH029,Beauty,600.43,578.08,Changed mind,24,4,2,0.5,0.658,0.069,rejected,0
RET002691,MERCH037,Accessories,633.63,544.03,Better price found,13,5,0,0.0,0.64,0.124,approved,0
RET002692,MERCH031,Footwear,2255.88,2037.82,Quality issue,9,4,1,0.25,0.716,0.063,approved,0
RET002693,MERCH025,Electronics,413.23,402.21,Damaged/Defective,12,5,0,0.0,0.79,0.044,approved,0
RET002694,MERCH028,Electronics,280.67,218.04,Quality issue,3,6,1,0.17,1.0,0.013,approved,0
RET002695,MERCH023,Books,242.17,173.53,Better price found,30,6,3,0.5,0.807,0.0,approved,0
RET002696,MERCH007,Home & Kitchen,214.43,173.73,Late delivery,6,4,1,0.25,0.715,0.013,approved,0
RET002697,MERCH019,Accessories,283.61,231.05,Wrong item shipped,19,3,0,0.0,0.998,0.001,approved,0
RET002698,MERCH017,Books,2030.09,2023.46,Wrong size,15,5,2,0.4,0.896,0.061,approved,0
RET002699,MERCH011,Toys,995.55,751.73,Changed mind,33,3,1,0.33,0.455,0.09,rejected,0
RET002700,MERCH008,Electronics,456.47,401.74,Wrong size,2,4,1,0.25,0.986,0.011,approved,0
RET002701,MERCH037,Apparel,152.2,131.78,Not as described,4,6,1,0.17,0.822,0.019,approved,0
RET002702,MERCH028,Beauty,137.07,131.49,Changed mind,11,1,0,0.0,0.476,0.094,approved,0
RET002703,MERCH009,Electronics,117.57,103.24,Wrong size,2,6,0,0.0,0.89,0.081,approved,0
RET002704,MERCH010,Accessories,647.85,593.3,Not as described,4,3,2,0.67,0.32,0.363,rejected,0
RET002705,MERCH015,Toys,678.15,585.91,Better price found,3,5,0,0.0,0.772,0.082,approved,0
RET002706,MERCH023,Accessories,103.48,84.02,Damaged/Defective,23,6,1,0.17,0.987,0.087,approved,0
RET002707,MERCH001,Footwear,1878.27,1655.44,Wrong size,24,3,0,0.0,0.777,0.128,approved,0
RET002708,MERCH024,Books,2284.04,1684.14,Damaged/Defective,18,3,0,0.0,1.0,0.064,approved,0
RET002709,MERCH035,Beauty,1760.34,1753.14,Better price found,24,2,0,0.0,0.398,0.093,rejected,0
RET002710,MERCH028,Home & Kitchen,474.93,361.24,Better price found,1,6,1,0.17,0.593,0.1,approved,0
RET002711,MERCH022,Accessories,1479.29,1199.83,Wrong size,1,6,0,0.0,0.723,0.084,approved,0
RET002712,MERCH030,Apparel,644.59,466.92,Changed mind,9,2,0,0.0,0.479,0.08,rejected,0
RET002713,MERCH005,Home & Kitchen,242.33,171.86,Better price found,9,3,1,0.33,0.904,0.056,approved,0
RET002714,MERCH027,Toys,227.77,174.92,Changed mind,4,4,0,0.0,0.84,0.067,flagged_for_review,1
RET002715,MERCH002,Accessories,483.54,353.25,Damaged/Defective,17,5,0,0.0,0.976,0.032,approved,0
RET002716,MERCH027,Apparel,353.08,309.59,Not as described,5,3,0,0.0,0.723,0.0,approved,0
RET002717,MERCH019,Footwear,1877.48,1682.05,Late delivery,3,7,3,0.43,0.66,0.039,approved,0
RET002718,MERCH030,Footwear,177.62,125.57,Wrong size,3,9,2,0.22,0.54,0.061,approved,0
RET002719,MERCH014,Home & Kitchen,302.15,229.48,Wrong size,24,3,1,0.33,0.811,0.031,rejected,0
RET002720,MERCH013,Books,2250.74,1628.92,Wrong size,26,5,1,0.2,0.662,0.124,rejected,0
RET002721,MERCH033,Toys,2901.82,2198.9,Wrong size,19,8,1,0.12,0.759,0.061,approved,0
RET002722,MERCH035,Home & Kitchen,1255.28,920.08,Changed mind,8,5,1,0.2,0.466,0.019,approved,0
RET002723,MERCH011,Electronics,2267.09,1652.66,Not as described,15,3,0,0.0,0.847,0.088,approved,0
RET002724,MERCH010,Toys,1066.95,803.87,Wrong item shipped,10,7,1,0.14,0.944,0.076,approved,0
RET002725,MERCH030,Books,807.51,672.84,Late delivery,5,2,0,0.0,0.623,0.117,approved,0
RET002726,MERCH006,Sports,529.26,524.99,Better price found,36,4,0,0.0,0.322,0.058,rejected,0
RET002727,MERCH036,Apparel,355.32,316.37,Not as described,7,3,1,0.33,0.982,0.076,approved,0
RET002728,MERCH018,Books,331.7,281.35,Not as described,1,6,2,0.33,0.877,0.076,approved,0
RET002729,MERCH010,Sports,273.7,262.94,Changed mind,13,9,3,0.33,0.417,0.045,rejected,0
RET002730,MERCH029,Sports,334.08,303.62,Not as described,21,7,3,0.43,0.672,0.079,approved,0
RET002731,MERCH005,Sports,963.41,747.15,Changed mind,23,5,1,0.2,0.698,0.026,rejected,0
RET002732,MERCH038,Home & Kitchen,422.31,325.06,Wrong size,8,3,0,0.0,0.976,0.015,approved,0
RET002733,MERCH007,Books,1318.77,953.87,Wrong size,13,7,1,0.14,0.818,0.066,rejected,0
RET002734,MERCH035,Toys,1540.78,1368.38,Wrong size,6,7,0,0.0,0.355,0.087,rejected,0
RET002735,MERCH037,Apparel,633.89,527.81,Wrong size,1,5,1,0.2,0.755,0.024,approved,0
RET002736,MERCH010,Sports,765.91,718.42,Quality issue,2,6,0,0.0,0.929,0.048,approved,0
RET002737,MERCH039,Beauty,768.25,592.92,Late delivery,43,6,2,0.33,0.287,0.024,approved,0
RET002738,MERCH034,Home & Kitchen,1022.69,928.52,Damaged/Defective,4,4,0,0.0,1.0,0.057,approved,0
RET002739,MERCH035,Accessories,267.17,240.1,Wrong item shipped,23,5,0,0.0,0.927,0.077,approved,0
RET002740,MERCH027,Electronics,924.84,758.86,Changed mind,5,5,2,0.4,0.649,0.098,approved,0
RET002741,MERCH009,Books,1787.07,1448.74,Damaged/Defective,9,3,0,0.0,1.0,0.0,approved,0
RET002742,MERCH030,Toys,3343.36,2690.05,Quality issue,5,4,0,0.0,0.774,0.077,rejected,0
RET002743,MERCH038,Electronics,224.62,211.95,Changed mind,5,5,1,0.2,0.639,0.041,approved,0
RET002744,MERCH022,Accessories,361.18,303.06,Wrong size,8,7,3,0.43,0.583,0.052,approved,0
RET002745,MERCH009,Toys,940.35,802.6,Not as described,8,2,0,0.0,0.925,0.007,approved,0
RET002746,MERCH008,Electronics,649.63,462.83,Changed mind,11,10,0,0.0,0.849,0.029,approved,0
RET002747,MERCH035,Footwear,967.63,721.87,Changed mind,29,3,0,0.0,0.425,0.049,rejected,0
RET002748,MERCH015,Apparel,302.97,218.74,Damaged/Defective,20,7,0,0.0,1.0,0.078,flagged_for_review,1
RET002749,MERCH019,Beauty,243.04,230.2,Quality issue,26,4,1,0.25,0.983,0.046,approved,0
RET002750,MERCH008,Sports,818.43,742.18,Damaged/Defective,1,8,2,0.25,1.0,0.077,approved,0
RET002751,MERCH006,Electronics,717.66,514.29,Damaged/Defective,7,8,0,0.0,1.0,0.036,approved,0
RET002752,MERCH038,Beauty,597.51,432.61,Better price found,9,8,1,0.12,0.74,0.007,approved,0
RET002753,MERCH035,Beauty,990.56,937.48,Damaged/Defective,8,3,1,0.33,0.75,0.073,approved,0
RET002754,MERCH037,Home & Kitchen,729.13,587.45,Wrong size,18,5,1,0.2,0.779,0.0,approved,0
RET002755,MERCH001,Beauty,698.69,616.5,Not as described,24,4,2,0.5,0.733,0.101,approved,0
RET002756,MERCH013,Sports,339.38,319.1,Not as described,14,3,1,0.33,0.837,0.159,approved,0
RET002757,MERCH009,Accessories,1961.82,1674.01,Damaged/Defective,12,4,0,0.0,1.0,0.024,approved,0
RET002758,MERCH015,Books,533.46,423.66,Wrong item shipped,2,6,2,0.33,1.0,0.011,approved,0
RET002759,MERCH002,Electronics,161.39,133.96,Not as described,4,3,0,0.0,0.873,0.0,rejected,0
RET002760,MERCH037,Accessories,2906.47,2785.75,Not as described,2,2,0,0.0,0.747,0.027,approved,0
RET002761,MERCH003,Beauty,278.37,260.89,Changed mind,2,8,0,0.0,0.722,0.008,rejected,0
RET002762,MERCH021,Accessories,6337.16,5696.73,Changed mind,5,7,1,0.14,0.657,0.228,rejected,1
RET002763,MERCH015,Sports,966.64,916.9,Late delivery,2,3,1,0.33,0.927,0.0,approved,0
RET002764,MERCH008,Electronics,1368.34,1155.29,Wrong item shipped,13,5,0,0.0,1.0,0.063,approved,0
RET002765,MERCH015,Apparel,2097.63,1835.16,Changed mind,5,5,1,0.2,0.612,0.093,approved,0
RET002766,MERCH027,Apparel,134.82,121.41,Not as described,11,4,0,0.0,0.748,0.046,approved,0
RET002767,MERCH018,Sports,1007.23,996.33,Wrong size,11,7,1,0.14,0.931,0.066,approved,0
RET002768,MERCH015,Apparel,605.53,481.8,Not as described,3,3,1,0.33,0.613,0.05,approved,0
RET002769,MERCH016,Books,765.04,616.89,Wrong size,24,7,1,0.14,0.683,0.0,rejected,0
RET002770,MERCH010,Accessories,1206.8,917.76,Changed mind,12,5,0,0.0,0.303,0.005,rejected,0
RET002771,MERCH018,Accessories,1141.61,859.25,Changed mind,5,4,0,0.0,0.768,0.08,rejected,0
RET002772,MERCH014,Apparel,102.95,102.49,Damaged/Defective,7,4,0,0.0,1.0,0.052,approved,0
RET002773,MERCH030,Accessories,704.59,688.8,Changed mind,1,5,1,0.2,0.366,0.069,rejected,0
RET002774,MERCH009,Accessories,708.76,653.41,Wrong size,7,2,1,0.5,0.858,0.112,approved,0
RET002775,MERCH004,Beauty,264.2,210.28,Wrong item shipped,18,5,1,0.2,1.0,0.09,approved,0
RET002776,MERCH034,Home & Kitchen,509.58,440.39,Damaged/Defective,28,6,1,0.17,1.0,0.047,approved,0
RET002777,MERCH020,Books,1410.76,1262.79,Wrong size,7,3,0,0.0,0.559,0.058,rejected,0
RET002778,MERCH030,Beauty,752.87,652.57,Changed mind,29,5,2,0.4,0.4,0.086,approved,0
RET002779,MERCH039,Accessories,861.69,738.74,Changed mind,5,7,0,0.0,0.456,0.099,flagged_for_review,1
RET002780,MERCH036,Footwear,931.41,866.02,Changed mind,8,9,1,0.11,0.837,0.074,rejected,0
RET002781,MERCH016,Accessories,897.1,748.57,Changed mind,19,6,2,0.33,0.475,0.104,rejected,0
RET002782,MERCH009,Toys,832.48,781.76,Late delivery,17,6,0,0.0,0.928,0.01,approved,0
RET002783,MERCH014,Sports,679.46,603.41,Late delivery,1,4,0,0.0,0.697,0.044,rejected,0
RET002784,MERCH022,Toys,531.44,514.27,Better price found,26,3,0,0.0,0.63,0.007,approved,0
RET002785,MERCH024,Electronics,636.83,621.0,Not as described,29,8,2,0.25,0.928,0.05,approved,0
RET002786,MERCH026,Books,5391.39,5331.23,Better price found,4,7,0,0.0,0.569,0.0,approved,0
RET002787,MERCH022,Sports,111.44,105.09,Wrong size,1,6,0,0.0,0.642,0.084,approved,0
RET002788,MERCH023,Beauty,851.98,621.9,Not as described,2,4,1,0.25,0.601,0.0,approved,0
RET002789,MERCH016,Electronics,833.18,781.3,Wrong item shipped,8,2,0,0.0,0.784,0.029,approved,0
RET002790,MERCH039,Footwear,1100.1,870.52,Better price found,7,6,0,0.0,0.475,0.11,approved,0
RET002791,MERCH005,Toys,924.29,818.52,Changed mind,5,3,0,0.0,0.755,0.035,approved,0
RET002792,MERCH017,Apparel,248.49,231.53,Damaged/Defective,31,3,0,0.0,0.891,0.14,approved,0
RET002793,MERCH032,Toys,254.74,205.26,Not as described,6,8,2,0.25,0.621,0.041,approved,0
RET002794,MERCH037,Sports,981.45,896.55,Late delivery,38,5,0,0.0,0.533,0.043,flagged_for_review,1
RET002795,MERCH005,Accessories,590.12,454.2,Late delivery,4,6,1,0.17,0.976,0.0,approved,0
RET002796,MERCH007,Books,923.25,679.48,Wrong size,1,2,0,0.0,0.8,0.0,approved,0
RET002797,MERCH039,Accessories,943.19,907.27,Wrong size,15,7,1,0.14,0.67,0.153,rejected,0
RET002798,MERCH035,Apparel,1881.09,1730.35,Better price found,19,3,1,0.33,0.382,0.058,rejected,0
RET002799,MERCH024,Home & Kitchen,352.63,300.68,Wrong item shipped,2,4,0,0.0,1.0,0.069,approved,0
RET002800,MERCH013,Electronics,970.09,842.67,Changed mind,23,2,0,0.0,0.541,0.0,rejected,0
RET002801,MERCH020,Apparel,169.02,118.85,Changed mind,3,11,3,0.27,0.47,0.077,approved,0
RET002802,MERCH008,Books,446.71,434.96,Wrong size,8,6,2,0.33,1.0,0.092,approved,0
RET002803,MERCH022,Sports,2099.22,1518.45,Wrong item shipped,8,7,1,0.14,1.0,0.087,approved,0
RET002804,MERCH007,Footwear,467.77,422.28,Wrong size,12,7,1,0.14,0.784,0.101,approved,0
RET002805,MERCH011,Home & Kitchen,320.19,226.69,Better price found,20,3,1,0.33,0.521,0.035,approved,0
RET002806,MERCH020,Beauty,545.03,403.59,Not as described,6,6,0,0.0,0.747,0.011,approved,0
RET002807,MERCH011,Books,755.78,553.1,Damaged/Defective,7,6,1,0.17,0.974,0.003,approved,0
RET002808,MERCH002,Apparel,1338.38,1005.05,Late delivery,14,7,0,0.0,0.785,0.106,approved,0
RET002809,MERCH011,Toys,409.53,345.96,Wrong size,2,5,1,0.2,0.745,0.123,approved,0
RET002810,MERCH033,Books,359.28,302.52,Better price found,8,7,1,0.14,0.6,0.092,approved,0
RET002811,MERCH018,Accessories,308.74,226.92,Wrong size,4,1,1,1.0,0.638,0.452,approved,0
RET002812,MERCH032,Footwear,987.17,816.5,Not as described,15,8,3,0.38,0.64,0.0,approved,0
RET002813,MERCH002,Footwear,456.2,400.36,Changed mind,16,4,1,0.25,0.751,0.058,approved,0
RET002814,MERCH034,Accessories,1279.24,1042.94,Damaged/Defective,5,7,0,0.0,1.0,0.023,flagged_for_review,1
RET002815,MERCH030,Footwear,1590.72,1115.15,Quality issue,15,8,2,0.25,0.852,0.042,approved,0
RET002816,MERCH016,Sports,3175.84,3101.52,Changed mind,5,6,0,0.0,0.454,0.019,rejected,0
RET002817,MERCH034,Electronics,820.58,795.77,Wrong size,6,6,0,0.0,1.0,0.037,approved,0
RET002818,MERCH034,Accessories,102.22,78.98,Changed mind,9,4,0,0.0,0.759,0.037,approved,0
RET002819,MERCH002,Electronics,1145.26,898.3,Late delivery,19,7,2,0.29,0.884,0.0,approved,0
RET002820,MERCH028,Apparel,484.81,413.88,Changed mind,1,3,0,0.0,0.656,0.008,rejected,0
RET002821,MERCH031,Electronics,1465.58,1444.22,Damaged/Defective,10,9,1,0.11,1.0,0.072,approved,0
RET002822,MERCH001,Toys,372.42,287.35,Wrong size,2,2,0,0.0,0.702,0.11,approved,0
RET002823,MERCH008,Books,2019.98,1889.03,Changed mind,3,6,0,0.0,0.858,0.027,approved,0
RET002824,MERCH023,Footwear,361.6,288.07,Late delivery,4,7,1,0.14,0.763,0.025,approved,0
RET002825,MERCH030,Toys,825.79,728.52,Not as described,6,4,0,0.0,0.507,0.044,rejected,0
RET002826,MERCH014,Home & Kitchen,798.67,601.22,Wrong item shipped,5,6,4,0.67,0.631,0.329,flagged_for_review,1
RET002827,MERCH033,Home & Kitchen,380.38,355.12,Changed mind,2,3,0,0.0,0.656,0.0,approved,0
RET002828,MERCH037,Electronics,1772.27,1716.3,Not as described,22,5,2,0.4,0.891,0.107,approved,0
RET002829,MERCH013,Books,458.37,450.49,Not as described,4,4,0,0.0,0.874,0.029,approved,0
RET002830,MERCH033,Accessories,1104.03,873.24,Better price found,1,7,1,0.14,0.659,0.06,approved,0
RET002831,MERCH013,Accessories,308.31,307.16,Wrong item shipped,6,5,3,0.6,0.976,0.149,flagged_for_review,1
RET002832,MERCH035,Electronics,1367.1,1080.61,Better price found,5,6,2,0.33,0.326,0.0,rejected,0
RET002833,MERCH002,Toys,2302.76,1988.1,Wrong item shipped,1,3,0,0.0,1.0,0.014,approved,0
RET002834,MERCH031,Toys,783.7,756.97,Wrong size,39,6,1,0.17,0.52,0.01,approved,0
RET002835,MERCH007,Home & Kitchen,106.95,98.08,Changed mind,5,6,1,0.17,0.574,0.108,approved,0
RET002836,MERCH027,Books,603.31,482.5,Wrong size,22,3,1,0.33,0.882,0.061,approved,0
RET002837,MERCH028,Beauty,503.55,431.28,Changed mind,1,5,0,0.0,0.668,0.037,rejected,0
RET002838,MERCH005,Apparel,1047.28,800.5,Wrong size,16,3,0,0.0,0.739,0.093,flagged_for_review,1
RET002839,MERCH010,Footwear,134.86,107.3,Damaged/Defective,8,1,0,0.0,0.815,0.096,approved,0
RET002840,MERCH018,Electronics,264.68,204.44,Not as described,18,5,1,0.2,1.0,0.053,approved,0
RET002841,MERCH010,Accessories,470.82,436.55,Late delivery,7,5,0,0.0,0.615,0.044,approved,0
RET002842,MERCH013,Books,1507.81,1412.95,Better price found,2,4,0,0.0,0.545,0.0,rejected,0
RET002843,MERCH002,Footwear,736.85,567.2,Wrong size,11,4,0,0.0,0.731,0.0,approved,0
RET002844,MERCH040,Footwear,2359.82,1682.81,Quality issue,6,3,1,0.33,1.0,0.0,approved,0
RET002845,MERCH002,Apparel,93.61,83.29,Changed mind,23,7,0,0.0,0.514,0.017,rejected,0
RET002846,MERCH027,Apparel,4965.58,4872.3,Wrong size,16,9,3,0.33,0.748,0.117,approved,0
RET002847,MERCH020,Accessories,705.06,557.87,Wrong size,1,11,1,0.09,0.605,0.043,approved,0
RET002848,MERCH034,Electronics,805.88,768.11,Damaged/Defective,26,7,0,0.0,1.0,0.129,flagged_for_review,1
RET002849,MERCH021,Toys,1259.09,1126.03,Quality issue,23,2,0,0.0,1.0,0.089,approved,0
RET002850,MERCH023,Beauty,1233.92,1153.64,Changed mind,6,7,0,0.0,0.432,0.0,rejected,0
RET002851,MERCH019,Home & Kitchen,1064.96,756.35,Changed mind,25,3,1,0.33,0.464,0.023,rejected,0
RET002852,MERCH016,Apparel,1065.93,850.07,Damaged/Defective,2,7,0,0.0,0.794,0.0,approved,0
RET002853,MERCH003,Electronics,534.92,506.53,Better price found,6,6,1,0.17,0.655,0.103,approved,0
RET002854,MERCH007,Footwear,6609.63,5317.89,Better price found,5,6,0,0.0,0.681,0.02,rejected,0
RET002855,MERCH004,Beauty,874.04,710.96,Changed mind,9,6,1,0.17,0.656,0.03,approved,0
RET002856,MERCH028,Toys,902.56,854.22,Wrong size,5,5,0,0.0,0.856,0.0,approved,0
RET002857,MERCH037,Beauty,607.23,502.59,Wrong size,26,3,0,0.0,0.782,0.07,rejected,0
RET002858,MERCH011,Sports,3153.62,2878.46,Changed mind,1,7,1,0.14,0.616,0.1,rejected,0
RET002859,MERCH037,Apparel,272.19,235.09,Wrong size,1,2,0,0.0,0.823,0.147,approved,0
RET002860,MERCH006,Books,3410.33,2548.78,Wrong item shipped,3,4,0,0.0,1.0,0.015,approved,0
RET002861,MERCH009,Apparel,427.91,318.34,Damaged/Defective,6,4,3,0.75,0.885,0.46,approved,0
RET002862,MERCH008,Home & Kitchen,558.22,515.63,Wrong item shipped,2,2,1,0.5,1.0,0.104,approved,0
RET002863,MERCH004,Footwear,474.73,360.11,Wrong item shipped,5,5,1,0.2,1.0,0.109,approved,0
RET002864,MERCH030,Beauty,394.63,288.31,Changed mind,35,7,0,0.0,0.212,0.109,approved,0
RET002865,MERCH018,Apparel,1335.5,1101.4,Quality issue,17,5,1,0.2,1.0,0.054,approved,0
RET002866,MERCH009,Apparel,489.7,351.75,Changed mind,2,3,2,0.67,0.465,0.403,approved,0
RET002867,MERCH040,Toys,373.09,313.23,Not as described,25,5,0,0.0,0.796,0.15,approved,0
RET002868,MERCH022,Electronics,833.92,637.01,Wrong item shipped,17,7,1,0.14,1.0,0.023,approved,0
RET002869,MERCH002,Sports,972.03,767.98,Damaged/Defective,10,6,0,0.0,1.0,0.025,approved,0
RET002870,MERCH012,Footwear,806.44,627.84,Damaged/Defective,6,4,0,0.0,0.836,0.03,rejected,0
RET002871,MERCH012,Footwear,1032.22,831.85,Better price found,2,7,0,0.0,0.446,0.0,approved,0
RET002872,MERCH009,Sports,1928.87,1891.98,Changed mind,11,5,0,0.0,0.617,0.0,approved,0
RET002873,MERCH034,Apparel,4989.78,3872.83,Not as described,7,5,0,0.0,0.956,0.0,approved,0
RET002874,MERCH030,Accessories,70.71,67.52,Changed mind,2,5,0,0.0,0.319,0.102,rejected,0
RET002875,MERCH019,Toys,544.76,466.81,Not as described,1,1,0,0.0,0.733,0.076,approved,0
RET002876,MERCH004,Sports,2285.5,2114.98,Not as described,16,2,2,1.0,0.578,0.373,approved,0
RET002877,MERCH019,Books,1742.56,1394.95,Not as described,5,6,0,0.0,0.766,0.058,rejected,0
RET002878,MERCH038,Beauty,861.21,826.08,Quality issue,6,3,0,0.0,1.0,0.075,approved,0
RET002879,MERCH007,Apparel,434.77,355.04,Damaged/Defective,10,4,1,0.25,1.0,0.051,approved,0
RET002880,MERCH035,Accessories,1127.67,881.56,Changed mind,15,6,3,0.5,0.323,0.119,approved,0
RET002881,MERCH013,Home & Kitchen,557.33,555.14,Damaged/Defective,6,3,0,0.0,0.93,0.019,approved,0
RET002882,MERCH031,Home & Kitchen,165.31,140.87,Damaged/Defective,10,6,0,0.0,0.899,0.018,rejected,0
RET002883,MERCH016,Toys,1355.35,1107.93,Late delivery,10,8,1,0.12,0.531,0.12,approved,0
RET002884,MERCH016,Toys,1776.22,1473.74,Not as described,4,3,0,0.0,0.56,0.132,rejected,0
RET002885,MERCH036,Sports,1067.1,831.74,Damaged/Defective,32,7,0,0.0,1.0,0.14,approved,0
RET002886,MERCH008,Accessories,1618.38,1202.75,Wrong size,25,4,1,0.25,0.838,0.03,approved,0
RET002887,MERCH040,Books,343.51,275.48,Wrong size,1,5,0,0.0,0.839,0.019,approved,0
RET002888,MERCH016,Toys,643.62,500.79,Late delivery,9,4,0,0.0,0.545,0.094,approved,0
RET002889,MERCH004,Sports,1748.26,1278.34,Damaged/Defective,8,7,2,0.29,0.93,0.068,approved,0
RET002890,MERCH028,Books,724.24,566.22,Damaged/Defective,19,4,1,0.25,1.0,0.094,approved,0
RET002891,MERCH021,Apparel,462.64,459.41,Wrong item shipped,2,4,1,0.25,1.0,0.15,approved,0
RET002892,MERCH019,Beauty,279.07,228.4,Late delivery,14,7,0,0.0,0.57,0.046,rejected,0
RET002893,MERCH034,Accessories,1869.54,1556.54,Wrong size,12,1,1,1.0,0.78,0.407,approved,0
RET002894,MERCH025,Toys,361.07,255.49,Damaged/Defective,17,7,3,0.43,0.843,0.0,approved,0
RET002895,MERCH030,Sports,589.21,554.48,Not as described,20,2,0,0.0,0.637,0.039,approved,0
RET002896,MERCH019,Footwear,2747.24,2520.34,Changed mind,7,6,1,0.17,0.564,0.0,approved,0
RET002897,MERCH022,Footwear,1987.74,1680.35,Late delivery,28,6,0,0.0,0.637,0.03,approved,0
RET002898,MERCH031,Toys,458.27,405.61,Wrong item shipped,6,3,1,0.33,0.945,0.052,approved,0
RET002899,MERCH002,Home & Kitchen,167.78,140.63,Quality issue,7,7,2,0.29,0.878,0.038,approved,0
RET002900,MERCH015,Footwear,1247.62,1202.98,Changed mind,16,5,0,0.0,0.768,0.021,rejected,1
RET002901,MERCH038,Electronics,1301.66,1133.31,Changed mind,9,4,2,0.5,0.627,0.122,approved,0
RET002902,MERCH020,Books,568.79,414.99,Changed mind,2,6,0,0.0,0.479,0.0,approved,0
RET002903,MERCH028,Apparel,197.4,189.95,Late delivery,12,4,1,0.25,0.704,0.051,approved,0
RET002904,MERCH017,Electronics,555.74,547.26,Changed mind,19,4,1,0.25,0.607,0.037,flagged_for_review,1
RET002905,MERCH031,Home & Kitchen,437.28,410.18,Wrong item shipped,2,5,1,0.2,0.979,0.057,approved,0
RET002906,MERCH019,Beauty,884.87,817.42,Not as described,1,2,0,0.0,0.557,0.033,approved,0
RET002907,MERCH013,Beauty,558.22,543.07,Wrong size,9,4,1,0.25,0.868,0.09,approved,0
RET002908,MERCH004,Accessories,647.52,521.5,Changed mind,21,5,0,0.0,0.615,0.0,approved,0
RET002909,MERCH015,Toys,538.05,407.87,Not as described,1,7,1,0.14,0.941,0.0,approved,0
RET002910,MERCH024,Accessories,463.05,446.35,Wrong size,10,6,1,0.17,0.983,0.048,approved,0
RET002911,MERCH023,Home & Kitchen,44.14,41.27,Better price found,16,4,0,0.0,0.588,0.003,approved,0
RET002912,MERCH021,Books,514.38,465.61,Better price found,4,5,0,0.0,0.719,0.0,rejected,0
RET002913,MERCH009,Beauty,1014.08,983.97,Changed mind,26,5,1,0.2,0.683,0.08,approved,0
RET002914,MERCH031,Apparel,593.43,501.6,Not as described,15,8,2,0.25,0.625,0.03,approved,0
RET002915,MERCH036,Electronics,1086.58,815.18,Changed mind,12,5,1,0.2,0.866,0.0,approved,0
RET002916,MERCH009,Accessories,1865.35,1661.58,Quality issue,8,9,0,0.0,1.0,0.133,approved,0
RET002917,MERCH019,Beauty,124.4,89.04,Changed mind,25,2,0,0.0,0.466,0.08,approved,0
RET002918,MERCH026,Electronics,502.0,399.93,Not as described,7,7,1,0.14,0.811,0.011,approved,0
RET002919,MERCH016,Sports,2617.57,2069.64,Better price found,8,5,0,0.0,0.46,0.104,approved,0
RET002920,MERCH040,Accessories,619.9,607.11,Quality issue,2,4,0,0.0,1.0,0.034,flagged_for_review,1
RET002921,MERCH040,Home & Kitchen,1656.24,1494.94,Changed mind,7,7,0,0.0,0.709,0.078,approved,0
RET002922,MERCH037,Accessories,1003.56,891.04,Not as described,9,7,0,0.0,0.836,0.082,approved,0
RET002923,MERCH014,Books,563.51,465.9,Changed mind,4,3,0,0.0,0.478,0.009,rejected,0
RET002924,MERCH037,Electronics,1194.77,936.67,Wrong size,20,4,1,0.25,0.838,0.034,approved,0
RET002925,MERCH027,Electronics,2794.86,2563.59,Wrong size,2,3,0,0.0,0.707,0.067,approved,0
RET002926,MERCH021,Sports,953.26,794.51,Wrong item shipped,1,4,1,0.25,1.0,0.0,approved,0
RET002927,MERCH023,Home & Kitchen,1437.21,1036.34,Quality issue,22,6,1,0.17,0.824,0.138,approved,0
RET002928,MERCH035,Accessories,3669.0,3565.01,Wrong size,4,4,0,0.0,0.565,0.0,rejected,0
RET002929,MERCH040,Footwear,205.98,194.3,Late delivery,11,5,0,0.0,0.939,0.008,approved,0
RET002930,MERCH040,Sports,2120.48,1742.65,Wrong size,13,3,0,0.0,0.812,0.0,approved,0
RET002931,MERCH001,Beauty,2003.7,1565.01,Not as described,4,6,1,0.17,0.616,0.053,approved,0
RET002932,MERCH030,Sports,118.33,91.93,Changed mind,2,5,0,0.0,0.477,0.056,approved,0
RET002933,MERCH037,Accessories,1026.55,742.65,Late delivery,6,8,2,0.25,0.88,0.026,approved,0
RET002934,MERCH026,Accessories,469.34,349.24,Late delivery,36,7,1,0.14,0.504,0.111,approved,0
RET002935,MERCH011,Apparel,1570.33,1527.53,Damaged/Defective,18,3,1,0.33,1.0,0.089,approved,0
RET002936,MERCH036,Sports,2302.96,2114.63,Wrong item shipped,37,5,0,0.0,1.0,0.095,approved,0
RET002937,MERCH010,Home & Kitchen,1526.51,1200.32,Changed mind,18,7,0,0.0,0.423,0.013,rejected,0
RET002938,MERCH025,Sports,205.61,198.34,Not as described,2,1,0,0.0,0.535,0.1,rejected,1
RET002939,MERCH002,Accessories,342.33,300.91,Not as described,5,4,0,0.0,0.768,0.071,approved,0
RET002940,MERCH009,Beauty,575.22,528.14,Wrong size,7,6,1,0.17,0.852,0.05,approved,0
RET002941,MERCH035,Toys,1095.22,948.93,Wrong size,5,6,1,0.17,0.503,0.151,rejected,0
RET002942,MERCH004,Beauty,4348.46,3355.62,Damaged/Defective,2,5,1,0.2,0.939,0.071,approved,0
RET002943,MERCH029,Footwear,522.64,383.2,Damaged/Defective,2,4,0,0.0,0.885,0.045,approved,0
RET002944,MERCH021,Home & Kitchen,873.15,726.61,Not as described,7,8,0,0.0,0.867,0.0,rejected,0
RET002945,MERCH008,Sports,720.34,713.54,Wrong item shipped,8,6,4,0.67,1.0,0.404,flagged_for_review,1
RET002946,MERCH011,Sports,693.15,538.24,Damaged/Defective,13,11,0,0.0,0.916,0.07,approved,0
RET002947,MERCH023,Electronics,525.37,371.88,Not as described,13,2,1,0.5,0.699,0.055,approved,0
RET002948,MERCH040,Toys,577.43,480.34,Damaged/Defective,2,4,1,0.25,1.0,0.113,approved,0
RET002949,MERCH021,Books,704.31,576.26,Better price found,6,5,2,0.4,0.635,0.072,rejected,0
RET002950,MERCH006,Footwear,484.44,352.26,Wrong size,2,4,0,0.0,0.854,0.168,approved,0
RET002951,MERCH027,Footwear,317.98,314.78,Quality issue,22,7,2,0.29,1.0,0.036,approved,0
RET002952,MERCH033,Beauty,1570.39,1326.77,Changed mind,1,4,0,0.0,0.638,0.0,approved,0
RET002953,MERCH011,Beauty,948.37,938.84,Changed mind,1,5,1,0.2,0.701,0.116,approved,0
RET002954,MERCH019,Electronics,306.91,262.31,Quality issue,12,4,0,0.0,0.788,0.053,approved,0
RET002955,MERCH019,Accessories,236.14,175.98,Not as described,5,5,1,0.2,0.681,0.064,flagged_for_review,1
RET002956,MERCH030,Electronics,255.16,243.25,Quality issue,22,5,1,0.2,0.96,0.0,approved,0
RET002957,MERCH030,Home & Kitchen,1198.05,951.32,Changed mind,41,10,1,0.1,0.139,0.014,approved,0
RET002958,MERCH033,Toys,396.45,302.39,Wrong size,4,6,0,0.0,0.942,0.044,approved,0
RET002959,MERCH016,Footwear,658.83,621.7,Changed mind,2,2,0,0.0,0.573,0.055,rejected,0
RET002960,MERCH025,Home & Kitchen,683.22,524.49,Wrong item shipped,5,5,1,0.2,0.794,0.048,approved,0
RET002961,MERCH019,Beauty,546.69,420.55,Better price found,11,6,1,0.17,0.622,0.069,approved,0
RET002962,MERCH035,Beauty,730.44,532.31,Not as described,13,6,2,0.33,0.473,0.169,rejected,0
RET002963,MERCH034,Footwear,1040.98,857.47,Quality issue,15,6,0,0.0,1.0,0.073,approved,0
RET002964,MERCH022,Apparel,513.07,480.95,Changed mind,12,7,1,0.14,0.671,0.102,approved,0
RET002965,MERCH010,Sports,211.4,182.76,Wrong size,5,5,1,0.2,0.588,0.059,flagged_for_review,1
RET002966,MERCH011,Accessories,485.77,463.07,Better price found,14,2,1,0.5,0.67,0.0,approved,0
RET002967,MERCH014,Books,4768.89,3925.24,Not as described,1,7,1,0.14,0.753,0.063,approved,0
RET002968,MERCH036,Sports,564.55,493.82,Wrong size,5,5,1,0.2,0.989,0.047,approved,0
RET002969,MERCH010,Accessories,193.62,189.11,Wrong item shipped,8,6,2,0.33,0.938,0.049,approved,0
RET002970,MERCH036,Home & Kitchen,164.12,119.94,Wrong size,15,5,1,0.2,0.881,0.047,approved,0
RET002971,MERCH019,Apparel,968.46,817.46,Changed mind,19,2,1,0.5,0.418,0.058,rejected,0
RET002972,MERCH019,Apparel,869.51,812.03,Not as described,5,5,0,0.0,0.605,0.055,approved,0
RET002973,MERCH017,Accessories,505.01,481.76,Not as described,4,6,0,0.0,0.902,0.051,approved,0
RET002974,MERCH027,Toys,1541.45,1248.35,Better price found,2,6,1,0.17,0.7,0.005,approved,0
RET002975,MERCH025,Footwear,205.66,151.5,Changed mind,4,7,0,0.0,0.44,0.045,rejected,0
RET002976,MERCH018,Accessories,151.33,113.75,Damaged/Defective,2,3,1,0.33,1.0,0.082,approved,0
RET002977,MERCH008,Accessories,246.26,216.02,Changed mind,28,4,1,0.25,0.992,0.019,approved,0
RET002978,MERCH030,Sports,394.86,364.62,Wrong size,6,2,0,0.0,0.43,0.0,rejected,0
RET002979,MERCH035,Beauty,996.41,840.4,Late delivery,2,8,0,0.0,0.405,0.0,approved,0
RET002980,MERCH016,Accessories,744.58,534.6,Better price found,6,3,0,0.0,0.408,0.151,rejected,1
RET002981,MERCH009,Toys,380.15,337.84,Wrong size,7,6,1,0.17,0.725,0.082,approved,0
RET002982,MERCH034,Apparel,1491.55,1352.03,Wrong size,1,4,0,0.0,0.977,0.008,approved,0
RET002983,MERCH008,Toys,1445.25,1337.19,Changed mind,9,5,0,0.0,0.679,0.037,approved,0
RET002984,MERCH020,Accessories,442.37,390.41,Quality issue,12,5,1,0.2,1.0,0.0,approved,0
RET002985,MERCH029,Footwear,1201.97,1013.79,Changed mind,4,4,1,0.25,0.571,0.0,rejected,0
RET002986,MERCH008,Home & Kitchen,1703.54,1338.17,Better price found,16,3,1,0.33,0.7,0.0,approved,0
RET002987,MERCH038,Home & Kitchen,185.1,131.19,Better price found,4,3,0,0.0,0.679,0.02,rejected,0
RET002988,MERCH019,Books,869.87,767.11,Changed mind,19,3,0,0.0,0.698,0.0,approved,0
RET002989,MERCH022,Footwear,510.9,418.44,Not as described,2,7,1,0.14,0.66,0.0,approved,0
RET002990,MERCH022,Footwear,461.65,385.89,Wrong item shipped,9,4,0,0.0,0.984,0.114,approved,0
RET002991,MERCH039,Beauty,1694.53,1402.94,Better price found,5,4,0,0.0,0.569,0.053,rejected,0
RET002992,MERCH002,Home & Kitchen,610.68,607.83,Damaged/Defective,36,2,0,0.0,0.836,0.035,approved,0
RET002993,MERCH001,Home & Kitchen,184.46,148.71,Quality issue,46,3,0,0.0,0.65,0.143,approved,0
RET002994,MERCH023,Toys,524.6,477.82,Changed mind,6,4,1,0.25,0.54,0.075,approved,0
RET002995,MERCH032,Home & Kitchen,825.43,766.9,Wrong size,27,7,2,0.29,0.669,0.057,approved,0
RET002996,MERCH028,Footwear,645.66,624.01,Not as described,19,4,0,0.0,0.815,0.101,approved,0
RET002997,MERCH011,Toys,947.28,825.99,Late delivery,4,8,2,0.25,0.693,0.105,approved,0
RET002998,MERCH013,Toys,1233.12,963.42,Wrong size,8,3,1,0.33,0.807,0.063,approved,0
RET002999,MERCH017,Home & Kitchen,2030.59,1813.53,Changed mind,28,2,0,0.0,0.838,0.059,approved,0
RET003000,MERCH015,Footwear,3976.45,3674.07,Quality issue,5,2,1,0.5,1.0,0.026,approved,0
RET003001,MERCH014,Books,470.91,467.55,Late delivery,16,8,0,0.0,0.786,0.107,approved,0
RET003002,MERCH016,Accessories,709.76,670.92,Changed mind,5,5,0,0.0,0.463,0.085,approved,0
RET003003,MERCH029,Beauty,526.89,426.88,Changed mind,4,5,0,0.0,0.662,0.097,approved,0
RET003004,MERCH001,Footwear,342.34,243.83,Changed mind,7,6,0,0.0,0.536,0.026,approved,0
RET003005,MERCH019,Accessories,691.67,529.99,Not as described,7,5,1,0.2,0.564,0.023,rejected,0
RET003006,MERCH009,Apparel,2311.29,1865.47,Wrong size,1,6,2,0.33,0.85,0.0,approved,0
RET003007,MERCH003,Toys,856.06,646.1,Late delivery,22,5,0,0.0,0.867,0.101,approved,0
RET003008,MERCH033,Home & Kitchen,908.85,640.81,Not as described,7,7,0,0.0,0.854,0.005,approved,0
RET003009,MERCH013,Toys,993.03,775.63,Changed mind,14,5,0,0.0,0.709,0.0,approved,0
RET003010,MERCH026,Beauty,1492.88,1420.39,Changed mind,20,2,1,0.5,0.812,0.015,approved,0
RET003011,MERCH016,Toys,1461.06,1362.36,Wrong size,16,13,1,0.08,0.582,0.041,approved,0
RET003012,MERCH014,Home & Kitchen,163.11,118.01,Changed mind,33,2,0,0.0,0.454,0.001,approved,0
RET003013,MERCH033,Electronics,213.4,170.8,Changed mind,6,9,1,0.11,0.596,0.037,approved,0
RET003014,MERCH023,Electronics,867.52,717.99,Better price found,38,2,0,0.0,0.276,0.076,approved,0
RET003015,MERCH014,Beauty,369.58,264.21,Wrong item shipped,18,2,0,0.0,1.0,0.117,approved,0
RET003016,MERCH039,Beauty,550.19,398.61,Late delivery,28,5,1,0.2,0.619,0.0,approved,0
RET003017,MERCH009,Accessories,66.72,62.34,Wrong size,12,7,0,0.0,0.812,0.0,rejected,0
RET003018,MERCH026,Footwear,349.68,285.37,Wrong size,2,8,4,0.5,0.698,0.182,rejected,0
RET003019,MERCH030,Books,2051.0,1665.52,Not as described,20,4,0,0.0,0.639,0.087,rejected,0
RET003020,MERCH007,Toys,334.93,260.7,Changed mind,9,5,0,0.0,0.692,0.03,approved,0
RET003021,MERCH013,Beauty,259.35,242.17,Not as described,5,4,0,0.0,0.724,0.039,approved,0
RET003022,MERCH011,Beauty,1249.25,1098.11,Wrong item shipped,7,4,1,0.25,0.973,0.035,approved,0
RET003023,MERCH013,Home & Kitchen,1783.31,1669.17,Wrong item shipped,12,3,0,0.0,1.0,0.0,approved,0
RET003024,MERCH014,Home & Kitchen,1725.45,1725.45,Changed mind,4,5,2,0.4,0.55,0.042,rejected,0
RET003025,MERCH011,Sports,1916.24,1644.19,Better price found,8,7,0,0.0,0.52,0.141,rejected,0
RET003026,MERCH033,Accessories,309.92,294.6,Better price found,16,3,1,0.33,0.587,0.122,approved,0
RET003027,MERCH018,Sports,683.0,556.25,Better price found,2,3,0,0.0,0.75,0.047,rejected,0
RET003028,MERCH034,Apparel,1265.23,963.71,Wrong item shipped,4,6,1,0.17,1.0,0.067,approved,0
RET003029,MERCH025,Toys,531.06,509.46,Wrong item shipped,7,9,1,0.11,0.885,0.079,rejected,0
RET003030,MERCH018,Beauty,782.71,736.81,Wrong item shipped,8,2,0,0.0,1.0,0.074,approved,0
RET003031,MERCH005,Electronics,361.0,258.3,Better price found,7,5,2,0.4,0.752,0.039,approved,0
RET003032,MERCH012,Electronics,1076.7,995.28,Changed mind,8,7,2,0.29,0.624,0.09,rejected,0
RET003033,MERCH020,Books,375.29,352.92,Quality issue,9,4,1,0.25,0.891,0.131,approved,0
RET003034,MERCH017,Toys,582.67,452.39,Not as described,14,4,0,0.0,0.771,0.102,rejected,0
RET003035,MERCH026,Electronics,414.32,298.8,Damaged/Defective,5,9,1,0.11,1.0,0.04,approved,0
RET003036,MERCH034,Accessories,519.85,510.37,Better price found,8,3,1,0.33,0.815,0.066,rejected,0
RET003037,MERCH001,Footwear,284.08,202.15,Changed mind,22,5,1,0.2,0.487,0.026,rejected,0
RET003038,MERCH034,Apparel,366.48,338.98,Better price found,4,6,2,0.33,0.636,0.09,rejected,0
RET003039,MERCH001,Books,248.68,244.63,Changed mind,9,4,0,0.0,0.606,0.042,approved,0
RET003040,MERCH039,Home & Kitchen,808.03,767.69,Quality issue,6,8,1,0.12,0.914,0.0,approved,0
RET003041,MERCH015,Electronics,607.09,604.33,Changed mind,3,6,0,0.0,0.809,0.019,approved,0
RET003042,MERCH003,Home & Kitchen,197.75,152.65,Not as described,38,5,0,0.0,0.557,0.014,rejected,0
RET003043,MERCH014,Accessories,149.84,137.82,Changed mind,8,7,0,0.0,0.743,0.087,approved,0
RET003044,MERCH032,Footwear,1333.59,1176.77,Damaged/Defective,2,5,0,0.0,0.82,0.089,approved,0
RET003045,MERCH027,Beauty,542.67,531.86,Quality issue,4,3,1,0.33,1.0,0.0,approved,0
RET003046,MERCH023,Home & Kitchen,442.97,379.73,Quality issue,15,11,3,0.27,1.0,0.181,approved,0
RET003047,MERCH040,Footwear,968.55,774.29,Changed mind,2,4,1,0.25,0.684,0.053,rejected,0
RET003048,MERCH034,Beauty,1366.17,1148.49,Quality issue,5,4,1,0.25,1.0,0.047,approved,0
RET003049,MERCH034,Toys,518.03,371.98,Damaged/Defective,4,6,0,0.0,1.0,0.042,approved,0
RET003050,MERCH029,Accessories,318.19,256.23,Changed mind,10,8,1,0.12,0.462,0.093,rejected,0
RET003051,MERCH011,Books,807.16,665.72,Not as described,4,8,1,0.12,0.756,0.054,approved,0
RET003052,MERCH003,Toys,448.43,362.47,Changed mind,1,5,3,0.6,0.504,0.034,flagged_for_review,1
RET003053,MERCH001,Electronics,592.33,569.55,Changed mind,2,4,0,0.0,0.625,0.006,approved,0
RET003054,MERCH013,Footwear,1543.84,1239.58,Late delivery,12,5,3,0.6,0.698,0.037,approved,0
RET003055,MERCH030,Home & Kitchen,750.52,598.39,Changed mind,28,7,0,0.0,0.447,0.022,approved,0
RET003056,MERCH010,Books,1121.41,856.09,Changed mind,16,7,1,0.14,0.483,0.058,approved,0
RET003057,MERCH038,Beauty,711.29,563.45,Not as described,14,4,1,0.25,0.791,0.087,approved,0
RET003058,MERCH003,Footwear,2442.05,1750.09,Wrong item shipped,7,4,0,0.0,1.0,0.0,approved,0
RET003059,MERCH014,Sports,186.19,160.07,Not as described,19,7,0,0.0,0.873,0.157,approved,0
RET003060,MERCH013,Books,275.45,252.14,Damaged/Defective,28,7,2,0.29,1.0,0.065,approved,0
RET003061,MERCH037,Books,2117.97,1729.41,Late delivery,13,4,0,0.0,0.654,0.041,rejected,1
RET003062,MERCH003,Beauty,711.85,555.06,Not as described,17,4,0,0.0,0.773,0.0,approved,0
RET003063,MERCH008,Toys,1919.87,1492.32,Wrong size,10,3,2,0.67,0.779,0.349,rejected,1
RET003064,MERCH034,Footwear,414.37,322.78,Not as described,4,3,0,0.0,0.968,0.084,approved,0
RET003065,MERCH014,Toys,1383.63,1104.6,Damaged/Defective,9,4,2,0.5,1.0,0.01,approved,0
RET003066,MERCH038,Toys,771.83,675.98,Wrong item shipped,6,5,1,0.2,1.0,0.031,approved,0
RET003067,MERCH011,Electronics,1216.69,1166.56,Changed mind,21,8,0,0.0,0.581,0.0,approved,0
RET003068,MERCH017,Sports,949.97,672.35,Changed mind,1,4,0,0.0,0.694,0.069,approved,0
RET003069,MERCH018,Home & Kitchen,910.99,887.59,Changed mind,2,4,2,0.5,0.826,0.0,approved,0
RET003070,MERCH026,Toys,329.55,319.26,Better price found,56,5,1,0.2,0.447,0.166,approved,0
RET003071,MERCH001,Apparel,1178.36,1124.7,Better price found,5,6,1,0.17,0.549,0.057,rejected,0
RET003072,MERCH003,Beauty,198.32,175.17,Wrong size,1,4,1,0.25,0.837,0.0,approved,0
RET003073,MERCH030,Home & Kitchen,1222.12,950.89,Changed mind,19,4,1,0.25,0.455,0.0,approved,0
RET003074,MERCH001,Accessories,558.88,536.29,Not as described,6,7,1,0.14,0.728,0.0,approved,0
RET003075,MERCH005,Accessories,220.15,180.95,Wrong item shipped,13,8,0,0.0,0.96,0.074,approved,0
RET003076,MERCH031,Electronics,535.21,460.97,Damaged/Defective,44,4,0,0.0,0.622,0.047,approved,0
RET003077,MERCH004,Sports,510.8,385.49,Damaged/Defective,3,3,0,0.0,0.97,0.032,approved,0
RET003078,MERCH004,Apparel,258.78,191.0,Damaged/Defective,70,3,1,0.33,0.843,0.245,approved,0
RET003079,MERCH014,Footwear,429.29,321.84,Wrong size,6,1,0,0.0,0.648,0.045,approved,0
RET003080,MERCH020,Electronics,1207.91,1129.71,Not as described,2,7,2,0.29,0.705,0.0,rejected,0
RET003081,MERCH020,Books,997.98,874.46,Damaged/Defective,6,2,0,0.0,1.0,0.087,approved,0
RET003082,MERCH030,Electronics,189.57,156.98,Changed mind,2,13,2,0.15,0.505,0.0,rejected,0
RET003083,MERCH031,Books,495.39,391.74,Damaged/Defective,14,5,1,0.2,0.872,0.066,approved,0
RET003084,MERCH037,Books,137.75,123.82,Better price found,7,3,1,0.33,0.685,0.057,rejected,0
RET003085,MERCH027,Sports,930.21,885.6,Wrong size,18,3,0,0.0,0.911,0.043,approved,0
RET003086,MERCH026,Apparel,248.32,208.33,Wrong size,12,3,1,0.33,0.792,0.029,approved,0
RET003087,MERCH028,Beauty,575.72,483.81,Not as described,24,7,1,0.14,0.835,0.077,approved,0
RET003088,MERCH037,Beauty,281.32,222.55,Not as described,26,4,0,0.0,0.85,0.022,approved,0
RET003089,MERCH034,Toys,150.5,126.14,Quality issue,8,6,0,0.0,1.0,0.0,approved,0
RET003090,MERCH003,Toys,412.54,315.03,Changed mind,5,7,0,0.0,0.689,0.0,approved,0
RET003091,MERCH014,Footwear,658.25,559.14,Changed mind,7,4,1,0.25,0.602,0.128,approved,0
RET003092,MERCH027,Books,1542.28,1096.02,Damaged/Defective,4,7,2,0.29,1.0,0.077,approved,0
RET003093,MERCH001,Electronics,338.46,302.65,Wrong size,14,11,1,0.09,0.968,0.133,flagged_for_review,1
RET003094,MERCH020,Toys,397.78,293.5,Quality issue,1,5,1,0.2,0.824,0.036,rejected,0
RET003095,MERCH027,Electronics,748.63,625.15,Damaged/Defective,52,7,0,0.0,0.873,0.115,approved,0
RET003096,MERCH026,Apparel,985.65,792.45,Wrong item shipped,3,9,0,0.0,0.739,0.06,flagged_for_review,1
RET003097,MERCH035,Beauty,1190.49,1159.27,Changed mind,1,6,1,0.17,0.4,0.054,approved,0
RET003098,MERCH022,Footwear,763.78,632.05,Changed mind,1,5,0,0.0,0.515,0.004,rejected,0
RET003099,MERCH020,Sports,804.0,692.69,Wrong size,5,3,0,0.0,0.653,0.0,rejected,0
RET003100,MERCH018,Home & Kitchen,1007.68,988.08,Damaged/Defective,3,2,0,0.0,1.0,0.0,approved,0
RET003101,MERCH027,Beauty,1304.13,949.81,Wrong item shipped,7,6,1,0.17,1.0,0.094,approved,0
RET003102,MERCH027,Toys,885.69,685.96,Wrong item shipped,3,5,1,0.2,1.0,0.04,approved,0
RET003103,MERCH029,Accessories,3477.99,2525.29,Wrong item shipped,6,4,1,0.25,0.985,0.001,approved,0
RET003104,MERCH013,Accessories,956.51,679.62,Damaged/Defective,16,7,1,0.14,1.0,0.041,approved,0
RET003105,MERCH020,Electronics,1120.03,830.95,Quality issue,9,5,0,0.0,0.844,0.0,approved,0
RET003106,MERCH023,Books,7077.64,5058.29,Changed mind,14,6,1,0.17,0.491,0.268,rejected,0
RET003107,MERCH003,Accessories,593.6,524.58,Wrong item shipped,12,7,1,0.14,1.0,0.02,approved,0
RET003108,MERCH019,Beauty,1046.3,984.82,Wrong size,14,2,0,0.0,0.814,0.0,approved,0
RET003109,MERCH031,Footwear,2928.61,2088.38,Not as described,3,5,0,0.0,0.717,0.0,rejected,0
RET003110,MERCH014,Electronics,567.16,513.37,Not as described,3,2,0,0.0,0.713,0.062,approved,0
RET003111,MERCH030,Footwear,485.99,416.65,Changed mind,1,9,2,0.22,0.414,0.0,rejected,0
RET003112,MERCH016,Electronics,3476.89,2629.82,Late delivery,18,6,3,0.5,0.67,0.0,rejected,0
RET003113,MERCH011,Electronics,335.57,302.35,Better price found,8,5,0,0.0,0.548,0.089,rejected,0
RET003114,MERCH008,Footwear,670.75,662.5,Wrong size,8,8,2,0.25,0.912,0.184,approved,0
RET003115,MERCH034,Toys,281.25,269.92,Late delivery,7,3,0,0.0,0.942,0.049,approved,0
RET003116,MERCH013,Sports,1276.47,1045.34,Changed mind,8,6,2,0.33,0.67,0.039,rejected,0
RET003117,MERCH006,Footwear,927.46,878.88,Changed mind,3,5,1,0.2,0.67,0.033,approved,0
RET003118,MERCH012,Accessories,342.77,273.11,Wrong size,14,4,0,0.0,0.794,0.082,flagged_for_review,1
RET003119,MERCH035,Sports,525.5,498.93,Damaged/Defective,26,3,0,0.0,0.839,0.052,approved,0
RET003120,MERCH022,Beauty,2651.22,1973.82,Damaged/Defective,14,7,2,0.29,0.98,0.118,approved,0
RET003121,MERCH002,Home & Kitchen,643.08,512.89,Better price found,8,5,0,0.0,0.668,0.047,approved,0
RET003122,MERCH002,Toys,559.95,524.69,Wrong size,10,6,1,0.17,0.658,0.05,rejected,0
RET003123,MERCH006,Footwear,536.39,534.55,Not as described,3,4,0,0.0,0.852,0.1,approved,0
RET003124,MERCH002,Home & Kitchen,1010.51,878.03,Late delivery,23,6,0,0.0,0.799,0.083,approved,0
RET003125,MERCH021,Electronics,683.19,642.56,Wrong size,21,6,1,0.17,0.636,0.139,approved,0
RET003126,MERCH016,Electronics,1049.14,1042.03,Damaged/Defective,1,4,0,0.0,0.899,0.132,approved,0
RET003127,MERCH029,Toys,1019.41,758.92,Changed mind,5,3,1,0.33,0.558,0.0,rejected,0
RET003128,MERCH025,Footwear,435.0,340.7,Damaged/Defective,4,4,0,0.0,0.825,0.0,approved,0
RET003129,MERCH007,Sports,241.22,233.25,Quality issue,1,7,2,0.29,1.0,0.125,approved,0
RET003130,MERCH012,Accessories,529.68,396.39,Better price found,5,3,1,0.33,0.423,0.121,rejected,0
RET003131,MERCH034,Electronics,1910.55,1901.64,Wrong size,5,3,0,0.0,0.788,0.145,approved,0
RET003132,MERCH007,Books,2817.83,2466.04,Quality issue,16,4,0,0.0,0.949,0.022,approved,0
RET003133,MERCH003,Accessories,401.05,390.62,Wrong size,1,5,0,0.0,0.981,0.142,approved,0
RET003134,MERCH001,Sports,1384.84,1187.78,Wrong item shipped,15,5,1,0.2,0.888,0.094,approved,0
RET003135,MERCH019,Apparel,1380.07,1341.35,Not as described,1,3,1,0.33,0.764,0.044,approved,0
RET003136,MERCH026,Accessories,587.83,495.64,Damaged/Defective,6,2,0,0.0,0.925,0.004,approved,0
RET003137,MERCH016,Home & Kitchen,403.0,348.42,Damaged/Defective,11,3,0,0.0,0.847,0.024,rejected,0
RET003138,MERCH021,Accessories,71.44,52.33,Quality issue,1,5,1,0.2,1.0,0.008,approved,0
RET003139,MERCH021,Toys,233.0,226.54,Wrong size,4,2,0,0.0,0.869,0.02,approved,0
RET003140,MERCH014,Apparel,910.62,880.76,Quality issue,2,3,0,0.0,0.944,0.043,approved,0
RET003141,MERCH007,Footwear,1300.86,917.33,Changed mind,1,6,0,0.0,0.639,0.126,rejected,1
RET003142,MERCH009,Electronics,1008.3,707.49,Not as described,24,5,1,0.2,0.799,0.041,approved,0
RET003143,MERCH036,Accessories,780.47,587.3,Wrong item shipped,9,6,3,0.5,1.0,0.048,approved,0
RET003144,MERCH033,Electronics,929.74,828.43,Quality issue,3,2,0,0.0,1.0,0.027,approved,0
RET003145,MERCH024,Beauty,471.36,365.26,Changed mind,13,4,1,0.25,0.816,0.022,approved,0
RET003146,MERCH022,Sports,303.28,262.26,Not as described,29,3,1,0.33,0.831,0.026,approved,0
RET003147,MERCH022,Apparel,566.09,518.08,Quality issue,2,4,0,0.0,0.928,0.124,flagged_for_review,1
RET003148,MERCH007,Electronics,225.36,166.98,Wrong size,26,4,0,0.0,0.843,0.125,approved,0
RET003149,MERCH022,Toys,552.35,549.48,Quality issue,2,7,1,0.14,0.964,0.139,approved,0
RET003150,MERCH013,Electronics,250.8,245.78,Wrong size,6,7,0,0.0,0.795,0.104,approved,0
RET003151,MERCH018,Toys,460.72,351.29,Wrong size,19,4,1,0.25,0.927,0.111,approved,0
RET003152,MERCH030,Electronics,243.15,223.63,Changed mind,23,3,0,0.0,0.558,0.057,approved,0
RET003153,MERCH035,Apparel,1325.48,1095.57,Quality issue,4,6,0,0.0,0.841,0.037,approved,0
RET003154,MERCH027,Books,1170.56,934.33,Wrong size,3,5,0,0.0,0.785,0.135,approved,0
RET003155,MERCH001,Electronics,1128.21,889.35,Changed mind,12,5,1,0.2,0.499,0.0,rejected,0
RET003156,MERCH023,Home & Kitchen,775.33,770.67,Changed mind,29,8,1,0.12,0.73,0.115,approved,0
RET003157,MERCH007,Books,489.91,394.13,Changed mind,27,6,1,0.17,0.532,0.032,approved,0
RET003158,MERCH001,Accessories,317.79,284.66,Changed mind,11,5,1,0.2,0.574,0.0,approved,0
RET003159,MERCH015,Home & Kitchen,420.76,370.7,Changed mind,12,6,1,0.17,0.708,0.009,approved,0
RET003160,MERCH038,Toys,389.9,320.61,Quality issue,20,6,0,0.0,1.0,0.04,approved,0
RET003161,MERCH015,Home & Kitchen,263.21,207.47,Wrong size,23,3,2,0.67,0.604,0.481,approved,0
RET003162,MERCH019,Sports,675.95,577.98,Wrong size,1,5,1,0.2,0.635,0.09,approved,0
RET003163,MERCH029,Beauty,253.66,219.87,Damaged/Defective,1,6,0,0.0,1.0,0.15,flagged_for_review,1
RET003164,MERCH031,Apparel,937.54,905.18,Better price found,5,5,0,0.0,0.351,0.097,rejected,0
RET003165,MERCH023,Home & Kitchen,462.36,436.14,Not as described,28,4,0,0.0,0.613,0.003,rejected,0
RET003166,MERCH001,Accessories,136.09,97.12,Wrong size,4,3,0,0.0,0.814,0.046,approved,0
RET003167,MERCH018,Apparel,414.1,366.02,Better price found,17,8,3,0.38,0.743,0.049,approved,0
RET003168,MERCH004,Sports,835.81,662.1,Wrong item shipped,3,7,4,0.57,0.732,0.025,rejected,0
RET003169,MERCH005,Sports,872.19,644.24,Not as described,19,5,1,0.2,0.747,0.0,rejected,0
RET003170,MERCH005,Home & Kitchen,912.85,882.82,Quality issue,5,6,1,0.17,0.961,0.113,approved,0
RET003171,MERCH034,Toys,393.29,293.87,Damaged/Defective,12,4,0,0.0,1.0,0.088,approved,0
RET003172,MERCH029,Home & Kitchen,510.23,420.03,Damaged/Defective,3,5,0,0.0,0.889,0.014,approved,0
RET003173,MERCH038,Footwear,102.07,87.47,Not as described,3,2,0,0.0,0.892,0.008,approved,0
RET003174,MERCH003,Books,127.15,121.58,Wrong size,5,5,0,0.0,0.854,0.092,approved,0
RET003175,MERCH001,Beauty,776.06,599.0,Not as described,7,3,0,0.0,0.724,0.081,approved,0
RET003176,MERCH036,Footwear,1001.85,992.48,Damaged/Defective,1,5,1,0.2,1.0,0.098,approved,0
RET003177,MERCH022,Toys,613.55,540.75,Wrong item shipped,5,10,0,0.0,1.0,0.041,approved,0
RET003178,MERCH034,Home & Kitchen,671.51,624.51,Better price found,11,3,0,0.0,0.755,0.076,approved,0
RET003179,MERCH022,Beauty,1108.39,932.4,Not as described,25,3,1,0.33,0.663,0.056,rejected,0
RET003180,MERCH035,Accessories,341.15,317.53,Wrong size,9,4,0,0.0,0.446,0.05,rejected,0
RET003181,MERCH025,Apparel,771.45,588.88,Quality issue,2,6,0,0.0,0.878,0.054,approved,0
RET003182,MERCH025,Apparel,1005.88,840.36,Quality issue,26,4,1,0.25,0.866,0.0,rejected,0
RET003183,MERCH002,Toys,2089.08,1743.74,Not as described,1,6,1,0.17,0.737,0.035,approved,0
RET003184,MERCH038,Toys,231.37,171.74,Better price found,17,9,2,0.22,0.741,0.078,approved,0
RET003185,MERCH024,Books,717.97,506.33,Wrong size,10,3,2,0.67,0.675,0.43,rejected,0
RET003186,MERCH026,Electronics,359.98,354.81,Changed mind,6,7,1,0.14,0.646,0.061,rejected,0
RET003187,MERCH039,Sports,878.84,750.2,Wrong size,3,7,0,0.0,0.755,0.126,flagged_for_review,1
RET003188,MERCH039,Sports,392.14,319.08,Damaged/Defective,2,9,3,0.33,0.819,0.025,rejected,0
RET003189,MERCH002,Beauty,867.38,691.05,Late delivery,7,4,2,0.5,0.865,0.072,approved,0
RET003190,MERCH001,Sports,358.6,251.74,Changed mind,1,6,0,0.0,0.637,0.057,rejected,0
RET003191,MERCH012,Footwear,1735.75,1351.67,Quality issue,9,4,0,0.0,1.0,0.008,approved,0
RET003192,MERCH036,Footwear,364.08,336.25,Not as described,19,6,0,0.0,0.872,0.071,approved,0
RET003193,MERCH030,Sports,592.09,587.52,Changed mind,5,4,1,0.25,0.419,0.031,rejected,0
RET003194,MERCH004,Home & Kitchen,707.46,617.4,Changed mind,12,5,0,0.0,0.616,0.025,rejected,0
RET003195,MERCH021,Books,1027.72,978.19,Wrong item shipped,7,6,0,0.0,1.0,0.0,approved,0
RET003196,MERCH007,Beauty,1203.55,1152.49,Late delivery,2,3,0,0.0,0.706,0.07,approved,0
RET003197,MERCH027,Toys,1077.27,774.05,Changed mind,5,6,2,0.33,0.552,0.04,rejected,0
RET003198,MERCH001,Sports,1248.87,1152.94,Changed mind,2,7,1,0.14,0.611,0.058,approved,0
RET003199,MERCH021,Books,2590.36,1819.67,Quality issue,6,6,0,0.0,1.0,0.06,approved,0
RET003200,MERCH022,Books,747.94,731.23,Damaged/Defective,4,6,0,0.0,0.97,0.027,approved,0
RET003201,MERCH002,Beauty,2855.13,2323.04,Wrong size,2,8,3,0.38,0.947,0.058,approved,0
RET003202,MERCH023,Electronics,423.89,373.65,Changed mind,7,7,1,0.14,0.46,0.104,approved,0
RET003203,MERCH023,Footwear,937.56,839.33,Wrong size,2,7,2,0.29,0.717,0.062,rejected,0
RET003204,MERCH024,Toys,383.51,338.53,Damaged/Defective,29,9,3,0.33,1.0,0.0,approved,0
RET003205,MERCH022,Apparel,1029.93,822.09,Late delivery,1,8,0,0.0,0.697,0.076,approved,0
RET003206,MERCH038,Home & Kitchen,185.03,157.29,Changed mind,3,2,0,0.0,0.741,0.071,rejected,1
RET003207,MERCH007,Apparel,1762.05,1342.64,Changed mind,2,6,1,0.17,0.582,0.101,approved,0
RET003208,MERCH008,Apparel,404.28,390.98,Changed mind,20,5,1,0.2,0.831,0.088,approved,0
RET003209,MERCH021,Home & Kitchen,156.76,123.23,Quality issue,7,3,0,0.0,1.0,0.036,approved,0
RET003210,MERCH016,Toys,4801.27,4718.43,Changed mind,1,4,1,0.25,0.401,0.016,approved,0
RET003211,MERCH013,Footwear,311.6,278.83,Not as described,17,1,1,1.0,0.553,0.438,approved,0
RET003212,MERCH032,Electronics,230.85,228.48,Not as described,4,5,0,0.0,0.547,0.049,approved,0
RET003213,MERCH005,Toys,632.24,618.83,Quality issue,56,5,1,0.2,0.86,0.149,approved,0
RET003214,MERCH034,Footwear,1927.69,1377.63,Better price found,4,3,1,0.33,0.761,0.155,rejected,0
RET003215,MERCH029,Apparel,594.63,481.1,Quality issue,9,3,0,0.0,1.0,0.0,approved,0
RET003216,MERCH034,Footwear,851.97,764.1,Wrong size,31,5,1,0.2,0.682,0.064,rejected,0
RET003217,MERCH011,Beauty,811.99,630.94,Changed mind,6,7,2,0.29,0.58,0.046,rejected,0
RET003218,MERCH016,Footwear,1739.49,1275.15,Not as described,2,4,2,0.5,0.619,0.068,approved,0
RET003219,MERCH030,Beauty,1281.94,1000.36,Better price found,11,5,1,0.2,0.503,0.0,rejected,0
RET003220,MERCH005,Electronics,130.88,124.7,Changed mind,4,3,0,0.0,0.585,0.078,rejected,0
RET003221,MERCH038,Home & Kitchen,283.29,240.79,Late delivery,2,10,0,0.0,0.804,0.005,rejected,0
RET003222,MERCH012,Footwear,475.12,474.78,Late delivery,17,3,0,0.0,0.677,0.014,rejected,0
RET003223,MERCH033,Books,1029.85,884.58,Wrong size,1,7,0,0.0,0.687,0.004,approved,0
RET003224,MERCH033,Footwear,825.8,682.11,Changed mind,2,7,1,0.14,0.668,0.042,approved,0
RET003225,MERCH008,Books,150.71,126.94,Wrong size,1,7,2,0.29,0.863,0.146,flagged_for_review,1
RET003226,MERCH018,Home & Kitchen,1528.53,1362.5,Wrong size,48,2,0,0.0,0.735,0.191,approved,0
RET003227,MERCH023,Books,1212.22,1089.29,Changed mind,10,4,0,0.0,0.524,0.116,rejected,0
RET003228,MERCH018,Accessories,585.33,528.01,Not as described,27,4,1,0.25,0.941,0.008,approved,0
RET003229,MERCH035,Books,1412.77,1202.7,Damaged/Defective,5,4,0,0.0,0.743,0.0,approved,0
RET003230,MERCH026,Accessories,605.42,453.27,Better price found,41,4,0,0.0,0.402,0.0,rejected,0
RET003231,MERCH032,Apparel,408.96,347.55,Not as described,12,4,1,0.25,0.663,0.015,approved,0
RET003232,MERCH036,Beauty,965.59,708.01,Wrong size,11,2,0,0.0,0.908,0.0,approved,0
RET003233,MERCH014,Books,563.15,416.4,Quality issue,19,7,0,0.0,0.961,0.083,flagged_for_review,1
RET003234,MERCH021,Beauty,130.9,92.09,Wrong item shipped,8,4,0,0.0,1.0,0.093,approved,0
RET003235,MERCH038,Accessories,5860.96,5707.47,Wrong size,10,4,0,0.0,0.98,0.003,approved,0
RET003236,MERCH008,Accessories,243.53,212.29,Wrong item shipped,7,6,1,0.17,1.0,0.079,approved,0
RET003237,MERCH027,Accessories,855.22,737.0,Quality issue,9,6,2,0.33,1.0,0.09,approved,0
RET003238,MERCH038,Books,3023.4,2987.47,Better price found,19,2,0,0.0,0.84,0.036,approved,0
RET003239,MERCH006,Accessories,2122.37,2090.79,Late delivery,38,9,1,0.11,0.645,0.133,approved,0
RET003240,MERCH024,Toys,278.78,259.42,Damaged/Defective,17,4,1,0.25,1.0,0.0,approved,0
RET003241,MERCH028,Footwear,1207.16,881.04,Changed mind,9,2,0,0.0,0.712,0.062,approved,0
RET003242,MERCH010,Accessories,2084.36,2046.33,Quality issue,13,4,1,0.25,0.713,0.064,approved,0
RET003243,MERCH026,Beauty,318.43,275.62,Quality issue,3,2,0,0.0,1.0,0.073,approved,0
RET003244,MERCH006,Toys,1367.17,1277.44,Not as described,7,2,0,0.0,0.944,0.031,approved,0
RET003245,MERCH025,Books,263.18,200.55,Wrong size,5,5,0,0.0,0.658,0.0,approved,0
RET003246,MERCH011,Accessories,532.65,452.18,Wrong size,1,4,0,0.0,0.831,0.0,rejected,0
RET003247,MERCH022,Home & Kitchen,1224.59,1202.85,Wrong size,1,4,1,0.25,0.674,0.117,approved,0
RET003248,MERCH009,Sports,361.42,274.87,Late delivery,5,3,0,0.0,0.735,0.019,rejected,0
RET003249,MERCH024,Accessories,987.42,959.48,Quality issue,2,7,1,0.14,1.0,0.082,approved,0
RET003250,MERCH002,Books,690.32,612.03,Wrong size,15,3,1,0.33,0.794,0.066,approved,0
RET003251,MERCH017,Books,2081.82,1503.75,Wrong item shipped,7,4,0,0.0,1.0,0.013,approved,0
RET003252,MERCH007,Apparel,1201.9,1085.08,Wrong item shipped,13,3,0,0.0,1.0,0.057,approved,0
RET003253,MERCH031,Toys,621.15,554.72,Late delivery,9,7,1,0.14,0.68,0.069,rejected,0
RET003254,MERCH018,Accessories,1024.27,952.35,Changed mind,5,7,2,0.29,0.743,0.038,rejected,0
RET003255,MERCH032,Books,1748.47,1343.3,Not as described,4,5,1,0.2,0.647,0.026,rejected,0
RET003256,MERCH017,Home & Kitchen,1187.31,852.46,Quality issue,1,5,0,0.0,1.0,0.032,approved,0
RET003257,MERCH038,Beauty,578.3,425.76,Late delivery,2,6,1,0.17,0.831,0.1,approved,0
RET003258,MERCH018,Sports,802.13,786.22,Not as described,6,6,2,0.33,0.817,0.071,rejected,0
RET003259,MERCH024,Sports,1682.46,1527.87,Quality issue,1,8,0,0.0,1.0,0.093,approved,0
RET003260,MERCH013,Toys,266.32,206.19,Changed mind,8,2,0,0.0,0.581,0.079,approved,0
RET003261,MERCH015,Toys,1059.79,833.45,Wrong item shipped,18,2,0,0.0,1.0,0.012,approved,0
RET003262,MERCH021,Home & Kitchen,743.93,654.64,Damaged/Defective,5,2,0,0.0,1.0,0.017,approved,0
RET003263,MERCH009,Home & Kitchen,575.9,476.44,Late delivery,3,6,0,0.0,0.68,0.0,approved,0
RET003264,MERCH020,Accessories,1029.21,919.83,Wrong size,21,4,1,0.25,0.806,0.045,approved,0
RET003265,MERCH028,Footwear,438.64,360.03,Changed mind,1,4,1,0.25,0.796,0.0,approved,0
RET003266,MERCH029,Footwear,243.03,179.05,Quality issue,18,7,1,0.14,0.951,0.0,approved,0
RET003267,MERCH021,Toys,1405.98,1131.01,Better price found,7,4,0,0.0,0.583,0.045,rejected,0
RET003268,MERCH022,Toys,141.21,116.5,Better price found,1,8,0,0.0,0.608,0.065,approved,0
RET003269,MERCH026,Toys,328.65,266.13,Wrong size,4,2,0,0.0,0.744,0.0,approved,0
RET003270,MERCH006,Accessories,537.99,468.51,Quality issue,4,7,1,0.14,1.0,0.053,approved,0
RET003271,MERCH023,Apparel,974.51,934.27,Not as described,12,7,1,0.14,0.692,0.0,rejected,0
RET003272,MERCH002,Beauty,281.86,246.9,Damaged/Defective,6,4,2,0.5,0.998,0.041,approved,0
RET003273,MERCH025,Apparel,606.42,455.11,Wrong size,3,7,1,0.14,0.616,0.0,rejected,0
RET003274,MERCH014,Electronics,901.43,699.34,Not as described,15,4,0,0.0,0.664,0.051,rejected,0
RET003275,MERCH010,Footwear,689.83,483.47,Not as described,15,5,0,0.0,0.4,0.028,rejected,0
RET003276,MERCH001,Books,67.97,63.31,Damaged/Defective,12,11,2,0.18,0.829,0.053,approved,0
RET003277,MERCH033,Sports,1125.01,1108.07,Wrong size,11,2,0,0.0,0.731,0.001,rejected,0
RET003278,MERCH013,Sports,890.51,717.3,Changed mind,2,5,0,0.0,0.59,0.114,approved,0
RET003279,MERCH037,Apparel,682.57,482.91,Not as described,3,7,1,0.14,0.852,0.0,approved,0
RET003280,MERCH038,Toys,678.92,502.67,Changed mind,1,2,0,0.0,0.657,0.118,rejected,0
RET003281,MERCH002,Sports,161.99,142.61,Better price found,13,2,1,0.5,0.77,0.012,rejected,0
RET003282,MERCH026,Sports,796.35,740.74,Changed mind,2,3,1,0.33,0.7,0.018,approved,0
RET003283,MERCH034,Beauty,955.34,709.96,Wrong size,19,6,0,0.0,0.904,0.079,approved,0
RET003284,MERCH026,Apparel,2864.35,2504.75,Changed mind,5,8,1,0.12,0.557,0.058,approved,0
RET003285,MERCH028,Accessories,243.7,224.02,Damaged/Defective,1,4,0,0.0,1.0,0.104,approved,0
RET003286,MERCH029,Electronics,490.6,377.25,Quality issue,6,2,1,0.5,0.868,0.088,flagged_for_review,1
RET003287,MERCH019,Toys,162.54,140.55,Wrong size,9,4,2,0.5,0.627,0.036,approved,0
RET003288,MERCH037,Toys,735.81,650.07,Changed mind,8,3,1,0.33,0.768,0.109,approved,0
RET003289,MERCH036,Books,473.42,427.37,Quality issue,58,4,0,0.0,1.0,0.289,approved,0
RET003290,MERCH027,Books,1289.83,950.55,Wrong size,7,5,2,0.4,0.736,0.039,approved,0
RET003291,MERCH020,Books,1200.86,877.29,Not as described,8,3,1,0.33,0.606,0.108,approved,0
RET003292,MERCH013,Home & Kitchen,1009.72,729.17,Changed mind,13,5,0,0.0,0.631,0.04,approved,0
RET003293,MERCH031,Books,2422.04,2249.57,Wrong size,1,3,1,0.33,0.549,0.034,approved,0
RET003294,MERCH015,Footwear,64.19,55.17,Better price found,2,2,0,0.0,0.729,0.103,approved,0
RET003295,MERCH022,Beauty,993.45,866.62,Better price found,6,6,1,0.17,0.448,0.006,approved,0
RET003296,MERCH023,Books,954.64,835.77,Quality issue,4,8,0,0.0,0.815,0.059,approved,0
RET003297,MERCH005,Accessories,551.16,403.45,Damaged/Defective,7,4,1,0.25,1.0,0.0,approved,0
RET003298,MERCH012,Home & Kitchen,357.99,266.68,Changed mind,6,6,2,0.33,0.51,0.138,approved,0
RET003299,MERCH014,Books,1124.75,798.6,Wrong item shipped,4,2,0,0.0,1.0,0.0,approved,0
RET003300,MERCH017,Electronics,1484.89,1074.57,Damaged/Defective,16,5,1,0.2,1.0,0.044,approved,0
RET003301,MERCH026,Beauty,736.81,561.0,Quality issue,7,6,1,0.17,1.0,0.0,approved,0
RET003302,MERCH023,Accessories,2458.96,2094.71,Changed mind,14,6,1,0.17,0.672,0.022,approved,0
RET003303,MERCH034,Beauty,729.91,543.12,Late delivery,8,9,2,0.22,0.886,0.19,approved,0
RET003304,MERCH036,Books,405.38,325.86,Changed mind,13,9,0,0.0,0.715,0.11,approved,0
RET003305,MERCH007,Sports,881.62,864.75,Changed mind,11,4,0,0.0,0.599,0.091,approved,0
RET003306,MERCH008,Footwear,505.04,428.41,Damaged/Defective,26,4,0,0.0,1.0,0.027,approved,0
RET003307,MERCH004,Apparel,607.23,501.04,Wrong size,2,6,1,0.17,0.73,0.046,approved,0
RET003308,MERCH021,Books,601.13,495.08,Changed mind,13,7,1,0.14,0.522,0.025,rejected,0
RET003309,MERCH014,Accessories,831.31,759.51,Late delivery,8,3,0,0.0,0.784,0.032,approved,0
RET003310,MERCH020,Apparel,520.41,409.52,Quality issue,18,8,2,0.25,0.749,0.094,approved,0
RET003311,MERCH033,Home & Kitchen,325.13,279.26,Quality issue,33,7,3,0.43,0.771,0.069,rejected,0
RET003312,MERCH001,Books,478.18,382.45,Late delivery,6,6,0,0.0,0.569,0.087,rejected,1
RET003313,MERCH022,Footwear,482.55,360.02,Changed mind,5,4,0,0.0,0.627,0.065,approved,0
RET003314,MERCH001,Footwear,389.38,283.29,Better price found,2,5,0,0.0,0.508,0.0,rejected,0
RET003315,MERCH032,Apparel,256.72,207.46,Changed mind,3,8,0,0.0,0.425,0.026,rejected,0
RET003316,MERCH038,Apparel,913.54,662.19,Wrong size,13,6,2,0.33,0.74,0.062,approved,0
RET003317,MERCH002,Toys,164.07,120.72,Wrong size,17,4,2,0.5,0.672,0.011,approved,0
RET003318,MERCH024,Toys,778.72,579.43,Wrong size,2,7,0,0.0,0.923,0.066,approved,0
RET003319,MERCH015,Footwear,152.46,120.58,Wrong item shipped,28,7,1,0.14,1.0,0.0,approved,0
RET003320,MERCH014,Apparel,1843.61,1726.39,Changed mind,8,8,1,0.12,0.521,0.071,rejected,0
RET003321,MERCH031,Electronics,1594.13,1132.7,Damaged/Defective,9,2,0,0.0,0.724,0.112,rejected,0
RET003322,MERCH037,Footwear,694.58,657.07,Wrong size,34,4,2,0.5,0.489,0.0,rejected,0
RET003323,MERCH038,Accessories,505.33,407.07,Changed mind,6,4,0,0.0,0.763,0.0,approved,0
RET003324,MERCH010,Footwear,1126.79,881.29,Changed mind,6,5,1,0.2,0.437,0.0,approved,0
RET003325,MERCH032,Accessories,865.27,630.28,Not as described,23,8,0,0.0,0.529,0.0,approved,0
RET003326,MERCH003,Footwear,438.79,407.47,Late delivery,8,4,0,0.0,0.74,0.173,approved,0
RET003327,MERCH017,Books,286.62,266.44,Late delivery,13,8,0,0.0,0.783,0.048,flagged_for_review,1
RET003328,MERCH002,Books,304.82,245.74,Wrong size,6,5,0,0.0,0.749,0.008,approved,0
RET003329,MERCH026,Sports,612.56,551.48,Changed mind,6,6,2,0.33,0.601,0.064,approved,0
RET003330,MERCH011,Accessories,638.61,507.29,Damaged/Defective,1,6,1,0.17,1.0,0.161,approved,0
RET003331,MERCH027,Electronics,1228.86,875.37,Not as described,1,5,1,0.2,0.87,0.0,approved,0
RET003332,MERCH040,Footwear,755.33,701.2,Quality issue,21,3,0,0.0,1.0,0.124,approved,0
RET003333,MERCH025,Toys,468.71,360.15,Wrong size,3,5,0,0.0,0.472,0.049,approved,0
RET003334,MERCH021,Toys,507.87,361.98,Changed mind,21,3,0,0.0,0.813,0.048,rejected,0
RET003335,MERCH012,Electronics,1544.61,1127.71,Late delivery,2,5,1,0.2,0.686,0.08,approved,0
RET003336,MERCH007,Electronics,1149.62,1099.77,Wrong size,8,3,0,0.0,0.675,0.002,approved,0
RET003337,MERCH036,Home & Kitchen,1543.68,1171.89,Quality issue,1,4,0,0.0,1.0,0.075,approved,0
RET003338,MERCH036,Books,1145.72,1071.56,Quality issue,4,7,0,0.0,1.0,0.066,approved,0
RET003339,MERCH025,Accessories,613.04,508.54,Damaged/Defective,1,7,1,0.14,0.638,0.008,rejected,0
RET003340,MERCH010,Footwear,750.53,602.33,Better price found,2,8,1,0.12,0.302,0.07,rejected,0
RET003341,MERCH017,Sports,460.57,331.16,Changed mind,17,5,0,0.0,0.572,0.103,rejected,0
RET003342,MERCH035,Beauty,3009.04,2751.8,Wrong item shipped,25,8,1,0.12,0.846,0.0,rejected,0
RET003343,MERCH009,Accessories,199.78,159.77,Changed mind,1,4,0,0.0,0.599,0.0,approved,0
RET003344,MERCH006,Toys,126.37,99.18,Damaged/Defective,14,7,0,0.0,1.0,0.044,approved,0
RET003345,MERCH034,Beauty,295.8,293.33,Better price found,7,2,1,0.5,0.847,0.101,approved,0
RET003346,MERCH024,Books,474.04,402.25,Damaged/Defective,30,4,1,0.25,1.0,0.054,approved,0
RET003347,MERCH031,Sports,379.93,330.02,Wrong size,3,5,1,0.2,0.682,0.0,approved,0
RET003348,MERCH007,Sports,630.39,546.71,Changed mind,18,4,0,0.0,0.796,0.131,approved,0
RET003349,MERCH021,Electronics,905.25,874.27,Not as described,2,6,0,0.0,0.809,0.006,approved,0
RET003350,MERCH032,Electronics,1250.77,1211.13,Wrong size,12,8,1,0.12,0.422,0.094,approved,0
RET003351,MERCH003,Books,1042.08,946.28,Better price found,9,6,2,0.33,0.73,0.02,approved,0
RET003352,MERCH019,Toys,1273.06,984.47,Wrong size,27,8,1,0.12,0.57,0.0,rejected,0
RET003353,MERCH035,Beauty,258.38,227.26,Not as described,6,2,1,0.5,0.746,0.0,approved,0
RET003354,MERCH002,Home & Kitchen,388.41,347.31,Quality issue,4,6,0,0.0,0.969,0.015,approved,0
RET003355,MERCH039,Footwear,1110.88,976.29,Wrong size,5,5,0,0.0,0.579,0.077,approved,0
RET003356,MERCH034,Beauty,2770.71,2342.13,Damaged/Defective,3,3,0,0.0,1.0,0.0,approved,0
RET003357,MERCH037,Sports,835.14,628.9,Damaged/Defective,43,4,0,0.0,0.803,0.072,approved,0
RET003358,MERCH019,Apparel,502.89,368.7,Better price found,9,8,0,0.0,0.447,0.127,approved,0
RET003359,MERCH002,Sports,981.73,816.07,Changed mind,12,5,0,0.0,0.658,0.087,flagged_for_review,1
RET003360,MERCH037,Sports,573.65,426.81,Better price found,5,3,2,0.67,0.428,0.451,rejected,1
RET003361,MERCH015,Footwear,105.19,99.33,Changed mind,5,3,1,0.33,0.639,0.067,rejected,0
RET003362,MERCH017,Electronics,370.18,333.72,Damaged/Defective,7,8,1,0.12,1.0,0.057,approved,0
RET003363,MERCH009,Accessories,154.43,132.78,Not as described,1,4,0,0.0,0.704,0.145,approved,0
RET003364,MERCH034,Accessories,714.8,661.14,Changed mind,5,8,0,0.0,0.796,0.12,approved,0
RET003365,MERCH018,Electronics,740.47,690.36,Wrong size,22,7,2,0.29,0.735,0.079,flagged_for_review,1
RET003366,MERCH024,Books,1420.72,1135.04,Wrong size,13,4,0,0.0,0.907,0.083,approved,0
RET003367,MERCH018,Home & Kitchen,835.0,677.92,Wrong size,7,8,1,0.12,0.821,0.0,rejected,0
RET003368,MERCH032,Sports,632.1,596.76,Damaged/Defective,2,6,0,0.0,0.976,0.068,rejected,0
RET003369,MERCH029,Toys,1702.01,1422.74,Not as described,15,3,1,0.33,0.725,0.087,approved,0
RET003370,MERCH026,Books,1208.68,898.7,Late delivery,5,5,0,0.0,0.812,0.027,approved,0
RET003371,MERCH016,Books,1534.54,1497.72,Damaged/Defective,5,6,0,0.0,0.827,0.098,rejected,0
RET003372,MERCH001,Beauty,3450.65,2762.4,Wrong size,14,6,1,0.17,0.688,0.032,approved,0
RET003373,MERCH024,Home & Kitchen,760.03,628.65,Late delivery,41,5,2,0.4,0.582,0.051,approved,0
RET003374,MERCH039,Accessories,79.76,61.99,Quality issue,1,5,1,0.2,0.879,0.105,approved,0
RET003375,MERCH027,Books,919.63,821.72,Not as described,6,8,0,0.0,0.771,0.076,rejected,0
RET003376,MERCH032,Electronics,167.69,124.58,Quality issue,13,9,2,0.22,0.972,0.036,approved,0
RET003377,MERCH026,Footwear,1209.14,1105.73,Damaged/Defective,12,3,0,0.0,0.909,0.135,approved,0
RET003378,MERCH039,Footwear,278.46,268.0,Not as described,23,7,2,0.29,0.637,0.055,rejected,0
RET003379,MERCH030,Footwear,344.01,341.69,Changed mind,2,4,0,0.0,0.311,0.066,rejected,0
RET003380,MERCH032,Electronics,429.3,384.65,Not as described,20,6,1,0.17,0.506,0.041,approved,0
RET003381,MERCH032,Home & Kitchen,425.02,401.05,Quality issue,6,4,2,0.5,0.926,0.039,approved,0
RET003382,MERCH021,Toys,480.18,361.85,Wrong size,9,8,1,0.12,0.841,0.159,approved,0
RET003383,MERCH015,Accessories,845.08,625.24,Wrong size,4,5,0,0.0,0.869,0.013,approved,0
RET003384,MERCH018,Electronics,730.24,721.95,Wrong item shipped,4,5,1,0.2,1.0,0.0,approved,0
RET003385,MERCH039,Books,1487.2,1303.51,Damaged/Defective,7,6,2,0.33,0.796,0.072,rejected,0
RET003386,MERCH022,Apparel,571.86,562.48,Wrong size,2,7,1,0.14,0.725,0.041,approved,0
RET003387,MERCH017,Books,480.45,465.83,Late delivery,7,6,0,0.0,0.82,0.061,approved,0
RET003388,MERCH036,Sports,1729.75,1659.83,Wrong item shipped,5,2,0,0.0,1.0,0.033,approved,0
RET003389,MERCH032,Sports,872.53,865.92,Changed mind,11,5,1,0.2,0.491,0.06,approved,0
RET003390,MERCH009,Apparel,310.53,279.42,Wrong size,9,4,1,0.25,0.871,0.063,approved,0
RET003391,MERCH011,Footwear,644.28,596.58,Wrong size,1,4,1,0.25,0.738,0.107,rejected,0
RET003392,MERCH033,Sports,1533.51,1147.25,Changed mind,2,6,0,0.0,0.533,0.081,rejected,0
RET003393,MERCH038,Sports,2414.79,2368.73,Changed mind,3,6,1,0.17,0.788,0.075,rejected,0
RET003394,MERCH038,Electronics,474.26,388.07,Better price found,11,4,2,0.5,0.779,0.0,rejected,0
RET003395,MERCH003,Footwear,2117.31,1638.74,Changed mind,6,7,0,0.0,0.671,0.098,approved,0
RET003396,MERCH029,Sports,2239.41,1722.14,Wrong size,7,4,1,0.25,0.662,0.152,approved,0
RET003397,MERCH040,Electronics,495.5,473.41,Wrong size,10,2,0,0.0,0.837,0.127,approved,0
RET003398,MERCH010,Toys,649.6,518.61,Damaged/Defective,6,5,2,0.4,0.849,0.053,rejected,0
RET003399,MERCH038,Books,1088.54,987.89,Wrong size,4,3,0,0.0,0.816,0.149,approved,0
RET003400,MERCH034,Home & Kitchen,815.82,757.66,Damaged/Defective,3,7,0,0.0,1.0,0.058,approved,0
RET003401,MERCH014,Footwear,1172.32,1091.89,Changed mind,1,8,1,0.12,0.509,0.001,rejected,0
RET003402,MERCH026,Accessories,460.22,453.59,Quality issue,32,2,0,0.0,0.834,0.09,approved,0
RET003403,MERCH009,Electronics,3562.7,3113.39,Changed mind,15,7,0,0.0,0.592,0.074,approved,0
RET003404,MERCH008,Sports,689.68,619.04,Changed mind,10,2,1,0.5,0.793,0.0,rejected,0
RET003405,MERCH030,Electronics,729.67,540.38,Not as described,3,2,0,0.0,0.691,0.063,approved,0
RET003406,MERCH009,Sports,1459.72,1047.93,Not as described,18,4,1,0.25,0.838,0.107,approved,0
RET003407,MERCH008,Home & Kitchen,1078.93,1046.95,Changed mind,3,2,1,0.5,0.781,0.0,rejected,0
RET003408,MERCH038,Footwear,383.96,322.88,Changed mind,16,2,0,0.0,0.617,0.025,rejected,0
RET003409,MERCH012,Beauty,451.99,418.54,Wrong size,13,3,0,0.0,0.677,0.037,approved,0
RET003410,MERCH025,Beauty,381.23,368.73,Changed mind,20,6,1,0.17,0.516,0.0,rejected,0
RET003411,MERCH030,Toys,5840.89,4892.23,Changed mind,17,8,2,0.25,0.411,0.216,rejected,0
RET003412,MERCH037,Accessories,337.35,320.92,Late delivery,2,7,2,0.29,0.828,0.06,approved,0
RET003413,MERCH024,Footwear,349.22,335.12,Wrong size,26,3,0,0.0,0.97,0.083,approved,0
RET003414,MERCH020,Beauty,2776.29,2442.52,Damaged/Defective,10,5,0,0.0,0.861,0.0,approved,0
RET003415,MERCH006,Footwear,160.35,122.49,Wrong size,19,6,0,0.0,0.965,0.117,approved,0
RET003416,MERCH011,Toys,885.59,803.08,Better price found,17,8,2,0.25,0.563,0.116,rejected,0
RET003417,MERCH001,Accessories,317.95,271.26,Wrong size,4,4,0,0.0,0.622,0.107,approved,0
RET003418,MERCH009,Sports,806.31,565.67,Wrong size,6,7,0,0.0,0.886,0.084,approved,0
RET003419,MERCH024,Accessories,491.41,491.04,Damaged/Defective,28,9,3,0.33,1.0,0.038,approved,0
RET003420,MERCH022,Accessories,1778.73,1699.53,Damaged/Defective,20,5,1,0.2,0.974,0.034,approved,0
RET003421,MERCH037,Apparel,959.84,891.89,Wrong size,26,5,1,0.2,0.774,0.0,approved,0
RET003422,MERCH035,Beauty,200.22,149.25,Damaged/Defective,8,4,1,0.25,0.816,0.014,approved,0
RET003423,MERCH026,Accessories,1878.98,1504.33,Not as described,1,8,2,0.25,0.765,0.052,approved,0
RET003424,MERCH012,Accessories,1845.75,1574.16,Wrong item shipped,24,4,1,0.25,1.0,0.054,approved,0
RET003425,MERCH014,Beauty,974.58,949.99,Better price found,15,7,1,0.14,0.479,0.08,rejected,0
RET003426,MERCH017,Accessories,3760.82,3537.46,Not as described,22,4,1,0.25,0.759,0.05,approved,0
RET003427,MERCH030,Apparel,588.82,429.56,Wrong size,2,6,1,0.17,0.532,0.084,approved,0
RET003428,MERCH014,Home & Kitchen,367.81,275.75,Changed mind,11,9,0,0.0,0.628,0.093,approved,0
RET003429,MERCH032,Accessories,1574.64,1446.82,Changed mind,9,7,2,0.29,0.48,0.053,rejected,0
RET003430,MERCH015,Apparel,397.31,303.41,Damaged/Defective,7,9,2,0.22,1.0,0.078,approved,0
RET003431,MERCH014,Electronics,578.18,496.33,Better price found,31,2,0,0.0,0.259,0.005,rejected,0
RET003432,MERCH020,Electronics,2135.09,1696.61,Changed mind,2,3,0,0.0,0.575,0.031,rejected,0
RET003433,MERCH024,Books,597.39,436.7,Better price found,10,2,0,0.0,0.854,0.075,approved,0
RET003434,MERCH016,Home & Kitchen,395.76,366.04,Wrong size,6,9,1,0.11,0.474,0.02,rejected,0
RET003435,MERCH036,Apparel,781.82,563.77,Damaged/Defective,6,4,0,0.0,1.0,0.066,flagged_for_review,1
RET003436,MERCH032,Toys,565.33,418.55,Changed mind,10,7,2,0.29,0.411,0.034,approved,0
RET003437,MERCH015,Beauty,933.1,732.55,Quality issue,13,5,3,0.6,0.898,0.05,approved,0
RET003438,MERCH014,Sports,326.42,299.08,Better price found,1,6,0,0.0,0.694,0.041,approved,0
RET003439,MERCH038,Home & Kitchen,216.78,168.15,Late delivery,12,4,0,0.0,0.988,0.023,approved,0
RET003440,MERCH017,Footwear,642.49,461.27,Damaged/Defective,10,9,0,0.0,1.0,0.054,approved,0
RET003441,MERCH005,Beauty,1534.89,1385.62,Wrong size,6,6,0,0.0,0.787,0.052,rejected,0
RET003442,MERCH023,Footwear,1725.53,1453.36,Changed mind,1,7,0,0.0,0.527,0.004,rejected,0
RET003443,MERCH031,Accessories,618.47,483.5,Damaged/Defective,7,3,0,0.0,0.844,0.082,approved,0
RET003444,MERCH031,Home & Kitchen,424.76,299.25,Changed mind,4,3,0,0.0,0.472,0.077,approved,0
RET003445,MERCH001,Home & Kitchen,1071.73,977.41,Wrong size,24,7,1,0.14,0.643,0.0,approved,0
RET003446,MERCH017,Beauty,702.67,608.38,Changed mind,19,11,3,0.27,0.85,0.032,approved,0
RET003447,MERCH039,Accessories,678.72,633.63,Quality issue,8,5,0,0.0,0.942,0.128,approved,0
RET003448,MERCH033,Accessories,913.02,721.16,Wrong size,7,4,1,0.25,0.728,0.088,rejected,0
RET003449,MERCH005,Footwear,681.51,560.56,Better price found,8,6,2,0.33,0.614,0.0,approved,0
RET003450,MERCH027,Accessories,976.72,735.05,Damaged/Defective,32,7,1,0.14,0.741,0.102,rejected,1
RET003451,MERCH006,Toys,550.74,462.51,Wrong size,1,6,1,0.17,0.879,0.023,approved,0
RET003452,MERCH017,Beauty,2353.08,2254.0,Quality issue,5,4,0,0.0,1.0,0.091,approved,0
RET003453,MERCH020,Sports,790.94,755.33,Wrong item shipped,4,4,1,0.25,0.855,0.122,approved,0
RET003454,MERCH026,Toys,305.46,228.25,Late delivery,26,6,1,0.17,0.701,0.03,approved,0
RET003455,MERCH030,Beauty,370.65,272.74,Wrong item shipped,12,4,0,0.0,0.7,0.011,approved,0
RET003456,MERCH010,Electronics,255.91,241.98,Changed mind,21,3,1,0.33,0.513,0.0,approved,0
RET003457,MERCH024,Footwear,605.75,527.18,Late delivery,13,2,1,0.5,0.858,0.024,rejected,0
RET003458,MERCH020,Apparel,649.06,587.23,Not as described,1,5,0,0.0,0.786,0.0,approved,0
RET003459,MERCH009,Apparel,3350.85,3054.48,Changed mind,16,5,1,0.2,0.58,0.079,rejected,0
RET003460,MERCH006,Footwear,2621.47,2054.95,Changed mind,1,6,1,0.17,0.629,0.0,approved,0
RET003461,MERCH038,Beauty,427.31,384.45,Not as described,19,4,1,0.25,0.901,0.06,rejected,0
RET003462,MERCH019,Home & Kitchen,631.5,479.02,Not as described,7,3,0,0.0,0.693,0.007,rejected,0
RET003463,MERCH007,Footwear,449.0,356.56,Wrong size,1,4,0,0.0,0.729,0.058,approved,0
RET003464,MERCH030,Electronics,1986.8,1497.35,Wrong size,6,3,1,0.33,0.802,0.057,approved,0
RET003465,MERCH034,Accessories,419.79,366.75,Late delivery,4,6,0,0.0,1.0,0.0,approved,0
RET003466,MERCH028,Electronics,513.27,480.62,Damaged/Defective,7,9,3,0.33,0.938,0.061,approved,0
RET003467,MERCH036,Apparel,313.0,281.43,Changed mind,21,9,1,0.11,0.933,0.106,approved,0
RET003468,MERCH028,Apparel,506.57,393.29,Damaged/Defective,5,6,1,0.17,1.0,0.072,flagged_for_review,1
RET003469,MERCH003,Electronics,1121.55,832.55,Damaged/Defective,14,5,1,0.2,1.0,0.055,approved,0
RET003470,MERCH039,Toys,422.94,302.52,Wrong size,11,4,1,0.25,0.711,0.075,approved,0
RET003471,MERCH012,Footwear,76.43,58.65,Late delivery,8,3,1,0.33,0.706,0.0,rejected,0
RET003472,MERCH014,Beauty,2578.63,2508.12,Changed mind,24,5,0,0.0,0.483,0.156,flagged_for_review,1
RET003473,MERCH001,Accessories,377.3,298.58,Wrong size,13,8,1,0.12,0.691,0.077,rejected,0
RET003474,MERCH012,Electronics,713.78,673.49,Not as described,37,5,1,0.2,0.399,0.0,rejected,0
RET003475,MERCH036,Accessories,2626.12,1941.4,Wrong item shipped,9,8,2,0.25,1.0,0.06,approved,0
RET003476,MERCH003,Sports,270.9,261.68,Quality issue,1,7,0,0.0,0.948,0.109,approved,0
RET003477,MERCH011,Sports,813.47,798.97,Wrong size,2,6,0,0.0,0.739,0.061,approved,0
RET003478,MERCH030,Home & Kitchen,791.0,619.77,Changed mind,11,6,1,0.17,0.275,0.115,approved,0
RET003479,MERCH012,Apparel,173.26,164.53,Not as described,22,3,1,0.33,0.674,0.046,approved,0
RET003480,MERCH038,Beauty,982.46,688.98,Damaged/Defective,6,3,1,0.33,1.0,0.058,approved,0
RET003481,MERCH038,Beauty,1004.08,802.06,Not as described,12,3,0,0.0,0.832,0.0,approved,0
RET003482,MERCH031,Electronics,2712.76,2411.33,Changed mind,10,6,0,0.0,0.547,0.07,approved,0
RET003483,MERCH010,Beauty,837.43,688.99,Better price found,2,7,2,0.29,0.422,0.0,approved,0
RET003484,MERCH008,Books,1331.03,1263.46,Not as described,1,5,0,0.0,0.899,0.111,approved,0
RET003485,MERCH023,Toys,1487.85,1452.56,Changed mind,6,6,2,0.33,0.547,0.08,approved,0
RET003486,MERCH023,Electronics,2543.73,1877.05,Changed mind,11,6,0,0.0,0.615,0.042,flagged_for_review,1
RET003487,MERCH030,Home & Kitchen,533.49,412.42,Wrong size,10,3,0,0.0,0.464,0.0,approved,0
RET003488,MERCH017,Accessories,1953.22,1618.41,Wrong item shipped,8,3,0,0.0,1.0,0.078,flagged_for_review,1
RET003489,MERCH026,Home & Kitchen,86.68,75.98,Wrong item shipped,22,5,0,0.0,1.0,0.0,approved,0
RET003490,MERCH003,Beauty,180.08,160.79,Wrong item shipped,16,7,1,0.14,1.0,0.071,approved,0
RET003491,MERCH030,Toys,371.82,351.77,Changed mind,4,5,0,0.0,0.375,0.044,approved,0
RET003492,MERCH040,Toys,3013.52,2492.07,Not as described,19,4,1,0.25,0.803,0.066,approved,0
RET003493,MERCH036,Apparel,2176.85,2105.91,Wrong size,10,3,1,0.33,1.0,0.06,approved,0
RET003494,MERCH021,Apparel,491.11,432.23,Not as described,2,6,0,0.0,0.902,0.054,approved,0
RET003495,MERCH004,Home & Kitchen,437.22,351.04,Wrong item shipped,6,4,0,0.0,0.997,0.0,approved,0
RET003496,MERCH023,Apparel,887.84,694.53,Changed mind,9,3,0,0.0,0.507,0.048,rejected,0
RET003497,MERCH036,Sports,389.5,332.39,Not as described,4,5,0,0.0,1.0,0.008,approved,0
RET003498,MERCH019,Books,382.81,313.11,Not as described,4,8,5,0.62,0.425,0.363,flagged_for_review,1
RET003499,MERCH017,Toys,2246.62,1756.24,Better price found,12,7,1,0.14,0.687,0.055,approved,0
RET003500,MERCH029,Electronics,1044.97,901.77,Damaged/Defective,19,8,2,0.25,1.0,0.023,approved,0
RET003501,MERCH039,Toys,234.08,182.46,Not as described,2,3,0,0.0,0.592,0.059,rejected,0
RET003502,MERCH027,Beauty,815.66,594.2,Changed mind,2,4,0,0.0,0.733,0.088,flagged_for_review,1
RET003503,MERCH026,Apparel,1150.06,984.47,Wrong size,8,5,1,0.2,0.886,0.012,approved,0
RET003504,MERCH028,Apparel,446.53,368.9,Wrong size,8,4,0,0.0,0.737,0.015,approved,0
RET003505,MERCH011,Sports,313.59,235.28,Better price found,28,7,1,0.14,0.651,0.062,rejected,0
RET003506,MERCH032,Beauty,1320.89,1210.92,Not as described,13,3,0,0.0,0.689,0.0,approved,0
RET003507,MERCH023,Beauty,904.98,724.15,Wrong item shipped,18,4,0,0.0,0.798,0.097,rejected,0
RET003508,MERCH018,Footwear,576.36,420.65,Changed mind,8,5,0,0.0,0.754,0.02,approved,0
RET003509,MERCH021,Apparel,1407.96,1231.67,Wrong item shipped,3,3,0,0.0,1.0,0.07,approved,0
RET003510,MERCH013,Sports,1305.43,1281.42,Damaged/Defective,6,3,0,0.0,1.0,0.0,approved,0
RET003511,MERCH037,Toys,543.92,484.39,Changed mind,3,7,2,0.29,0.706,0.093,approved,0
RET003512,MERCH002,Electronics,398.05,364.71,Wrong size,2,10,2,0.2,0.641,0.091,approved,0
RET003513,MERCH017,Books,608.6,459.53,Changed mind,3,7,1,0.14,0.765,0.036,approved,0
RET003514,MERCH034,Beauty,317.55,251.79,Changed mind,18,6,0,0.0,0.798,0.066,approved,0
RET003515,MERCH036,Footwear,410.42,290.81,Wrong size,14,3,0,0.0,0.931,0.016,approved,0
RET003516,MERCH003,Sports,972.08,751.69,Wrong size,11,4,0,0.0,0.697,0.0,rejected,0
RET003517,MERCH011,Beauty,512.95,458.99,Better price found,12,8,2,0.25,0.616,0.099,approved,0
RET003518,MERCH011,Accessories,2003.22,1535.27,Quality issue,2,4,1,0.25,0.908,0.006,approved,0
RET003519,MERCH014,Electronics,2047.4,1586.98,Better price found,13,5,1,0.2,0.638,0.064,approved,0
RET003520,MERCH018,Footwear,303.13,263.08,Changed mind,12,1,0,0.0,0.955,0.078,approved,0
RET003521,MERCH001,Apparel,1057.62,827.26,Wrong size,5,2,0,0.0,0.717,0.005,approved,0
RET003522,MERCH031,Sports,5835.08,5732.78,Wrong item shipped,8,9,2,0.22,0.942,0.093,approved,0
RET003523,MERCH031,Home & Kitchen,202.96,198.31,Wrong size,6,4,0,0.0,0.696,0.152,flagged_for_review,1
RET003524,MERCH003,Toys,2508.89,2436.67,Not as described,7,6,0,0.0,0.718,0.0,approved,0
RET003525,MERCH008,Footwear,708.48,555.22,Changed mind,5,4,0,0.0,0.717,0.0,approved,0
RET003526,MERCH040,Apparel,283.67,269.91,Quality issue,1,4,1,0.25,1.0,0.073,approved,0
RET003527,MERCH037,Apparel,614.98,549.91,Not as described,26,7,1,0.14,0.801,0.051,approved,0
RET003528,MERCH014,Footwear,107.3,97.42,Late delivery,5,4,2,0.5,0.7,0.096,approved,0
RET003529,MERCH036,Beauty,2466.96,1749.54,Not as described,11,9,1,0.11,0.948,0.07,approved,0
RET003530,MERCH024,Apparel,666.84,550.85,Changed mind,2,2,0,0.0,0.996,0.0,approved,0
RET003531,MERCH011,Accessories,164.05,141.72,Not as described,10,8,0,0.0,0.792,0.043,rejected,0
RET003532,MERCH025,Electronics,565.12,556.53,Not as described,5,6,1,0.17,0.456,0.01,rejected,0
RET003533,MERCH037,Apparel,1801.22,1708.86,Late delivery,9,3,0,0.0,0.758,0.132,flagged_for_review,1
RET003534,MERCH013,Beauty,1135.35,1026.24,Wrong item shipped,1,8,0,0.0,0.946,0.107,approved,0
RET003535,MERCH015,Toys,265.24,194.6,Damaged/Defective,3,5,1,0.2,1.0,0.048,approved,0
RET003536,MERCH009,Electronics,70.86,56.87,Wrong size,9,5,0,0.0,0.856,0.02,approved,0
RET003537,MERCH008,Apparel,919.64,711.98,Wrong size,2,5,0,0.0,0.905,0.108,rejected,0
RET003538,MERCH037,Sports,1284.26,1128.1,Damaged/Defective,32,4,2,0.5,0.755,0.092,approved,0
RET003539,MERCH035,Home & Kitchen,762.11,566.68,Late delivery,15,5,1,0.2,0.506,0.102,rejected,0
RET003540,MERCH036,Sports,642.53,594.76,Damaged/Defective,2,1,0,0.0,1.0,0.065,approved,0
RET003541,MERCH026,Beauty,1603.15,1177.25,Wrong size,4,4,2,0.5,0.779,0.053,approved,0
RET003542,MERCH039,Electronics,124.6,110.65,Better price found,4,3,0,0.0,0.492,0.168,flagged_for_review,1
RET003543,MERCH024,Accessories,187.32,186.19,Not as described,11,4,0,0.0,1.0,0.0,approved,0
RET003544,MERCH037,Books,922.44,825.32,Late delivery,5,4,2,0.5,0.81,0.095,approved,0
RET003545,MERCH014,Accessories,302.44,244.61,Not as described,2,4,2,0.5,0.715,0.001,approved,0
RET003546,MERCH018,Sports,350.45,266.03,Better price found,22,5,2,0.4,0.961,0.036,approved,0
RET003547,MERCH032,Beauty,228.76,166.72,Not as described,12,6,1,0.17,0.517,0.112,approved,0
RET003548,MERCH007,Accessories,206.25,192.11,Quality issue,6,2,1,0.5,1.0,0.098,approved,0
RET003549,MERCH013,Accessories,1452.67,1074.35,Better price found,12,5,2,0.4,0.586,0.0,approved,0
RET003550,MERCH029,Sports,155.87,110.34,Not as described,5,4,1,0.25,0.828,0.101,approved,0
RET003551,MERCH032,Apparel,1808.04,1338.47,Changed mind,3,2,0,0.0,0.451,0.075,approved,0
RET003552,MERCH021,Sports,264.59,215.06,Changed mind,1,6,0,0.0,0.719,0.155,approved,0
RET003553,MERCH014,Footwear,237.22,214.08,Changed mind,4,8,0,0.0,0.516,0.017,approved,0
RET003554,MERCH033,Footwear,404.55,338.54,Wrong size,1,6,1,0.17,0.769,0.049,approved,0
RET003555,MERCH032,Sports,4948.11,4578.88,Wrong size,25,9,0,0.0,0.596,0.085,approved,0
RET003556,MERCH014,Accessories,1073.49,764.58,Wrong size,21,7,1,0.14,0.776,0.041,approved,0
RET003557,MERCH035,Home & Kitchen,213.0,186.71,Wrong item shipped,4,5,0,0.0,0.809,0.07,approved,0
RET003558,MERCH024,Home & Kitchen,637.41,556.38,Changed mind,15,5,1,0.2,0.816,0.021,approved,0
RET003559,MERCH004,Sports,903.46,728.91,Wrong item shipped,8,3,1,0.33,0.988,0.048,approved,0
RET003560,MERCH040,Electronics,1144.76,805.09,Wrong size,20,2,1,0.5,0.681,0.19,flagged_for_review,1
RET003561,MERCH014,Toys,617.58,567.43,Wrong size,9,3,1,0.33,0.778,0.0,approved,0
RET003562,MERCH029,Electronics,606.65,573.25,Not as described,8,5,0,0.0,0.678,0.086,approved,0
RET003563,MERCH033,Apparel,1505.11,1496.13,Damaged/Defective,2,3,2,0.67,0.845,0.363,approved,0
RET003564,MERCH037,Accessories,127.35,109.98,Wrong size,18,2,0,0.0,0.832,0.071,approved,0
RET003565,MERCH002,Beauty,2636.84,2157.31,Not as described,25,2,1,0.5,0.709,0.0,approved,0
RET003566,MERCH027,Beauty,1200.67,1171.38,Wrong size,20,4,1,0.25,0.879,0.0,approved,0
RET003567,MERCH005,Electronics,494.04,456.07,Changed mind,6,4,2,0.5,0.767,0.08,approved,0
RET003568,MERCH035,Apparel,490.59,401.82,Changed mind,8,3,2,0.67,0.236,0.446,rejected,1
RET003569,MERCH039,Electronics,571.92,478.73,Wrong size,29,4,0,0.0,0.66,0.035,approved,0
RET003570,MERCH004,Home & Kitchen,2410.74,2359.53,Not as described,1,9,1,0.11,0.691,0.074,approved,0
RET003571,MERCH020,Apparel,302.61,248.7,Not as described,3,5,1,0.2,0.732,0.183,approved,0
RET003572,MERCH015,Electronics,545.21,394.26,Changed mind,22,3,0,0.0,0.8,0.088,approved,0
RET003573,MERCH036,Beauty,2414.72,1720.68,Not as described,1,5,0,0.0,0.96,0.06,approved,0
RET003574,MERCH035,Books,826.32,610.77,Quality issue,53,4,0,0.0,0.542,0.178,approved,0
RET003575,MERCH001,Accessories,1170.63,876.61,Changed mind,8,4,0,0.0,0.548,0.005,rejected,0
RET003576,MERCH005,Books,661.85,531.9,Not as described,3,4,1,0.25,0.825,0.0,approved,0
RET003577,MERCH020,Electronics,1768.39,1384.04,Not as described,12,5,0,0.0,0.696,0.006,approved,0
RET003578,MERCH028,Accessories,352.88,288.56,Late delivery,21,7,1,0.14,0.721,0.129,approved,0
RET003579,MERCH024,Home & Kitchen,430.45,419.65,Damaged/Defective,16,4,1,0.25,1.0,0.0,approved,0
RET003580,MERCH036,Electronics,255.87,209.77,Late delivery,6,2,0,0.0,0.971,0.056,approved,0
RET003581,MERCH011,Accessories,655.55,632.8,Not as described,17,5,2,0.4,0.706,0.0,approved,0
RET003582,MERCH008,Apparel,506.92,405.29,Changed mind,2,3,0,0.0,0.761,0.0,rejected,0
RET003583,MERCH016,Home & Kitchen,2538.12,2477.92,Wrong size,2,8,0,0.0,0.613,0.074,rejected,0
RET003584,MERCH014,Toys,620.55,470.08,Not as described,4,6,0,0.0,0.959,0.0,approved,0
RET003585,MERCH028,Footwear,1371.74,1022.85,Wrong item shipped,2,5,1,0.2,0.985,0.064,approved,0
RET003586,MERCH033,Electronics,616.02,447.47,Changed mind,4,4,0,0.0,0.69,0.107,rejected,0
RET003587,MERCH013,Beauty,586.71,491.86,Quality issue,16,7,1,0.14,0.935,0.0,approved,0
RET003588,MERCH025,Toys,648.23,462.22,Wrong size,8,4,0,0.0,0.653,0.053,rejected,0
RET003589,MERCH001,Electronics,448.36,423.86,Wrong size,10,6,2,0.33,0.549,0.093,approved,0
RET003590,MERCH010,Sports,487.33,480.77,Quality issue,1,6,2,0.33,0.865,0.014,approved,0
RET003591,MERCH034,Electronics,2346.88,2287.61,Better price found,8,3,1,0.33,0.705,0.05,approved,0
RET003592,MERCH030,Books,890.26,801.38,Damaged/Defective,18,7,2,0.29,0.776,0.08,approved,0
RET003593,MERCH028,Footwear,490.58,449.42,Wrong size,10,3,0,0.0,0.75,0.051,approved,0
RET003594,MERCH033,Apparel,348.94,333.59,Not as described,10,6,2,0.33,0.807,0.036,approved,0
RET003595,MERCH018,Accessories,356.95,307.04,Not as described,2,7,2,0.29,0.857,0.02,approved,0
RET003596,MERCH037,Electronics,337.16,322.87,Wrong size,38,7,1,0.14,0.592,0.045,rejected,0
RET003597,MERCH034,Apparel,1274.51,1154.41,Wrong item shipped,23,5,1,0.2,1.0,0.062,approved,0
RET003598,MERCH017,Apparel,95.57,83.33,Changed mind,22,8,2,0.25,0.696,0.076,flagged_for_review,1
RET003599,MERCH004,Toys,1052.96,1029.88,Changed mind,8,4,1,0.25,0.606,0.043,rejected,0
RET003600,MERCH001,Home & Kitchen,254.42,192.48,Not as described,9,6,0,0.0,0.924,0.135,approved,0
RET003601,MERCH023,Apparel,601.4,455.81,Late delivery,16,3,1,0.33,0.809,0.018,approved,0
RET003602,MERCH039,Accessories,2048.2,2000.48,Better price found,5,7,3,0.43,0.457,0.149,rejected,0
RET003603,MERCH006,Beauty,364.2,282.11,Changed mind,2,8,1,0.12,0.656,0.048,rejected,0
RET003604,MERCH029,Sports,354.06,287.88,Late delivery,4,4,1,0.25,0.601,0.0,approved,0
RET003605,MERCH017,Books,1595.92,1197.37,Wrong size,3,2,0,0.0,0.933,0.062,approved,0
RET003606,MERCH027,Accessories,1604.51,1201.58,Wrong item shipped,18,6,1,0.17,1.0,0.0,approved,0
RET003607,MERCH014,Electronics,364.27,260.21,Changed mind,5,5,0,0.0,0.721,0.0,rejected,0
RET003608,MERCH035,Sports,537.87,452.07,Better price found,27,6,0,0.0,0.448,0.031,rejected,0
RET003609,MERCH033,Apparel,509.73,457.93,Late delivery,2,7,2,0.29,0.865,0.036,approved,0
RET003610,MERCH012,Sports,333.07,288.31,Wrong size,12,3,0,0.0,0.554,0.083,approved,0
RET003611,MERCH024,Beauty,582.64,419.07,Changed mind,3,9,1,0.11,0.736,0.041,approved,0
RET003612,MERCH040,Beauty,275.15,245.35,Not as described,3,4,1,0.25,0.853,0.1,approved,0
RET003613,MERCH010,Electronics,1154.3,855.97,Changed mind,7,6,3,0.5,0.32,0.0,approved,0
RET003614,MERCH030,Electronics,1838.71,1510.05,Late delivery,3,4,0,0.0,0.6,0.0,rejected,0
RET003615,MERCH023,Beauty,610.54,575.89,Quality issue,11,5,0,0.0,0.861,0.078,flagged_for_review,1
RET003616,MERCH035,Accessories,94.14,77.27,Wrong item shipped,13,3,0,0.0,0.814,0.034,approved,0
RET003617,MERCH026,Beauty,1022.28,961.39,Wrong size,4,8,2,0.25,0.806,0.002,approved,0
RET003618,MERCH002,Electronics,2196.75,2005.38,Wrong size,12,6,1,0.17,0.692,0.131,approved,0
RET003619,MERCH019,Sports,1976.24,1865.53,Changed mind,5,3,1,0.33,0.506,0.086,rejected,0
RET003620,MERCH024,Toys,1177.49,967.58,Changed mind,7,6,1,0.17,0.806,0.065,rejected,0
RET003621,MERCH003,Home & Kitchen,1278.55,1176.06,Damaged/Defective,3,1,1,1.0,0.764,0.35,approved,0
RET003622,MERCH032,Home & Kitchen,792.51,728.7,Damaged/Defective,11,4,1,0.25,0.854,0.036,approved,0
RET003623,MERCH022,Sports,720.7,591.38,Changed mind,2,3,0,0.0,0.516,0.049,flagged_for_review,1
RET003624,MERCH014,Toys,610.36,602.53,Better price found,12,5,1,0.2,0.608,0.008,rejected,0
RET003625,MERCH018,Books,230.79,175.57,Wrong size,12,5,1,0.2,0.933,0.012,rejected,0
RET003626,MERCH010,Sports,321.84,254.64,Better price found,1,6,0,0.0,0.443,0.085,approved,0
RET003627,MERCH008,Footwear,573.98,474.01,Late delivery,14,4,1,0.25,0.904,0.015,approved,0
RET003628,MERCH018,Apparel,1259.83,889.34,Late delivery,8,3,0,0.0,0.968,0.052,approved,0
RET003629,MERCH021,Sports,185.96,137.02,Changed mind,32,7,0,0.0,0.279,0.0,approved,0
RET003630,MERCH011,Beauty,430.06,354.89,Damaged/Defective,2,5,2,0.4,1.0,0.111,approved,0
RET003631,MERCH026,Apparel,438.43,322.63,Wrong size,4,6,1,0.17,0.794,0.028,rejected,0
RET003632,MERCH003,Beauty,1243.52,1223.49,Not as described,12,6,2,0.33,0.762,0.097,approved,0
RET003633,MERCH034,Home & Kitchen,369.89,325.27,Wrong size,5,3,0,0.0,0.924,0.059,approved,0
RET003634,MERCH039,Beauty,1755.92,1468.1,Changed mind,10,4,2,0.5,0.48,0.0,rejected,0
RET003635,MERCH017,Toys,229.39,161.88,Changed mind,9,5,0,0.0,0.843,0.053,flagged_for_review,1
RET003636,MERCH010,Apparel,3211.54,3133.08,Changed mind,10,4,0,0.0,0.402,0.038,rejected,0
RET003637,MERCH025,Toys,1372.52,1047.36,Changed mind,9,7,1,0.14,0.326,0.091,rejected,0
RET003638,MERCH002,Electronics,510.06,506.02,Changed mind,5,3,0,0.0,0.626,0.1,approved,0
RET003639,MERCH021,Footwear,732.59,702.21,Changed mind,6,7,1,0.14,0.835,0.038,approved,0
RET003640,MERCH027,Footwear,1101.14,888.56,Wrong item shipped,9,5,1,0.2,1.0,0.111,approved,0
RET003641,MERCH009,Apparel,143.4,113.11,Wrong size,34,6,0,0.0,0.642,0.046,approved,0
RET003642,MERCH039,Beauty,932.49,692.81,Late delivery,9,5,0,0.0,0.641,0.001,rejected,0
RET003643,MERCH039,Footwear,1752.05,1679.91,Late delivery,2,6,1,0.17,0.704,0.049,approved,0
RET003644,MERCH034,Sports,1234.83,1196.58,Better price found,3,5,0,0.0,0.929,0.059,approved,0
RET003645,MERCH040,Home & Kitchen,728.51,539.44,Wrong item shipped,2,6,0,0.0,1.0,0.006,approved,0
RET003646,MERCH012,Beauty,446.42,431.94,Changed mind,33,5,1,0.2,0.131,0.02,rejected,1
RET003647,MERCH012,Beauty,6106.74,5432.98,Changed mind,26,3,1,0.33,0.614,0.26,approved,0
RET003648,MERCH027,Sports,1673.83,1650.7,Wrong item shipped,1,6,0,0.0,0.964,0.039,approved,0
RET003649,MERCH026,Accessories,1728.38,1522.57,Changed mind,8,4,1,0.25,0.558,0.079,approved,0
RET003650,MERCH003,Accessories,328.4,313.33,Damaged/Defective,7,6,1,0.17,0.954,0.034,approved,0
RET003651,MERCH003,Footwear,646.35,518.92,Wrong item shipped,23,5,1,0.2,1.0,0.002,approved,0
RET003652,MERCH008,Home & Kitchen,3609.57,3138.73,Not as described,5,7,2,0.29,0.97,0.05,approved,0
RET003653,MERCH031,Apparel,197.43,180.53,Wrong size,50,8,0,0.0,0.575,0.216,rejected,0
RET003654,MERCH035,Beauty,201.33,165.82,Damaged/Defective,3,4,0,0.0,0.745,0.004,flagged_for_review,1
RET003655,MERCH016,Sports,84.33,84.23,Wrong size,11,9,1,0.11,0.485,0.0,approved,0
RET003656,MERCH030,Electronics,688.7,513.04,Better price found,7,6,1,0.17,0.42,0.101,rejected,0
RET003657,MERCH034,Footwear,1758.43,1692.96,Wrong item shipped,16,5,0,0.0,1.0,0.0,approved,0
RET003658,MERCH015,Apparel,272.38,253.82,Wrong item shipped,2,5,1,0.2,0.991,0.079,approved,0
RET003659,MERCH012,Toys,1606.47,1298.43,Not as described,1,9,0,0.0,0.687,0.0,approved,0
RET003660,MERCH012,Accessories,659.02,578.45,Changed mind,2,6,1,0.17,0.472,0.039,rejected,0
RET003661,MERCH007,Apparel,3602.66,2807.1,Quality issue,10,5,1,0.2,0.738,0.051,approved,0
RET003662,MERCH003,Toys,1335.71,1168.52,Changed mind,13,2,2,1.0,0.477,0.482,rejected,1
RET003663,MERCH003,Beauty,1006.22,889.45,Not as described,1,5,0,0.0,0.954,0.065,approved,0
RET003664,MERCH015,Apparel,172.39,156.9,Damaged/Defective,13,2,0,0.0,1.0,0.0,approved,0
RET003665,MERCH036,Footwear,312.22,299.75,Quality issue,44,7,0,0.0,1.0,0.14,approved,0
RET003666,MERCH014,Accessories,453.07,369.13,Wrong size,6,3,0,0.0,0.633,0.033,rejected,0
RET003667,MERCH005,Accessories,290.52,228.78,Not as described,13,8,2,0.25,0.916,0.076,approved,0
RET003668,MERCH006,Accessories,814.38,749.63,Changed mind,16,3,0,0.0,0.747,0.008,approved,0
RET003669,MERCH037,Apparel,4532.32,3822.85,Wrong size,29,5,1,0.2,0.761,0.074,approved,0
RET003670,MERCH021,Accessories,1113.52,951.54,Wrong size,17,4,1,0.25,0.783,0.051,rejected,0
RET003671,MERCH025,Accessories,865.32,694.01,Changed mind,35,5,0,0.0,0.236,0.0,rejected,0
RET003672,MERCH001,Home & Kitchen,351.99,338.54,Changed mind,37,6,2,0.33,0.249,0.006,rejected,0
RET003673,MERCH036,Books,2365.9,1838.43,Wrong size,1,2,1,0.5,1.0,0.037,approved,0
RET003674,MERCH031,Books,643.84,633.72,Changed mind,1,2,1,0.5,0.5,0.172,rejected,0
RET003675,MERCH024,Toys,357.52,318.08,Changed mind,32,2,0,0.0,0.521,0.035,approved,0
RET003676,MERCH038,Electronics,364.92,295.66,Not as described,29,3,0,0.0,0.942,0.038,approved,0
RET003677,MERCH008,Apparel,691.03,592.63,Wrong item shipped,1,8,0,0.0,1.0,0.066,approved,0
RET003678,MERCH006,Books,533.87,526.6,Not as described,1,4,2,0.5,0.974,0.0,approved,0
RET003679,MERCH015,Electronics,259.7,232.53,Changed mind,1,5,2,0.4,0.656,0.029,approved,0
RET003680,MERCH039,Toys,1045.98,902.64,Late delivery,5,4,2,0.5,0.477,0.116,rejected,0
RET003681,MERCH009,Beauty,1040.91,906.33,Changed mind,51,4,1,0.25,0.477,0.124,approved,0
RET003682,MERCH008,Sports,1976.87,1956.47,Changed mind,7,5,3,0.6,0.642,0.019,approved,0
RET003683,MERCH035,Apparel,199.33,179.39,Changed mind,15,7,2,0.29,0.351,0.0,approved,0
RET003684,MERCH009,Home & Kitchen,433.0,306.4,Changed mind,27,2,0,0.0,0.661,0.0,approved,0
RET003685,MERCH036,Toys,6578.24,6275.96,Not as described,6,4,1,0.25,0.974,0.0,approved,0
RET003686,MERCH003,Electronics,507.2,487.77,Changed mind,12,7,0,0.0,0.589,0.062,rejected,0
RET003687,MERCH018,Books,738.22,572.58,Changed mind,15,2,0,0.0,0.866,0.064,approved,0
RET003688,MERCH013,Footwear,370.03,272.4,Not as described,1,5,3,0.6,0.554,0.031,approved,0
RET003689,MERCH019,Books,922.96,881.89,Damaged/Defective,20,4,0,0.0,0.872,0.059,approved,0
RET003690,MERCH033,Beauty,401.14,351.18,Changed mind,8,4,1,0.25,0.602,0.044,approved,0
RET003691,MERCH025,Home & Kitchen,6189.45,4816.38,Damaged/Defective,15,7,2,0.29,0.823,0.017,approved,0
RET003692,MERCH029,Home & Kitchen,1177.39,952.55,Changed mind,6,7,1,0.14,0.568,0.0,rejected,0
RET003693,MERCH027,Apparel,234.97,193.81,Quality issue,3,2,0,0.0,0.962,0.137,approved,0
RET003694,MERCH031,Books,390.5,356.1,Late delivery,4,1,0,0.0,0.706,0.0,approved,0
RET003695,MERCH037,Accessories,358.85,275.54,Changed mind,4,4,0,0.0,0.505,0.092,rejected,0
RET003696,MERCH008,Books,230.62,182.58,Damaged/Defective,21,5,0,0.0,1.0,0.126,flagged_for_review,1
RET003697,MERCH037,Books,786.3,770.3,Wrong item shipped,10,3,2,0.67,0.955,0.407,approved,0
RET003698,MERCH005,Footwear,2557.71,2450.88,Not as described,43,6,0,0.0,0.623,0.132,rejected,0
RET003699,MERCH006,Home & Kitchen,647.82,616.65,Changed mind,2,2,0,0.0,0.767,0.036,flagged_for_review,1
RET003700,MERCH029,Footwear,874.32,696.49,Wrong item shipped,2,7,1,0.14,1.0,0.0,approved,0
RET003701,MERCH034,Books,175.47,168.71,Wrong size,1,4,1,0.25,1.0,0.038,approved,0
RET003702,MERCH013,Footwear,1187.29,1015.56,Damaged/Defective,6,5,0,0.0,1.0,0.06,approved,0
RET003703,MERCH030,Home & Kitchen,368.62,334.97,Not as described,25,1,0,0.0,0.59,0.065,rejected,0
RET003704,MERCH028,Apparel,458.39,332.14,Changed mind,5,4,0,0.0,0.549,0.079,approved,0
RET003705,MERCH026,Apparel,644.74,603.61,Quality issue,28,10,1,0.1,1.0,0.063,approved,0
RET003706,MERCH020,Footwear,625.2,619.5,Damaged/Defective,6,3,1,0.33,0.863,0.044,approved,0
RET003707,MERCH008,Beauty,2795.73,2322.78,Wrong size,9,7,1,0.14,1.0,0.034,approved,0
RET003708,MERCH017,Home & Kitchen,874.23,700.29,Changed mind,10,4,1,0.25,0.646,0.019,approved,0
RET003709,MERCH012,Footwear,591.8,461.42,Changed mind,6,9,0,0.0,0.641,0.016,approved,0
RET003710,MERCH006,Sports,565.39,481.27,Wrong size,1,7,0,0.0,0.843,0.143,approved,0
RET003711,MERCH001,Toys,118.48,92.93,Changed mind,9,2,0,0.0,0.509,0.0,approved,0
RET003712,MERCH031,Footwear,339.52,265.19,Wrong size,3,4,0,0.0,0.456,0.08,approved,0
RET003713,MERCH032,Accessories,182.99,130.38,Changed mind,6,8,1,0.12,0.485,0.041,rejected,0
RET003714,MERCH005,Toys,89.12,84.76,Damaged/Defective,9,4,1,0.25,1.0,0.161,approved,0
RET003715,MERCH022,Toys,604.32,556.8,Damaged/Defective,18,4,1,0.25,1.0,0.0,approved,0
RET003716,MERCH025,Books,659.92,550.67,Wrong size,15,3,0,0.0,0.635,0.113,approved,0
RET003717,MERCH019,Home & Kitchen,3230.25,2505.95,Damaged/Defective,12,5,0,0.0,0.922,0.111,flagged_for_review,1
RET003718,MERCH010,Apparel,229.71,169.98,Better price found,5,4,1,0.25,0.398,0.0,approved,0
RET003719,MERCH006,Footwear,2587.74,2390.97,Damaged/Defective,17,4,0,0.0,1.0,0.0,approved,0
RET003720,MERCH017,Electronics,847.25,675.73,Quality issue,3,9,0,0.0,1.0,0.092,flagged_for_review,1
RET003721,MERCH036,Beauty,260.08,212.06,Changed mind,9,4,1,0.25,0.832,0.006,approved,0
RET003722,MERCH016,Accessories,1599.67,1236.34,Wrong size,7,5,0,0.0,0.5,0.035,approved,0
RET003723,MERCH002,Books,722.89,549.67,Damaged/Defective,1,6,2,0.33,1.0,0.0,approved,0
RET003724,MERCH003,Electronics,1779.39,1382.43,Quality issue,3,6,0,0.0,0.993,0.0,approved,0
RET003725,MERCH025,Sports,674.1,609.01,Changed mind,16,5,1,0.2,0.375,0.122,rejected,0
RET003726,MERCH031,Home & Kitchen,216.7,191.64,Wrong size,17,4,0,0.0,0.652,0.06,approved,0
RET003727,MERCH008,Home & Kitchen,375.89,267.74,Wrong size,6,3,0,0.0,0.94,0.0,approved,0
RET003728,MERCH022,Footwear,439.19,369.31,Quality issue,2,7,1,0.14,0.935,0.049,approved,0
RET003729,MERCH031,Sports,937.9,675.48,Quality issue,21,6,0,0.0,0.905,0.035,flagged_for_review,1
RET003730,MERCH017,Books,2079.53,1957.01,Better price found,14,3,1,0.33,0.627,0.042,rejected,0
RET003731,MERCH025,Home & Kitchen,1543.94,1381.5,Wrong size,25,3,0,0.0,0.573,0.037,rejected,0
RET003732,MERCH009,Apparel,964.76,948.54,Damaged/Defective,7,4,0,0.0,1.0,0.089,approved,0
RET003733,MERCH001,Electronics,995.67,896.94,Wrong item shipped,23,4,0,0.0,1.0,0.0,approved,0
RET003734,MERCH035,Footwear,1412.11,1269.51,Not as described,11,2,1,0.5,0.597,0.056,approved,0
RET003735,MERCH013,Sports,293.94,251.15,Quality issue,5,7,2,0.29,0.947,0.088,approved,0
RET003736,MERCH033,Books,472.35,424.01,Wrong size,35,4,1,0.25,0.396,0.063,rejected,0
RET003737,MERCH031,Sports,3364.12,2843.21,Better price found,11,5,1,0.2,0.501,0.129,rejected,0
RET003738,MERCH040,Sports,1232.26,1205.59,Changed mind,25,3,1,0.33,0.778,0.021,approved,0
RET003739,MERCH026,Electronics,407.07,383.6,Changed mind,22,3,1,0.33,0.675,0.068,rejected,0
RET003740,MERCH039,Electronics,693.66,663.56,Damaged/Defective,1,9,1,0.11,0.754,0.045,approved,0
RET003741,MERCH005,Beauty,1251.52,999.1,Not as described,3,3,1,0.33,0.956,0.072,approved,0
RET003742,MERCH018,Sports,947.22,940.82,Changed mind,10,2,1,0.5,0.846,0.009,rejected,0
RET003743,MERCH027,Home & Kitchen,562.45,499.96,Wrong item shipped,10,7,1,0.14,1.0,0.015,approved,0
RET003744,MERCH013,Beauty,1202.35,1167.92,Changed mind,5,2,1,0.5,0.578,0.144,approved,0
RET003745,MERCH031,Sports,1473.64,1086.46,Quality issue,3,4,2,0.5,1.0,0.048,approved,0
RET003746,MERCH035,Accessories,992.03,979.84,Late delivery,6,6,1,0.17,0.563,0.079,approved,0
RET003747,MERCH037,Apparel,653.34,519.54,Better price found,4,3,1,0.33,0.807,0.091,approved,0
RET003748,MERCH034,Electronics,865.98,709.96,Not as described,15,6,1,0.17,0.839,0.03,rejected,0
RET003749,MERCH032,Apparel,670.55,489.66,Quality issue,12,3,1,0.33,0.893,0.042,rejected,0
RET003750,MERCH012,Toys,959.09,689.96,Changed mind,6,4,0,0.0,0.363,0.116,rejected,0
RET003751,MERCH003,Sports,287.64,255.52,Changed mind,1,3,0,0.0,0.639,0.031,approved,0
RET003752,MERCH022,Books,120.26,103.33,Better price found,31,6,1,0.17,0.519,0.0,rejected,0
RET003753,MERCH029,Beauty,370.84,350.15,Changed mind,11,5,3,0.6,0.279,0.05,rejected,0
RET003754,MERCH003,Beauty,1157.96,1089.69,Damaged/Defective,15,4,1,0.25,1.0,0.082,approved,0
RET003755,MERCH007,Books,1070.37,1056.53,Late delivery,12,5,0,0.0,0.663,0.07,rejected,1
RET003756,MERCH022,Home & Kitchen,576.82,441.33,Better price found,32,7,1,0.14,0.451,0.077,rejected,0
RET003757,MERCH002,Apparel,189.06,164.1,Changed mind,3,3,0,0.0,0.649,0.126,approved,0
RET003758,MERCH005,Apparel,987.72,987.45,Changed mind,22,7,1,0.14,0.722,0.059,rejected,0
RET003759,MERCH039,Accessories,1042.11,842.38,Not as described,12,5,2,0.4,0.669,0.085,approved,0
RET003760,MERCH034,Apparel,986.87,759.1,Wrong item shipped,1,8,3,0.38,1.0,0.015,approved,0
RET003761,MERCH039,Footwear,456.14,407.92,Damaged/Defective,5,3,0,0.0,0.771,0.0,approved,0
RET003762,MERCH035,Sports,208.28,150.46,Wrong item shipped,4,5,0,0.0,0.738,0.0,rejected,0
RET003763,MERCH027,Electronics,858.8,750.06,Wrong item shipped,46,5,2,0.4,0.797,0.108,approved,0
RET003764,MERCH038,Accessories,1483.49,1238.86,Not as described,31,2,1,0.5,0.596,0.0,rejected,0
RET003765,MERCH004,Beauty,524.24,510.2,Not as described,16,6,1,0.17,0.784,0.045,flagged_for_review,1
RET003766,MERCH016,Home & Kitchen,1456.75,1175.69,Damaged/Defective,10,1,0,0.0,0.799,0.106,approved,0
RET003767,MERCH023,Beauty,581.93,473.36,Changed mind,9,7,1,0.14,0.704,0.085,approved,0
RET003768,MERCH019,Home & Kitchen,1095.66,784.0,Better price found,22,6,1,0.17,0.473,0.139,rejected,0
RET003769,MERCH028,Sports,334.77,310.19,Not as described,11,6,1,0.17,0.723,0.054,rejected,0
RET003770,MERCH033,Books,506.6,477.28,Changed mind,12,6,1,0.17,0.611,0.109,rejected,0
RET003771,MERCH022,Accessories,247.36,212.06,Better price found,22,6,1,0.17,0.51,0.103,approved,0
RET003772,MERCH027,Home & Kitchen,344.92,325.98,Changed mind,7,4,0,0.0,0.644,0.103,approved,0
RET003773,MERCH034,Beauty,703.39,562.09,Not as described,10,5,0,0.0,0.972,0.019,approved,0
RET003774,MERCH003,Electronics,421.29,296.5,Wrong size,1,6,1,0.17,0.767,0.075,approved,0
RET003775,MERCH018,Footwear,928.37,885.91,Late delivery,1,4,1,0.25,0.775,0.058,approved,0
RET003776,MERCH016,Beauty,1708.81,1455.46,Changed mind,19,4,1,0.25,0.29,0.029,rejected,0
RET003777,MERCH015,Footwear,539.74,381.93,Wrong size,4,6,3,0.5,0.785,0.0,approved,0
RET003778,MERCH018,Electronics,499.1,353.75,Quality issue,2,4,0,0.0,1.0,0.079,approved,0
RET003779,MERCH029,Home & Kitchen,829.45,631.99,Late delivery,31,5,2,0.4,0.486,0.0,approved,0
RET003780,MERCH021,Sports,219.32,215.24,Damaged/Defective,10,4,1,0.25,1.0,0.06,flagged_for_review,1
RET003781,MERCH007,Sports,593.3,574.12,Better price found,1,4,0,0.0,0.615,0.041,approved,0
RET003782,MERCH009,Footwear,515.02,439.99,Damaged/Defective,8,10,2,0.2,1.0,0.062,approved,0
RET003783,MERCH021,Electronics,1400.3,1295.39,Quality issue,3,9,0,0.0,1.0,0.042,approved,0
RET003784,MERCH037,Books,372.47,324.19,Wrong size,10,3,1,0.33,0.773,0.027,approved,0
RET003785,MERCH031,Sports,302.76,250.87,Quality issue,20,5,0,0.0,0.809,0.0,rejected,0
RET003786,MERCH034,Electronics,395.59,391.6,Wrong size,8,3,1,0.33,0.939,0.035,approved,0
RET003787,MERCH012,Apparel,714.55,577.67,Damaged/Defective,6,4,0,0.0,0.968,0.129,approved,0
RET003788,MERCH019,Sports,312.67,282.8,Better price found,2,2,1,0.5,0.495,0.058,rejected,0
RET003789,MERCH022,Toys,1195.88,1051.48,Damaged/Defective,11,6,0,0.0,1.0,0.096,approved,0
RET003790,MERCH006,Electronics,146.11,144.54,Late delivery,6,4,1,0.25,0.848,0.075,rejected,1
RET003791,MERCH016,Apparel,2199.04,1862.52,Quality issue,12,8,2,0.25,0.922,0.132,flagged_for_review,1
RET003792,MERCH001,Toys,393.22,310.63,Not as described,1,5,1,0.2,0.627,0.0,approved,0
RET003793,MERCH022,Sports,442.14,395.07,Changed mind,13,4,0,0.0,0.703,0.06,approved,0
RET003794,MERCH013,Toys,1655.89,1356.67,Changed mind,10,6,1,0.17,0.738,0.089,approved,0
RET003795,MERCH008,Books,614.85,582.33,Not as described,14,7,2,0.29,0.88,0.084,approved,0
RET003796,MERCH021,Home & Kitchen,3516.84,2912.94,Changed mind,11,5,0,0.0,0.754,0.087,rejected,1
RET003797,MERCH026,Books,81.52,69.1,Wrong size,1,7,0,0.0,0.709,0.1,approved,0
RET003798,MERCH015,Electronics,306.95,294.98,Wrong size,2,3,0,0.0,0.874,0.071,approved,0
RET003799,MERCH002,Toys,268.73,255.63,Late delivery,11,4,0,0.0,0.833,0.143,approved,0
RET003800,MERCH007,Books,605.77,514.01,Not as described,21,5,1,0.2,0.614,0.012,approved,0
RET003801,MERCH017,Toys,213.12,172.45,Changed mind,6,3,1,0.33,0.691,0.0,rejected,0
RET003802,MERCH028,Apparel,686.51,655.38,Changed mind,15,5,1,0.2,0.646,0.033,rejected,0
RET003803,MERCH016,Sports,944.52,688.56,Not as described,3,5,2,0.4,0.574,0.0,rejected,0
RET003804,MERCH004,Beauty,2506.53,2305.65,Quality issue,10,2,0,0.0,1.0,0.06,approved,0
RET003805,MERCH003,Accessories,278.71,255.59,Wrong size,11,3,2,0.67,0.628,0.44,approved,0
RET003806,MERCH016,Electronics,690.77,566.58,Wrong size,1,8,2,0.25,0.731,0.015,rejected,0
RET003807,MERCH018,Sports,471.26,380.53,Wrong size,5,8,1,0.12,0.917,0.035,approved,0
RET003808,MERCH038,Home & Kitchen,1015.82,896.75,Changed mind,10,8,1,0.12,0.648,0.238,approved,0
RET003809,MERCH006,Beauty,1389.5,1118.86,Late delivery,8,3,2,0.67,0.711,0.319,approved,0
RET003810,MERCH002,Sports,291.07,227.74,Wrong size,36,4,1,0.25,0.447,0.094,rejected,0
RET003811,MERCH032,Sports,1764.99,1581.39,Quality issue,2,4,1,0.25,0.82,0.017,approved,0
RET003812,MERCH021,Beauty,527.8,382.87,Changed mind,1,11,2,0.18,0.615,0.0,rejected,0
RET003813,MERCH008,Beauty,2362.1,1882.51,Late delivery,4,7,1,0.14,1.0,0.062,approved,0
RET003814,MERCH017,Electronics,162.83,153.29,Changed mind,19,1,0,0.0,0.569,0.0,rejected,0
RET003815,MERCH009,Apparel,290.21,284.16,Wrong size,13,6,0,0.0,0.84,0.0,approved,0
RET003816,MERCH028,Footwear,1657.06,1509.26,Damaged/Defective,2,7,3,0.43,0.923,0.0,approved,0
RET003817,MERCH033,Sports,1315.05,998.99,Wrong size,7,5,0,0.0,0.797,0.026,approved,0
RET003818,MERCH003,Beauty,770.6,593.07,Wrong item shipped,3,4,0,0.0,1.0,0.093,approved,0
RET003819,MERCH036,Apparel,153.67,142.42,Better price found,5,7,1,0.14,0.841,0.017,approved,0
RET003820,MERCH023,Home & Kitchen,596.34,503.71,Better price found,7,6,0,0.0,0.627,0.057,approved,0
RET003821,MERCH003,Footwear,315.69,260.03,Better price found,10,5,0,0.0,0.604,0.0,approved,0
RET003822,MERCH031,Sports,5012.96,5008.44,Better price found,1,5,0,0.0,0.6,0.086,rejected,1
RET003823,MERCH011,Sports,305.75,268.33,Late delivery,6,4,1,0.25,0.899,0.16,approved,0
RET003824,MERCH020,Home & Kitchen,793.31,568.1,Wrong size,12,5,2,0.4,0.643,0.09,rejected,0
RET003825,MERCH017,Books,1233.3,1018.86,Wrong item shipped,7,6,0,0.0,1.0,0.066,approved,0
RET003826,MERCH008,Accessories,505.85,379.91,Changed mind,4,7,1,0.14,0.669,0.018,approved,0
RET003827,MERCH038,Beauty,246.66,243.52,Changed mind,7,5,1,0.2,0.646,0.09,approved,0
RET003828,MERCH033,Accessories,956.67,790.76,Changed mind,14,9,3,0.33,0.545,0.059,rejected,0
RET003829,MERCH021,Home & Kitchen,2061.17,1847.13,Not as described,7,5,2,0.4,0.806,0.015,approved,0
RET003830,MERCH033,Footwear,475.11,412.68,Changed mind,15,4,0,0.0,0.572,0.054,approved,0
RET003831,MERCH001,Toys,236.31,232.14,Quality issue,4,6,1,0.17,0.947,0.091,approved,0
RET003832,MERCH016,Electronics,668.09,501.67,Wrong size,2,1,1,1.0,0.375,0.308,rejected,1
RET003833,MERCH011,Toys,454.54,453.66,Damaged/Defective,3,2,1,0.5,1.0,0.042,approved,0
RET003834,MERCH029,Toys,2393.42,1823.17,Quality issue,25,3,1,0.33,0.847,0.026,approved,0
RET003835,MERCH012,Electronics,1587.59,1467.89,Damaged/Defective,8,6,1,0.17,0.891,0.021,approved,0
RET003836,MERCH007,Home & Kitchen,1242.14,1180.62,Not as described,7,9,3,0.33,0.776,0.113,flagged_for_review,1
RET003837,MERCH014,Footwear,466.41,437.41,Better price found,20,5,1,0.2,0.529,0.0,approved,0
RET003838,MERCH001,Home & Kitchen,1105.76,813.96,Wrong size,5,3,1,0.33,0.829,0.058,approved,0
RET003839,MERCH031,Accessories,943.71,730.67,Quality issue,2,9,4,0.44,0.969,0.049,approved,0
RET003840,MERCH009,Accessories,4697.38,3726.78,Wrong size,4,6,1,0.17,0.744,0.0,rejected,0
RET003841,MERCH021,Footwear,1950.17,1878.24,Not as described,7,5,2,0.4,0.828,0.044,approved,0
RET003842,MERCH019,Beauty,541.69,515.86,Wrong size,17,3,2,0.67,0.561,0.427,flagged_for_review,1
RET003843,MERCH008,Accessories,299.09,260.73,Better price found,4,4,0,0.0,0.762,0.0,approved,0
RET003844,MERCH035,Books,503.15,361.07,Changed mind,4,8,1,0.12,0.407,0.113,rejected,0
RET003845,MERCH031,Toys,892.86,729.54,Changed mind,4,4,1,0.25,0.488,0.0,approved,0
RET003846,MERCH011,Electronics,295.72,225.39,Changed mind,4,5,1,0.2,0.612,0.094,approved,0
RET003847,MERCH031,Home & Kitchen,227.06,215.54,Wrong size,9,6,0,0.0,0.753,0.018,rejected,0
RET003848,MERCH032,Toys,216.54,170.44,Damaged/Defective,1,5,1,0.2,0.944,0.015,approved,0
RET003849,MERCH011,Apparel,675.03,594.28,Changed mind,5,6,0,0.0,0.714,0.085,approved,0
RET003850,MERCH029,Electronics,4140.68,2903.26,Changed mind,7,6,1,0.17,0.63,0.075,approved,0
RET003851,MERCH037,Apparel,803.7,729.58,Wrong item shipped,2,3,0,0.0,1.0,0.101,approved,0
RET003852,MERCH001,Accessories,2390.0,1690.2,Better price found,13,5,0,0.0,0.512,0.024,rejected,0
RET003853,MERCH004,Electronics,990.92,764.1,Not as described,10,7,0,0.0,0.712,0.068,rejected,0
RET003854,MERCH017,Electronics,93.23,81.17,Changed mind,2,6,1,0.17,0.764,0.0,approved,0
RET003855,MERCH017,Books,509.41,412.9,Better price found,19,4,1,0.25,0.598,0.07,rejected,0
RET003856,MERCH008,Footwear,1355.19,1293.18,Changed mind,1,3,1,0.33,0.585,0.0,approved,0
RET003857,MERCH020,Toys,342.61,280.14,Late delivery,10,9,1,0.11,0.505,0.148,rejected,0
RET003858,MERCH016,Toys,559.68,458.58,Changed mind,8,6,1,0.17,0.464,0.096,rejected,0
RET003859,MERCH040,Books,450.96,424.08,Late delivery,1,7,0,0.0,0.841,0.122,approved,0
RET003860,MERCH004,Sports,1171.92,878.05,Changed mind,11,4,0,0.0,0.542,0.108,rejected,0
RET003861,MERCH037,Electronics,1681.43,1531.64,Not as described,6,5,0,0.0,0.875,0.059,approved,0
RET003862,MERCH004,Accessories,642.17,509.21,Better price found,83,7,1,0.14,0.499,0.185,approved,0
RET003863,MERCH008,Books,268.44,189.36,Changed mind,3,5,0,0.0,0.852,0.034,rejected,0
RET003864,MERCH009,Books,291.28,273.41,Not as described,21,5,0,0.0,0.782,0.094,flagged_for_review,1
RET003865,MERCH005,Toys,177.83,172.56,Changed mind,17,7,0,0.0,0.552,0.076,flagged_for_review,1
RET003866,MERCH017,Home & Kitchen,679.36,648.77,Changed mind,13,4,0,0.0,0.718,0.07,approved,0
RET003867,MERCH035,Books,403.17,386.82,Not as described,6,4,0,0.0,0.556,0.067,approved,0
RET003868,MERCH026,Home & Kitchen,1455.76,1366.34,Damaged/Defective,3,5,2,0.4,1.0,0.0,approved,0
RET003869,MERCH001,Apparel,1367.86,1073.48,Changed mind,6,2,0,0.0,0.47,0.0,rejected,0
RET003870,MERCH002,Footwear,1416.67,1016.47,Changed mind,16,8,1,0.12,0.742,0.035,approved,0
RET003871,MERCH033,Accessories,3192.62,3030.88,Changed mind,1,3,0,0.0,0.494,0.079,approved,0
RET003872,MERCH013,Toys,235.28,233.24,Changed mind,7,5,1,0.2,0.724,0.093,rejected,1
RET003873,MERCH012,Beauty,1150.07,1000.41,Changed mind,3,4,0,0.0,0.557,0.01,approved,0
RET003874,MERCH013,Accessories,296.29,261.48,Not as described,6,3,0,0.0,0.747,0.019,approved,0
RET003875,MERCH005,Books,501.52,501.01,Wrong size,4,2,0,0.0,0.713,0.038,approved,0
RET003876,MERCH030,Apparel,2709.23,2571.06,Not as described,7,9,1,0.11,0.61,0.119,rejected,0
RET003877,MERCH016,Accessories,298.43,217.85,Damaged/Defective,3,6,0,0.0,0.549,0.075,approved,0
RET003878,MERCH035,Books,329.66,327.93,Quality issue,14,4,0,0.0,0.772,0.077,approved,0
RET003879,MERCH026,Beauty,967.17,833.95,Wrong item shipped,1,9,1,0.11,0.996,0.023,approved,0
RET003880,MERCH020,Home & Kitchen,675.4,636.15,Damaged/Defective,10,9,2,0.22,0.893,0.0,approved,0
RET003881,MERCH013,Toys,362.06,321.51,Better price found,6,1,0,0.0,0.653,0.041,approved,0
RET003882,MERCH003,Accessories,2858.56,2265.08,Wrong size,19,4,2,0.5,0.848,0.079,flagged_for_review,1
RET003883,MERCH020,Toys,340.91,322.03,Wrong size,3,3,0,0.0,0.56,0.053,approved,0
RET003884,MERCH015,Toys,434.83,413.26,Better price found,8,6,0,0.0,0.713,0.037,rejected,0
RET003885,MERCH022,Electronics,1140.93,838.32,Better price found,14,2,0,0.0,0.51,0.005,approved,0
RET003886,MERCH005,Books,1456.42,1247.58,Quality issue,4,8,1,0.12,1.0,0.056,approved,0
RET003887,MERCH005,Electronics,811.29,632.12,Better price found,21,4,0,0.0,0.619,0.048,approved,0
RET003888,MERCH030,Home & Kitchen,817.27,583.84,Changed mind,11,6,0,0.0,0.44,0.041,rejected,1
RET003889,MERCH007,Toys,1033.6,748.88,Damaged/Defective,5,5,2,0.4,1.0,0.0,approved,0
RET003890,MERCH009,Sports,357.68,266.81,Wrong item shipped,15,6,1,0.17,0.986,0.066,approved,0
RET003891,MERCH022,Sports,390.3,382.24,Damaged/Defective,1,6,2,0.33,0.95,0.038,approved,0
RET003892,MERCH039,Beauty,656.07,465.67,Late delivery,3,4,0,0.0,0.628,0.063,rejected,0
RET003893,MERCH021,Toys,2801.87,2673.18,Late delivery,11,4,1,0.25,0.882,0.02,approved,0
RET003894,MERCH024,Books,1432.37,1125.58,Wrong size,12,5,0,0.0,1.0,0.137,approved,0
RET003895,MERCH019,Home & Kitchen,1959.53,1810.33,Not as described,13,4,1,0.25,0.723,0.15,approved,0
RET003896,MERCH008,Books,893.5,806.03,Wrong size,12,6,0,0.0,1.0,0.027,approved,0
RET003897,MERCH007,Sports,73.84,69.43,Changed mind,6,8,2,0.25,0.674,0.07,approved,0
RET003898,MERCH005,Sports,690.81,690.29,Better price found,3,5,1,0.2,0.878,0.112,approved,0
RET003899,MERCH030,Sports,775.17,611.03,Changed mind,3,2,0,0.0,0.416,0.051,rejected,0
RET003900,MERCH040,Accessories,1194.5,1193.02,Better price found,7,5,2,0.4,0.488,0.008,rejected,0
RET003901,MERCH025,Electronics,387.11,351.09,Late delivery,13,9,0,0.0,0.563,0.111,rejected,0
RET003902,MERCH027,Apparel,1585.38,1394.31,Quality issue,5,7,0,0.0,1.0,0.0,approved,0
RET003903,MERCH031,Sports,975.0,890.12,Not as described,1,3,1,0.33,0.604,0.178,approved,0
RET003904,MERCH030,Apparel,3987.76,3739.82,Quality issue,5,6,1,0.17,0.787,0.0,approved,0
RET003905,MERCH021,Home & Kitchen,1150.3,899.76,Not as described,1,4,0,0.0,0.901,0.034,approved,0
RET003906,MERCH020,Home & Kitchen,564.79,511.12,Quality issue,2,6,0,0.0,0.879,0.016,approved,0
RET003907,MERCH039,Toys,275.85,221.72,Not as described,13,5,0,0.0,0.704,0.082,approved,0
RET003908,MERCH025,Toys,572.11,511.56,Changed mind,2,4,0,0.0,0.461,0.038,rejected,0
RET003909,MERCH003,Books,830.95,664.12,Wrong item shipped,6,3,0,0.0,0.876,0.042,approved,0
RET003910,MERCH015,Electronics,204.28,154.6,Wrong size,4,4,0,0.0,0.925,0.0,approved,0
RET003911,MERCH010,Apparel,697.77,660.83,Damaged/Defective,2,6,1,0.17,0.739,0.024,rejected,0
RET003912,MERCH027,Apparel,518.5,482.64,Wrong item shipped,1,4,0,0.0,1.0,0.047,approved,0
RET003913,MERCH027,Apparel,1349.65,1023.83,Not as described,1,7,0,0.0,0.895,0.0,approved,0
RET003914,MERCH008,Apparel,252.1,249.94,Wrong size,16,3,0,0.0,0.943,0.097,approved,0
RET003915,MERCH035,Electronics,778.17,638.14,Not as described,6,4,1,0.25,0.587,0.134,approved,0
RET003916,MERCH007,Beauty,1094.58,864.73,Wrong size,6,5,0,0.0,0.51,0.085,rejected,0
RET003917,MERCH017,Sports,483.94,465.88,Changed mind,13,5,1,0.2,0.605,0.0,rejected,0
RET003918,MERCH040,Footwear,2781.11,2199.52,Damaged/Defective,9,5,2,0.4,1.0,0.009,approved,0
RET003919,MERCH019,Toys,101.13,97.6,Changed mind,8,3,0,0.0,0.478,0.04,rejected,0
RET003920,MERCH010,Footwear,2746.06,2412.58,Damaged/Defective,3,8,1,0.12,0.9,0.062,approved,0
RET003921,MERCH001,Beauty,415.65,337.07,Changed mind,20,10,2,0.2,0.671,0.029,rejected,0
RET003922,MERCH002,Sports,1166.77,858.36,Changed mind,2,5,0,0.0,0.588,0.134,approved,0
RET003923,MERCH023,Beauty,449.21,371.41,Late delivery,6,5,1,0.2,0.646,0.095,approved,0
RET003924,MERCH027,Toys,667.14,490.71,Damaged/Defective,29,1,0,0.0,1.0,0.033,approved,0
RET003925,MERCH032,Apparel,418.61,365.9,Late delivery,6,5,0,0.0,0.598,0.106,approved,0
RET003926,MERCH001,Toys,2318.24,2304.78,Wrong size,10,3,0,0.0,0.602,0.086,rejected,0
RET003927,MERCH007,Electronics,248.27,245.8,Wrong item shipped,12,7,1,0.14,0.96,0.03,approved,0
RET003928,MERCH025,Accessories,1168.13,854.9,Wrong size,24,6,1,0.17,0.669,0.074,approved,0
RET003929,MERCH026,Books,311.74,237.87,Damaged/Defective,3,6,3,0.5,1.0,0.035,approved,0
RET003930,MERCH006,Sports,640.41,481.98,Quality issue,7,3,0,0.0,1.0,0.04,approved,0
RET003931,MERCH010,Accessories,2377.16,2171.04,Changed mind,2,2,1,0.5,0.473,0.044,approved,0
RET003932,MERCH027,Toys,431.94,404.36,Wrong size,4,3,0,0.0,0.83,0.075,approved,0
RET003933,MERCH004,Footwear,1260.82,925.57,Not as described,1,6,2,0.33,0.834,0.043,approved,0
RET003934,MERCH030,Home & Kitchen,1863.64,1637.47,Changed mind,8,2,0,0.0,0.548,0.0,approved,0
RET003935,MERCH036,Footwear,736.73,624.1,Wrong size,21,2,0,0.0,0.914,0.023,approved,0
RET003936,MERCH027,Books,443.41,421.79,Quality issue,10,4,1,0.25,1.0,0.108,flagged_for_review,1
RET003937,MERCH006,Sports,543.06,507.53,Not as described,2,2,0,0.0,0.736,0.072,approved,0
RET003938,MERCH033,Accessories,2028.06,1429.57,Changed mind,3,3,1,0.33,0.74,0.01,approved,0
RET003939,MERCH023,Accessories,646.94,573.32,Wrong item shipped,15,5,1,0.2,0.861,0.081,approved,0
RET003940,MERCH020,Beauty,727.18,685.44,Wrong size,20,10,3,0.3,0.65,0.125,rejected,0
RET003941,MERCH018,Sports,1297.83,1006.27,Better price found,11,4,0,0.0,0.665,0.042,approved,0
RET003942,MERCH037,Home & Kitchen,159.93,140.13,Damaged/Defective,8,3,0,0.0,1.0,0.041,approved,0
RET003943,MERCH001,Footwear,603.46,487.4,Better price found,7,4,0,0.0,0.579,0.029,approved,0
RET003944,MERCH018,Apparel,455.86,421.07,Not as described,13,5,1,0.2,0.896,0.0,approved,0
RET003945,MERCH012,Sports,678.26,578.15,Damaged/Defective,22,5,1,0.2,0.745,0.018,approved,0
RET003946,MERCH029,Toys,277.85,234.66,Quality issue,4,7,0,0.0,0.9,0.0,approved,0
RET003947,MERCH027,Sports,913.43,657.16,Changed mind,25,3,1,0.33,0.549,0.054,approved,0
RET003948,MERCH007,Beauty,192.36,177.67,Changed mind,3,5,1,0.2,0.713,0.07,approved,0
RET003949,MERCH040,Apparel,6175.77,4350.14,Damaged/Defective,2,7,3,0.43,1.0,0.063,approved,0
RET003950,MERCH024,Home & Kitchen,394.55,391.1,Changed mind,7,4,0,0.0,0.646,0.022,rejected,0
RET003951,MERCH036,Toys,727.2,585.87,Wrong size,5,7,1,0.14,1.0,0.072,approved,0
RET003952,MERCH032,Accessories,1011.18,733.4,Wrong size,8,3,0,0.0,0.749,0.009,approved,0
RET003953,MERCH008,Sports,1029.85,728.55,Wrong size,2,5,1,0.2,0.914,0.004,approved,0
RET003954,MERCH016,Home & Kitchen,299.88,260.45,Wrong size,2,5,1,0.2,0.569,0.14,approved,0
RET003955,MERCH020,Beauty,598.39,448.4,Damaged/Defective,2,5,2,0.4,0.974,0.0,approved,0
RET003956,MERCH035,Footwear,267.59,233.76,Wrong item shipped,2,6,1,0.17,0.721,0.031,approved,0
RET003957,MERCH034,Books,1093.86,1022.46,Wrong size,13,3,0,0.0,0.93,0.108,approved,0
RET003958,MERCH035,Home & Kitchen,1210.08,1000.29,Wrong item shipped,1,3,1,0.33,0.774,0.01,approved,0
RET003959,MERCH030,Home & Kitchen,339.18,320.37,Better price found,13,3,0,0.0,0.404,0.007,rejected,0
RET003960,MERCH027,Books,811.92,791.25,Not as described,7,5,0,0.0,0.954,0.0,approved,0
RET003961,MERCH026,Beauty,744.52,622.44,Late delivery,12,8,0,0.0,0.738,0.0,rejected,0
RET003962,MERCH025,Accessories,411.74,345.29,Wrong size,14,4,0,0.0,0.534,0.0,rejected,0
RET003963,MERCH024,Electronics,1674.14,1221.29,Damaged/Defective,4,2,1,0.5,1.0,0.028,approved,0
RET003964,MERCH013,Beauty,962.2,941.65,Changed mind,17,5,1,0.2,0.639,0.09,approved,0
RET003965,MERCH028,Books,373.98,295.22,Wrong size,1,2,1,0.5,0.868,0.094,rejected,0
RET003966,MERCH011,Books,1064.89,905.27,Wrong item shipped,5,3,1,0.33,1.0,0.125,approved,0
RET003967,MERCH006,Electronics,4606.13,3821.08,Wrong item shipped,6,9,1,0.11,1.0,0.055,approved,0
RET003968,MERCH031,Apparel,2402.76,1916.61,Changed mind,6,5,1,0.2,0.644,0.092,rejected,0
RET003969,MERCH017,Footwear,2118.27,1847.65,Changed mind,31,3,0,0.0,0.415,0.071,rejected,0
RET003970,MERCH036,Footwear,1354.3,976.37,Better price found,15,5,1,0.2,0.766,0.136,approved,0
RET003971,MERCH035,Apparel,295.08,249.43,Changed mind,12,3,1,0.33,0.325,0.063,rejected,1
RET003972,MERCH005,Beauty,454.33,439.46,Changed mind,18,6,1,0.17,0.651,0.068,approved,0
RET003973,MERCH034,Accessories,409.33,344.27,Wrong size,41,3,1,0.33,0.664,0.012,approved,0
RET003974,MERCH015,Books,1599.91,1158.41,Quality issue,10,5,1,0.2,1.0,0.039,approved,0
RET003975,MERCH024,Apparel,475.12,339.92,Not as described,2,7,2,0.29,0.848,0.146,approved,0
RET003976,MERCH023,Apparel,1465.06,1420.75,Changed mind,4,4,0,0.0,0.491,0.148,rejected,0
RET003977,MERCH033,Apparel,427.66,361.83,Wrong item shipped,21,4,0,0.0,1.0,0.021,approved,0
RET003978,MERCH008,Footwear,724.69,701.26,Changed mind,17,7,2,0.29,0.802,0.014,approved,0
RET003979,MERCH020,Accessories,782.87,728.97,Changed mind,5,5,3,0.6,0.343,0.0,approved,0
RET003980,MERCH031,Sports,418.25,380.85,Better price found,3,3,0,0.0,0.428,0.0,approved,0
RET003981,MERCH036,Books,719.11,624.24,Changed mind,9,3,0,0.0,0.851,0.08,approved,0
RET003982,MERCH038,Beauty,756.27,694.03,Better price found,20,3,1,0.33,0.848,0.05,approved,0
RET003983,MERCH011,Accessories,834.5,635.82,Changed mind,2,4,2,0.5,0.728,0.023,approved,0
RET003984,MERCH019,Beauty,2151.4,1780.15,Wrong size,13,5,1,0.2,0.622,0.025,approved,0
RET003985,MERCH001,Books,441.19,343.38,Changed mind,9,7,1,0.14,0.55,0.0,rejected,0
RET003986,MERCH018,Books,735.1,722.05,Damaged/Defective,1,7,0,0.0,1.0,0.0,approved,0
RET003987,MERCH033,Toys,929.34,762.53,Wrong size,2,3,0,0.0,0.894,0.054,approved,0
RET003988,MERCH040,Footwear,698.94,666.86,Better price found,5,2,1,0.5,0.645,0.101,rejected,0
RET003989,MERCH004,Sports,5622.53,4668.31,Changed mind,1,2,1,0.5,0.571,0.258,rejected,0
RET003990,MERCH002,Home & Kitchen,946.09,749.92,Wrong size,10,4,2,0.5,0.848,0.0,approved,0
RET003991,MERCH007,Accessories,1419.04,1212.51,Damaged/Defective,22,7,2,0.29,1.0,0.046,approved,0
RET003992,MERCH015,Apparel,1430.89,1302.41,Late delivery,9,5,1,0.2,0.831,0.0,approved,0
RET003993,MERCH007,Accessories,2080.88,1998.03,Damaged/Defective,10,5,1,0.2,1.0,0.016,approved,0
RET003994,MERCH006,Footwear,581.71,528.58,Wrong item shipped,3,1,0,0.0,1.0,0.103,approved,0
RET003995,MERCH022,Electronics,306.45,304.54,Better price found,12,4,2,0.5,0.423,0.0,rejected,0
RET003996,MERCH036,Toys,968.72,879.65,Wrong size,6,7,2,0.29,0.889,0.018,approved,0
RET003997,MERCH011,Footwear,1239.52,1003.29,Changed mind,1,12,1,0.08,0.611,0.082,approved,0
RET003998,MERCH010,Sports,1527.13,1376.4,Wrong item shipped,15,9,3,0.33,0.925,0.167,approved,0
RET003999,MERCH001,Toys,404.19,365.35,Wrong size,12,5,1,0.2,0.746,0.048,rejected,0
RET004000,MERCH030,Sports,703.72,494.02,Wrong size,15,2,1,0.5,0.572,0.0,approved,0
RET004001,MERCH023,Books,258.39,206.83,Damaged/Defective,2,6,0,0.0,0.824,0.115,approved,0
RET004002,MERCH034,Footwear,891.85,789.63,Damaged/Defective,2,6,0,0.0,1.0,0.018,approved,0
RET004003,MERCH026,Books,932.56,733.96,Wrong size,31,10,2,0.2,0.495,0.064,approved,0
RET004004,MERCH009,Electronics,156.32,129.47,Not as described,4,5,0,0.0,0.962,0.061,approved,0
RET004005,MERCH037,Electronics,2750.35,1928.29,Late delivery,30,6,0,0.0,0.643,0.055,rejected,0
RET004006,MERCH039,Accessories,730.44,516.54,Damaged/Defective,9,12,1,0.08,0.822,0.112,approved,0
RET004007,MERCH033,Beauty,63.66,50.9,Better price found,8,4,0,0.0,0.691,0.076,approved,0
RET004008,MERCH039,Toys,309.81,308.15,Wrong item shipped,9,5,0,0.0,0.785,0.102,approved,0
RET004009,MERCH025,Apparel,1242.74,1172.82,Not as described,16,2,0,0.0,0.784,0.017,approved,0
RET004010,MERCH028,Accessories,265.93,241.6,Damaged/Defective,4,4,0,0.0,1.0,0.071,approved,0
RET004011,MERCH027,Footwear,464.82,401.17,Changed mind,6,5,1,0.2,0.832,0.032,approved,0
RET004012,MERCH005,Beauty,363.27,306.3,Damaged/Defective,15,5,1,0.2,1.0,0.04,approved,0
RET004013,MERCH005,Books,725.14,713.76,Better price found,4,3,0,0.0,0.799,0.0,approved,0
RET004014,MERCH029,Toys,3320.48,2846.77,Changed mind,2,2,0,0.0,0.421,0.018,rejected,0
RET004015,MERCH024,Apparel,1623.29,1471.18,Late delivery,13,3,0,0.0,1.0,0.038,approved,0
RET004016,MERCH010,Toys,492.55,485.96,Changed mind,16,5,1,0.2,0.398,0.084,approved,0
RET004017,MERCH029,Accessories,464.7,447.36,Wrong size,6,4,0,0.0,0.694,0.009,approved,0
RET004018,MERCH040,Beauty,390.95,304.12,Better price found,10,4,0,0.0,0.515,0.041,rejected,0
RET004019,MERCH017,Home & Kitchen,623.87,597.54,Not as described,11,3,0,0.0,0.81,0.06,rejected,0
RET004020,MERCH030,Home & Kitchen,909.8,779.0,Wrong size,36,6,0,0.0,0.276,0.036,rejected,0
RET004021,MERCH006,Toys,166.47,156.78,Quality issue,4,3,0,0.0,1.0,0.033,approved,0
RET004022,MERCH019,Sports,1937.35,1433.46,Wrong size,17,3,1,0.33,0.594,0.096,rejected,0
RET004023,MERCH039,Home & Kitchen,2534.15,2420.92,Late delivery,15,6,2,0.33,0.65,0.0,approved,0
RET004024,MERCH037,Home & Kitchen,409.61,397.95,Wrong size,11,5,0,0.0,0.768,0.041,approved,0
RET004025,MERCH013,Books,744.76,714.53,Changed mind,2,6,1,0.17,0.61,0.063,rejected,0
RET004026,MERCH007,Home & Kitchen,1082.69,1046.81,Damaged/Defective,6,6,0,0.0,1.0,0.121,approved,0
RET004027,MERCH016,Sports,628.38,500.49,Wrong item shipped,14,5,0,0.0,0.829,0.052,approved,0
RET004028,MERCH025,Accessories,1479.23,1153.79,Quality issue,18,5,0,0.0,0.883,0.032,approved,0
RET004029,MERCH011,Toys,387.5,286.72,Wrong item shipped,15,5,2,0.4,1.0,0.121,flagged_for_review,1
RET004030,MERCH024,Sports,821.28,612.37,Not as described,10,4,0,0.0,0.897,0.084,approved,0
RET004031,MERCH003,Accessories,847.49,653.98,Changed mind,42,5,0,0.0,0.406,0.078,flagged_for_review,1
RET004032,MERCH037,Toys,511.23,472.99,Changed mind,12,7,0,0.0,0.573,0.08,rejected,0
RET004033,MERCH028,Toys,469.6,379.62,Damaged/Defective,9,11,1,0.09,0.965,0.04,approved,0
RET004034,MERCH040,Books,1392.05,1032.62,Better price found,7,6,1,0.17,0.645,0.052,approved,0
RET004035,MERCH020,Toys,145.27,134.57,Wrong item shipped,20,2,0,0.0,0.858,0.009,approved,0
RET004036,MERCH016,Home & Kitchen,273.53,196.97,Changed mind,10,3,1,0.33,0.36,0.072,rejected,0
RET004037,MERCH034,Beauty,424.55,331.65,Not as described,34,6,0,0.0,0.657,0.046,approved,0
RET004038,MERCH008,Apparel,175.68,123.19,Changed mind,5,4,0,0.0,0.819,0.055,flagged_for_review,1
RET004039,MERCH005,Footwear,473.15,404.1,Quality issue,15,5,1,0.2,1.0,0.083,approved,0
RET004040,MERCH002,Beauty,2179.61,1962.07,Not as described,3,5,0,0.0,0.822,0.108,flagged_for_review,1
RET004041,MERCH010,Accessories,393.97,359.84,Late delivery,3,4,1,0.25,0.503,0.002,rejected,0
RET004042,MERCH013,Books,370.11,358.65,Better price found,2,5,1,0.2,0.548,0.052,rejected,0
RET004043,MERCH040,Books,1116.39,785.81,Changed mind,9,5,0,0.0,0.789,0.034,approved,0
RET004044,MERCH011,Toys,1256.34,916.59,Wrong item shipped,10,9,1,0.11,0.912,0.129,approved,0
RET004045,MERCH033,Beauty,351.83,349.44,Changed mind,49,3,0,0.0,0.398,0.2,approved,0
RET004046,MERCH027,Footwear,2809.36,2677.81,Damaged/Defective,2,5,0,0.0,1.0,0.076,approved,0
RET004047,MERCH036,Electronics,167.45,144.42,Not as described,16,5,1,0.2,0.866,0.118,approved,0
RET004048,MERCH001,Home & Kitchen,204.02,199.17,Damaged/Defective,1,2,0,0.0,0.911,0.012,approved,0
RET004049,MERCH037,Books,1832.45,1644.47,Late delivery,6,4,0,0.0,0.957,0.061,flagged_for_review,1
RET004050,MERCH036,Books,265.65,195.51,Not as described,5,8,0,0.0,0.962,0.036,approved,0
RET004051,MERCH005,Books,248.5,213.3,Wrong size,48,3,0,0.0,0.607,0.174,rejected,1
RET004052,MERCH013,Sports,494.56,439.68,Damaged/Defective,12,6,0,0.0,0.96,0.081,approved,0
RET004053,MERCH006,Electronics,250.4,226.33,Better price found,8,6,0,0.0,0.731,0.002,approved,0
RET004054,MERCH036,Books,271.64,221.02,Changed mind,5,4,1,0.25,0.855,0.049,approved,0
RET004055,MERCH038,Accessories,3693.04,3471.75,Wrong size,7,4,2,0.5,0.806,0.021,approved,0
RET004056,MERCH009,Toys,2974.67,2605.1,Wrong size,20,8,3,0.38,0.73,0.162,approved,0
RET004057,MERCH003,Footwear,1142.36,998.53,Not as described,34,10,1,0.1,0.57,0.032,approved,0
RET004058,MERCH020,Beauty,349.73,291.9,Better price found,18,3,0,0.0,0.449,0.017,rejected,0
RET004059,MERCH010,Footwear,1025.05,858.1,Wrong size,4,4,0,0.0,0.646,0.166,approved,0
RET004060,MERCH039,Accessories,2374.05,2206.36,Changed mind,11,6,1,0.17,0.547,0.078,rejected,0
RET004061,MERCH038,Sports,609.59,547.88,Changed mind,6,3,0,0.0,0.63,0.014,rejected,0
RET004062,MERCH007,Footwear,237.4,187.99,Changed mind,6,5,0,0.0,0.532,0.112,flagged_for_review,1
RET004063,MERCH010,Toys,484.96,433.57,Not as described,8,6,2,0.33,0.524,0.055,rejected,0
RET004064,MERCH009,Beauty,242.98,192.12,Changed mind,4,5,2,0.4,0.465,0.075,approved,0
RET004065,MERCH037,Footwear,1237.34,1101.58,Changed mind,31,4,2,0.5,0.396,0.045,approved,0
RET004066,MERCH011,Home & Kitchen,179.43,165.24,Changed mind,2,6,2,0.33,0.542,0.0,rejected,0
RET004067,MERCH029,Toys,674.8,642.02,Changed mind,4,6,1,0.17,0.631,0.108,rejected,0
RET004068,MERCH028,Sports,3089.38,2588.42,Late delivery,3,2,0,0.0,0.799,0.0,approved,0
RET004069,MERCH036,Toys,463.06,403.57,Damaged/Defective,12,5,0,0.0,1.0,0.011,approved,0
RET004070,MERCH026,Beauty,535.97,387.31,Better price found,4,2,1,0.5,0.5,0.096,approved,0
RET004071,MERCH023,Electronics,1442.52,1100.37,Better price found,15,3,1,0.33,0.571,0.0,approved,0
RET004072,MERCH015,Apparel,803.5,746.06,Not as described,11,5,1,0.2,0.913,0.06,approved,0
RET004073,MERCH015,Electronics,1610.48,1429.75,Better price found,1,7,3,0.43,0.732,0.058,approved,0
RET004074,MERCH018,Toys,1249.6,1192.5,Wrong size,16,6,0,0.0,1.0,0.071,approved,0
RET004075,MERCH022,Beauty,546.91,409.43,Wrong size,4,8,2,0.25,0.887,0.075,approved,0
RET004076,MERCH017,Toys,876.44,672.63,Damaged/Defective,7,5,0,0.0,1.0,0.038,approved,0
RET004077,MERCH022,Beauty,343.29,296.46,Wrong item shipped,5,3,1,0.33,1.0,0.045,flagged_for_review,1
RET004078,MERCH036,Toys,620.71,465.82,Damaged/Defective,25,5,0,0.0,1.0,0.088,approved,0
RET004079,MERCH038,Toys,434.34,386.82,Wrong size,21,1,0,0.0,0.866,0.007,approved,0
RET004080,MERCH005,Books,567.84,461.65,Wrong item shipped,2,7,1,0.14,1.0,0.068,approved,0
RET004081,MERCH015,Accessories,822.16,659.85,Changed mind,1,5,0,0.0,0.749,0.026,approved,0
RET004082,MERCH039,Home & Kitchen,487.58,487.1,Wrong size,18,2,1,0.5,0.689,0.008,approved,0
RET004083,MERCH014,Beauty,209.46,157.3,Wrong item shipped,1,5,0,0.0,1.0,0.0,approved,0
RET004084,MERCH001,Accessories,491.39,450.16,Late delivery,8,4,0,0.0,0.62,0.027,approved,0
RET004085,MERCH009,Electronics,2238.02,1684.01,Wrong item shipped,16,6,0,0.0,1.0,0.063,approved,0
RET004086,MERCH027,Footwear,1745.18,1485.4,Changed mind,20,3,0,0.0,0.606,0.0,approved,0
RET004087,MERCH020,Beauty,250.09,192.66,Quality issue,3,7,0,0.0,0.818,0.0,approved,0
RET004088,MERCH008,Apparel,241.23,208.44,Damaged/Defective,1,7,0,0.0,1.0,0.022,approved,0
RET004089,MERCH036,Home & Kitchen,588.06,458.39,Wrong size,4,4,0,0.0,0.996,0.073,approved,0
RET004090,MERCH022,Accessories,3098.75,2899.19,Late delivery,28,8,1,0.12,0.786,0.0,approved,0
RET004091,MERCH011,Footwear,1141.32,940.68,Changed mind,10,3,0,0.0,0.617,0.063,approved,0
RET004092,MERCH040,Footwear,344.76,308.57,Damaged/Defective,5,10,1,0.1,1.0,0.085,approved,0
RET004093,MERCH003,Sports,1398.42,1225.25,Not as described,52,5,0,0.0,0.548,0.219,approved,0
RET004094,MERCH017,Sports,1120.48,1095.56,Changed mind,2,6,0,0.0,0.758,0.041,rejected,0
RET004095,MERCH026,Electronics,2216.81,2156.35,Damaged/Defective,37,4,1,0.25,0.791,0.029,rejected,0
RET004096,MERCH024,Books,478.39,400.61,Late delivery,10,5,1,0.2,0.881,0.019,approved,0
RET004097,MERCH024,Electronics,1230.13,1036.63,Not as described,2,6,0,0.0,0.829,0.126,approved,0
RET004098,MERCH006,Apparel,1025.58,718.09,Wrong size,1,2,0,0.0,0.852,0.115,approved,0
RET004099,MERCH022,Toys,1036.78,1025.42,Changed mind,6,4,1,0.25,0.507,0.0,rejected,0
RET004100,MERCH024,Beauty,310.28,243.86,Wrong item shipped,10,3,0,0.0,1.0,0.0,approved,0
RET004101,MERCH033,Footwear,387.69,350.97,Changed mind,32,5,1,0.2,0.367,0.043,rejected,0
RET004102,MERCH020,Beauty,605.87,562.62,Changed mind,1,11,0,0.0,0.492,0.099,approved,0
RET004103,MERCH034,Electronics,404.76,390.65,Late delivery,12,8,1,0.12,0.909,0.0,approved,0
RET004104,MERCH040,Books,701.74,496.85,Late delivery,1,8,2,0.25,0.855,0.097,flagged_for_review,1
RET004105,MERCH021,Footwear,645.57,568.76,Not as described,10,5,1,0.2,0.862,0.04,approved,0
RET004106,MERCH002,Apparel,946.11,707.7,Damaged/Defective,32,2,1,0.5,0.675,0.0,rejected,0
RET004107,MERCH027,Sports,548.03,445.95,Wrong size,18,8,0,0.0,0.916,0.047,approved,0
RET004108,MERCH028,Electronics,352.67,257.18,Wrong size,7,6,0,0.0,0.901,0.027,rejected,0
RET004109,MERCH032,Sports,653.04,515.39,Not as described,2,8,2,0.25,0.498,0.112,flagged_for_review,1
RET004110,MERCH012,Toys,1022.0,798.67,Damaged/Defective,15,7,1,0.14,0.804,0.0,approved,0
RET004111,MERCH036,Accessories,1352.13,1135.51,Not as described,1,5,2,0.4,0.827,0.081,approved,0
RET004112,MERCH005,Apparel,802.1,600.87,Wrong size,1,2,0,0.0,0.957,0.084,approved,0
RET004113,MERCH027,Beauty,1035.15,844.82,Better price found,3,5,1,0.2,0.599,0.056,rejected,0
RET004114,MERCH028,Books,827.74,765.89,Wrong size,4,6,0,0.0,0.767,0.08,approved,0
RET004115,MERCH016,Home & Kitchen,1889.89,1442.91,Better price found,7,3,1,0.33,0.289,0.088,rejected,0
RET004116,MERCH039,Electronics,1112.95,1072.4,Wrong size,5,5,0,0.0,0.657,0.035,rejected,0
RET004117,MERCH028,Books,2279.25,1993.49,Wrong item shipped,6,5,1,0.2,0.876,0.081,approved,0
RET004118,MERCH033,Accessories,320.05,287.16,Not as described,1,6,0,0.0,0.799,0.031,rejected,0
RET004119,MERCH025,Footwear,351.28,306.12,Changed mind,12,3,1,0.33,0.269,0.059,rejected,0
RET004120,MERCH034,Sports,1532.47,1502.76,Damaged/Defective,11,7,1,0.14,1.0,0.035,approved,0
RET004121,MERCH002,Books,745.86,671.29,Damaged/Defective,18,4,1,0.25,1.0,0.026,approved,0
RET004122,MERCH025,Apparel,702.62,556.05,Better price found,28,5,2,0.4,0.455,0.15,rejected,0
RET004123,MERCH027,Accessories,1989.79,1792.83,Changed mind,4,7,0,0.0,0.782,0.0,approved,0
RET004124,MERCH023,Accessories,311.57,272.66,Wrong size,9,4,1,0.25,0.67,0.032,rejected,0
RET004125,MERCH012,Apparel,404.2,296.46,Better price found,25,3,0,0.0,0.657,0.01,rejected,0
RET004126,MERCH007,Footwear,3119.6,2870.34,Better price found,3,2,0,0.0,0.638,0.027,approved,0
RET004127,MERCH013,Books,2153.4,1781.98,Not as described,17,7,1,0.14,0.938,0.0,approved,0
RET004128,MERCH031,Accessories,468.0,459.8,Damaged/Defective,3,3,0,0.0,0.963,0.052,approved,0
RET004129,MERCH028,Accessories,171.94,153.61,Wrong size,3,5,0,0.0,0.774,0.024,approved,0
RET004130,MERCH024,Sports,695.06,694.05,Wrong size,31,4,0,0.0,0.756,0.041,approved,0
RET004131,MERCH037,Footwear,597.1,585.96,Changed mind,8,2,0,0.0,0.709,0.052,rejected,0
RET004132,MERCH022,Electronics,349.08,298.61,Damaged/Defective,2,6,1,0.17,1.0,0.125,flagged_for_review,1
RET004133,MERCH006,Beauty,448.6,395.79,Changed mind,2,6,2,0.33,0.739,0.073,approved,0
RET004134,MERCH020,Toys,331.83,243.7,Quality issue,3,4,1,0.25,0.872,0.0,rejected,0
RET004135,MERCH034,Footwear,195.61,159.16,Changed mind,25,4,0,0.0,0.906,0.014,approved,0
RET004136,MERCH031,Home & Kitchen,2134.01,2104.63,Wrong size,10,6,0,0.0,0.604,0.11,approved,0
RET004137,MERCH030,Footwear,2841.66,2575.42,Late delivery,5,5,1,0.2,0.599,0.022,approved,0
RET004138,MERCH024,Electronics,3575.16,3131.34,Changed mind,46,7,3,0.43,0.622,0.141,approved,0
RET004139,MERCH005,Electronics,413.3,382.32,Changed mind,9,4,3,0.75,0.563,0.348,approved,0
RET004140,MERCH002,Home & Kitchen,460.95,361.71,Wrong item shipped,4,3,1,0.33,1.0,0.087,approved,0
RET004141,MERCH031,Accessories,1834.01,1484.97,Changed mind,30,9,0,0.0,0.453,0.119,approved,0
RET004142,MERCH037,Footwear,278.04,214.05,Better price found,16,3,0,0.0,0.584,0.039,approved,0
RET004143,MERCH016,Beauty,1501.21,1269.52,Changed mind,3,5,2,0.4,0.358,0.0,rejected,0
RET004144,MERCH008,Books,214.22,154.29,Changed mind,2,2,0,0.0,0.751,0.049,rejected,0
RET004145,MERCH021,Toys,3119.16,2901.03,Better price found,1,7,2,0.29,0.737,0.076,approved,0
RET004146,MERCH003,Sports,640.59,514.97,Damaged/Defective,12,6,2,0.33,0.999,0.015,approved,0
RET004147,MERCH031,Beauty,534.66,455.11,Not as described,3,6,1,0.17,0.668,0.148,approved,0
RET004148,MERCH005,Beauty,852.87,739.94,Wrong size,3,4,0,0.0,0.893,0.0,approved,0
RET004149,MERCH030,Beauty,795.25,742.02,Better price found,11,2,1,0.5,0.409,0.05,approved,0
RET004150,MERCH030,Accessories,785.86,652.45,Wrong item shipped,4,5,2,0.4,0.703,0.0,approved,0
RET004151,MERCH013,Home & Kitchen,1046.5,865.78,Damaged/Defective,28,5,1,0.2,0.963,0.009,approved,0
RET004152,MERCH028,Toys,1059.58,840.74,Wrong size,11,2,0,0.0,0.829,0.106,approved,0
RET004153,MERCH008,Home & Kitchen,3936.88,3017.77,Wrong item shipped,10,4,2,0.5,1.0,0.0,approved,0
RET004154,MERCH035,Home & Kitchen,1011.72,938.45,Better price found,1,5,0,0.0,0.322,0.022,rejected,0
RET004155,MERCH019,Toys,888.96,878.59,Late delivery,15,4,0,0.0,0.706,0.182,approved,0
RET004156,MERCH020,Home & Kitchen,877.62,742.46,Wrong size,12,7,0,0.0,0.654,0.087,approved,0
RET004157,MERCH012,Footwear,532.8,461.99,Changed mind,12,7,0,0.0,0.518,0.028,rejected,0
RET004158,MERCH035,Electronics,766.27,603.7,Wrong size,24,4,0,0.0,0.469,0.054,approved,0
RET004159,MERCH003,Beauty,905.49,771.79,Late delivery,2,5,1,0.2,0.845,0.155,approved,0
RET004160,MERCH003,Toys,731.52,535.97,Changed mind,3,8,1,0.12,0.534,0.023,approved,0
RET004161,MERCH022,Home & Kitchen,383.96,275.81,Wrong size,2,7,2,0.29,0.796,0.087,approved,0
RET004162,MERCH003,Sports,2025.36,1703.59,Better price found,15,6,2,0.33,0.69,0.094,rejected,0
RET004163,MERCH028,Apparel,1564.95,1492.66,Late delivery,3,6,2,0.33,0.762,0.088,rejected,0
RET004164,MERCH040,Sports,193.8,191.77,Changed mind,8,5,0,0.0,0.655,0.017,approved,0
RET004165,MERCH010,Apparel,2675.73,2415.44,Damaged/Defective,1,5,1,0.2,0.83,0.143,rejected,0
RET004166,MERCH001,Beauty,182.29,128.17,Quality issue,1,4,1,0.25,1.0,0.097,approved,0
RET004167,MERCH026,Books,460.88,335.35,Wrong size,1,8,1,0.12,0.714,0.018,approved,0
RET004168,MERCH035,Beauty,6425.12,4532.62,Better price found,13,3,0,0.0,0.469,0.021,rejected,0
RET004169,MERCH011,Toys,374.86,348.5,Wrong size,6,6,0,0.0,0.526,0.071,rejected,0
RET004170,MERCH006,Books,3541.74,2641.31,Damaged/Defective,4,4,2,0.5,1.0,0.06,approved,0
RET004171,MERCH008,Toys,601.21,464.02,Not as described,10,7,1,0.14,0.91,0.009,rejected,0
RET004172,MERCH001,Apparel,189.66,187.43,Changed mind,2,4,0,0.0,0.498,0.067,rejected,1
RET004173,MERCH026,Books,1123.04,910.23,Wrong item shipped,15,6,0,0.0,1.0,0.035,approved,0
RET004174,MERCH002,Home & Kitchen,696.4,546.64,Wrong size,10,6,1,0.17,0.699,0.101,rejected,1
RET004175,MERCH010,Electronics,3390.5,2985.21,Wrong size,2,6,0,0.0,0.506,0.0,approved,0
RET004176,MERCH013,Footwear,313.36,280.51,Better price found,4,3,0,0.0,0.748,0.093,approved,0
RET004177,MERCH032,Home & Kitchen,977.51,956.51,Changed mind,4,2,1,0.5,0.607,0.052,rejected,0
RET004178,MERCH014,Beauty,950.59,703.27,Not as described,1,3,0,0.0,0.734,0.033,approved,0
RET004179,MERCH013,Footwear,521.55,463.52,Changed mind,5,4,2,0.5,0.734,0.102,approved,0
RET004180,MERCH027,Apparel,235.27,203.49,Wrong size,25,3,1,0.33,0.793,0.033,approved,0
RET004181,MERCH039,Apparel,267.42,232.74,Better price found,9,7,0,0.0,0.569,0.006,approved,0
RET004182,MERCH024,Apparel,89.74,86.6,Better price found,35,8,1,0.12,0.485,0.02,rejected,0
RET004183,MERCH018,Sports,1001.4,839.7,Better price found,2,5,0,0.0,0.761,0.076,approved,0
RET004184,MERCH040,Home & Kitchen,1928.39,1452.73,Not as described,9,6,2,0.33,0.838,0.009,approved,0
RET004185,MERCH025,Home & Kitchen,46.91,44.33,Better price found,17,6,0,0.0,0.296,0.011,rejected,0
RET004186,MERCH015,Accessories,422.29,396.9,Not as described,6,8,1,0.12,0.719,0.04,rejected,1
RET004187,MERCH020,Books,192.01,189.83,Wrong size,4,4,0,0.0,0.755,0.096,rejected,0
RET004188,MERCH002,Books,1056.74,849.31,Changed mind,1,2,0,0.0,0.566,0.066,approved,0
RET004189,MERCH006,Apparel,621.25,497.8,Wrong size,5,4,0,0.0,0.821,0.025,approved,0
RET004190,MERCH033,Apparel,1573.76,1275.78,Better price found,10,9,1,0.11,0.559,0.099,approved,0
RET004191,MERCH018,Beauty,647.76,472.23,Wrong size,19,8,0,0.0,0.86,0.012,approved,0
RET004192,MERCH002,Sports,583.55,449.02,Not as described,1,1,0,0.0,0.846,0.085,approved,0
RET004193,MERCH025,Footwear,123.34,103.57,Late delivery,15,4,1,0.25,0.44,0.097,flagged_for_review,1
RET004194,MERCH026,Sports,259.84,225.83,Wrong item shipped,13,2,1,0.5,1.0,0.005,approved,0
RET004195,MERCH018,Footwear,207.34,163.06,Changed mind,10,6,0,0.0,0.692,0.055,approved,0
RET004196,MERCH021,Footwear,1157.13,847.86,Not as described,2,9,1,0.11,0.815,0.023,approved,0
RET004197,MERCH003,Sports,371.93,339.5,Quality issue,4,4,1,0.25,0.982,0.059,approved,0
RET004198,MERCH012,Footwear,145.95,126.71,Late delivery,2,4,1,0.25,0.621,0.155,approved,0
RET004199,MERCH007,Accessories,588.87,488.21,Not as described,8,6,0,0.0,0.734,0.024,approved,0
RET004200,MERCH024,Home & Kitchen,301.5,227.82,Better price found,15,3,1,0.33,0.868,0.0,approved,0
RET004201,MERCH017,Accessories,515.04,491.03,Wrong size,1,6,0,0.0,0.748,0.103,approved,0
RET004202,MERCH015,Toys,1270.28,1031.75,Late delivery,32,5,1,0.2,0.607,0.0,approved,0
RET004203,MERCH023,Beauty,673.4,514.14,Wrong size,9,5,1,0.2,0.582,0.042,approved,0
RET004204,MERCH015,Footwear,2051.76,1665.24,Wrong size,5,4,1,0.25,0.932,0.0,approved,0
RET004205,MERCH008,Home & Kitchen,886.5,702.57,Wrong item shipped,5,3,0,0.0,1.0,0.104,approved,0
RET004206,MERCH029,Beauty,337.78,334.9,Damaged/Defective,16,3,0,0.0,1.0,0.062,approved,0
RET004207,MERCH031,Sports,2098.36,2014.01,Late delivery,10,6,2,0.33,0.632,0.099,rejected,0
RET004208,MERCH024,Accessories,1158.06,1008.1,Changed mind,23,5,0,0.0,0.68,0.0,approved,0
RET004209,MERCH023,Toys,609.89,565.56,Better price found,1,5,0,0.0,0.649,0.032,approved,0
RET004210,MERCH003,Sports,195.89,193.25,Wrong size,4,7,0,0.0,0.876,0.175,approved,0
RET004211,MERCH009,Books,701.84,608.86,Late delivery,10,6,1,0.17,0.746,0.053,approved,0
RET004212,MERCH001,Toys,920.31,836.73,Wrong size,1,2,0,0.0,0.763,0.0,approved,0
RET004213,MERCH023,Home & Kitchen,219.33,200.68,Damaged/Defective,2,7,0,0.0,1.0,0.023,approved,0
RET004214,MERCH008,Sports,527.7,427.57,Better price found,4,6,1,0.17,0.781,0.069,rejected,0
RET004215,MERCH035,Sports,157.21,124.6,Quality issue,7,6,2,0.33,0.814,0.012,flagged_for_review,1
RET004216,MERCH013,Sports,1503.58,1145.33,Changed mind,9,6,0,0.0,0.717,0.083,approved,0
RET004217,MERCH022,Apparel,357.98,305.9,Changed mind,3,5,0,0.0,0.582,0.037,rejected,0
RET004218,MERCH038,Electronics,1222.85,976.2,Changed mind,20,5,2,0.4,0.726,0.011,rejected,0
RET004219,MERCH026,Toys,717.19,699.56,Damaged/Defective,3,5,0,0.0,1.0,0.129,approved,0
RET004220,MERCH001,Books,764.59,535.9,Wrong size,2,4,0,0.0,0.629,0.065,approved,0
RET004221,MERCH003,Books,231.32,221.81,Better price found,5,7,2,0.29,0.671,0.0,approved,0
RET004222,MERCH018,Accessories,871.19,649.81,Changed mind,3,3,0,0.0,0.894,0.023,flagged_for_review,1
RET004223,MERCH010,Accessories,2106.69,2043.31,Better price found,4,5,0,0.0,0.455,0.022,approved,0
RET004224,MERCH014,Sports,1519.35,1281.61,Changed mind,3,4,0,0.0,0.617,0.042,approved,0
RET004225,MERCH033,Beauty,993.68,732.44,Wrong size,3,5,1,0.2,0.814,0.106,rejected,0
RET004226,MERCH033,Apparel,772.41,729.66,Changed mind,2,2,1,0.5,0.686,0.051,rejected,0
RET004227,MERCH016,Apparel,152.84,144.19,Damaged/Defective,54,7,0,0.0,0.661,0.192,flagged_for_review,1
RET004228,MERCH005,Toys,254.54,218.51,Changed mind,14,7,3,0.43,0.667,0.0,rejected,0
RET004229,MERCH008,Toys,1235.91,1047.7,Wrong size,5,7,0,0.0,0.944,0.008,rejected,0
RET004230,MERCH028,Electronics,375.52,269.31,Changed mind,11,4,1,0.25,0.679,0.136,approved,0
RET004231,MERCH003,Toys,305.74,246.64,Better price found,8,4,1,0.25,0.711,0.046,approved,0
RET004232,MERCH009,Sports,3399.16,3077.37,Not as described,12,4,0,0.0,0.957,0.065,approved,0
RET004233,MERCH036,Beauty,1379.03,1141.52,Not as described,3,7,1,0.14,1.0,0.098,approved,0
RET004234,MERCH024,Apparel,2437.69,1885.27,Wrong size,31,7,0,0.0,0.691,0.039,approved,0
RET004235,MERCH022,Accessories,348.02,271.99,Better price found,1,6,3,0.5,0.546,0.127,approved,0
RET004236,MERCH026,Toys,955.25,823.54,Not as described,12,5,1,0.2,0.78,0.086,approved,0
RET004237,MERCH025,Apparel,634.67,621.79,Wrong item shipped,1,3,0,0.0,0.951,0.118,flagged_for_review,1
RET004238,MERCH013,Sports,296.0,224.28,Better price found,2,6,1,0.17,0.698,0.015,rejected,0
RET004239,MERCH028,Beauty,3141.33,2816.07,Wrong item shipped,11,4,1,0.25,0.947,0.021,approved,0
RET004240,MERCH004,Accessories,340.0,250.45,Changed mind,4,8,4,0.5,0.396,0.058,rejected,0
RET004241,MERCH022,Home & Kitchen,704.3,536.66,Changed mind,3,1,0,0.0,0.682,0.061,rejected,0
RET004242,MERCH028,Sports,260.0,197.21,Changed mind,13,4,0,0.0,0.65,0.048,rejected,0
RET004243,MERCH004,Home & Kitchen,2057.67,1994.45,Changed mind,6,6,1,0.17,0.496,0.103,rejected,0
RET004244,MERCH034,Apparel,2114.02,1919.53,Changed mind,7,3,2,0.67,0.642,0.39,approved,0
RET004245,MERCH035,Toys,371.06,265.91,Changed mind,4,3,0,0.0,0.28,0.082,approved,0
RET004246,MERCH006,Apparel,568.39,425.86,Wrong item shipped,8,3,1,0.33,1.0,0.079,approved,0
RET004247,MERCH015,Sports,572.47,523.37,Not as described,5,4,1,0.25,0.91,0.108,approved,0
RET004248,MERCH004,Apparel,1007.17,804.24,Quality issue,11,8,1,0.12,1.0,0.0,approved,0
RET004249,MERCH021,Beauty,450.3,345.95,Better price found,17,3,0,0.0,0.682,0.223,approved,0
RET004250,MERCH032,Books,261.77,253.7,Wrong size,1,6,2,0.33,0.839,0.02,approved,0
RET004251,MERCH001,Accessories,936.67,658.7,Wrong size,10,7,0,0.0,0.666,0.06,rejected,0
RET004252,MERCH030,Accessories,647.54,471.67,Better price found,12,2,1,0.5,0.356,0.105,rejected,1
RET004253,MERCH040,Beauty,364.21,274.27,Wrong item shipped,2,2,1,0.5,1.0,0.027,approved,0
RET004254,MERCH033,Electronics,54.59,42.08,Changed mind,8,4,0,0.0,0.486,0.028,rejected,0
RET004255,MERCH038,Sports,1471.96,1300.33,Damaged/Defective,43,5,0,0.0,0.874,0.0,rejected,0
RET004256,MERCH005,Toys,338.46,289.14,Quality issue,5,3,0,0.0,1.0,0.02,approved,0
RET004257,MERCH029,Electronics,379.65,282.31,Changed mind,19,5,0,0.0,0.666,0.029,rejected,0
RET004258,MERCH039,Toys,621.86,570.3,Wrong size,10,8,2,0.25,0.587,0.106,approved,0
RET004259,MERCH005,Beauty,1137.89,868.39,Quality issue,6,6,1,0.17,1.0,0.063,approved,0
RET004260,MERCH006,Footwear,530.2,500.67,Changed mind,3,4,2,0.5,0.653,0.0,rejected,0
RET004261,MERCH020,Toys,646.56,503.35,Better price found,3,6,0,0.0,0.553,0.045,approved,0
RET004262,MERCH037,Home & Kitchen,338.37,255.42,Wrong size,34,7,1,0.14,0.639,0.059,approved,0
RET004263,MERCH024,Toys,863.83,761.75,Changed mind,1,7,0,0.0,0.861,0.072,approved,0
RET004264,MERCH033,Apparel,553.35,416.06,Wrong item shipped,7,7,1,0.14,0.92,0.065,approved,0
RET004265,MERCH035,Toys,801.12,573.54,Changed mind,16,8,1,0.12,0.508,0.127,rejected,0
RET004266,MERCH038,Electronics,377.56,373.97,Changed mind,3,8,1,0.12,0.647,0.0,rejected,0
RET004267,MERCH017,Sports,692.38,655.72,Wrong item shipped,8,5,0,0.0,0.975,0.113,approved,0
RET004268,MERCH020,Books,2071.97,1503.01,Better price found,15,6,0,0.0,0.494,0.081,rejected,1
RET004269,MERCH015,Beauty,1159.2,882.46,Quality issue,7,5,0,0.0,0.947,0.062,approved,0
RET004270,MERCH019,Home & Kitchen,706.96,654.46,Wrong item shipped,2,4,0,0.0,0.874,0.092,approved,0
RET004271,MERCH029,Accessories,347.3,337.99,Quality issue,6,4,0,0.0,0.966,0.0,approved,0
RET004272,MERCH033,Sports,270.18,254.52,Wrong size,1,6,0,0.0,0.765,0.097,approved,0
RET004273,MERCH035,Home & Kitchen,1350.53,1316.9,Wrong size,25,4,1,0.25,0.477,0.124,flagged_for_review,1
RET004274,MERCH008,Sports,1963.77,1536.27,Quality issue,5,3,0,0.0,1.0,0.059,approved,0
RET004275,MERCH020,Books,131.09,114.2,Changed mind,4,5,2,0.4,0.419,0.007,rejected,0
RET004276,MERCH024,Books,1454.44,1237.21,Not as described,18,10,4,0.4,0.908,0.105,approved,0
RET004277,MERCH012,Electronics,866.17,846.27,Wrong size,14,8,1,0.12,0.764,0.031,rejected,0
RET004278,MERCH010,Books,515.99,450.36,Quality issue,22,2,0,0.0,0.851,0.054,approved,0
RET004279,MERCH001,Books,535.97,431.18,Not as described,14,6,0,0.0,0.781,0.072,rejected,0
RET004280,MERCH012,Toys,886.54,745.19,Changed mind,5,3,0,0.0,0.424,0.137,rejected,1
RET004281,MERCH036,Footwear,1054.99,959.53,Changed mind,6,3,0,0.0,0.874,0.0,approved,0
RET004282,MERCH023,Beauty,276.77,209.95,Wrong item shipped,12,4,1,0.25,1.0,0.087,approved,0
RET004283,MERCH008,Footwear,499.33,358.73,Not as described,6,5,0,0.0,0.798,0.03,rejected,0
RET004284,MERCH032,Books,350.91,285.56,Quality issue,6,8,2,0.25,0.893,0.081,rejected,0
RET004285,MERCH019,Books,4053.67,3408.62,Wrong size,12,3,0,0.0,0.558,0.033,approved,0
RET004286,MERCH008,Beauty,939.8,720.78,Wrong size,4,4,0,0.0,1.0,0.07,approved,0
RET004287,MERCH035,Footwear,343.33,281.25,Damaged/Defective,9,4,1,0.25,0.593,0.142,rejected,0
RET004288,MERCH040,Accessories,1026.21,883.48,Not as described,4,4,2,0.5,0.688,0.028,approved,0
RET004289,MERCH015,Apparel,2189.77,2164.92,Wrong size,14,4,0,0.0,0.792,0.049,approved,0
RET004290,MERCH024,Books,941.67,890.72,Changed mind,2,9,0,0.0,0.727,0.012,approved,0
RET004291,MERCH017,Home & Kitchen,540.98,426.41,Wrong size,10,2,0,0.0,0.841,0.056,approved,0
RET004292,MERCH028,Accessories,772.8,544.55,Wrong item shipped,30,6,2,0.33,0.98,0.087,approved,0
RET004293,MERCH013,Apparel,615.16,554.47,Wrong size,5,6,1,0.17,0.786,0.0,rejected,0
RET004294,MERCH010,Accessories,1069.89,1011.19,Late delivery,17,7,1,0.14,0.647,0.039,approved,0
RET004295,MERCH001,Toys,300.58,235.01,Quality issue,1,7,2,0.29,1.0,0.036,approved,0
RET004296,MERCH004,Footwear,812.06,708.62,Damaged/Defective,12,4,2,0.5,1.0,0.111,approved,0
RET004297,MERCH007,Home & Kitchen,1402.94,1103.59,Damaged/Defective,3,3,1,0.33,1.0,0.014,approved,0
RET004298,MERCH028,Electronics,8551.72,6515.39,Quality issue,17,4,0,0.0,0.999,0.0,approved,0
RET004299,MERCH028,Home & Kitchen,305.0,216.08,Changed mind,9,7,2,0.29,0.773,0.049,approved,0
RET004300,MERCH002,Books,1010.18,874.29,Changed mind,6,4,0,0.0,0.537,0.12,approved,0
RET004301,MERCH038,Home & Kitchen,1670.25,1326.51,Not as described,20,8,2,0.25,0.929,0.074,approved,0
RET004302,MERCH003,Books,777.15,721.57,Wrong size,11,5,1,0.2,0.909,0.011,approved,0
RET004303,MERCH028,Sports,597.3,587.39,Wrong size,1,4,0,0.0,0.781,0.102,approved,0
RET004304,MERCH004,Sports,2052.83,1980.33,Damaged/Defective,23,2,0,0.0,1.0,0.046,approved,0
RET004305,MERCH023,Beauty,1415.95,1336.52,Wrong item shipped,10,3,0,0.0,0.951,0.009,approved,0
RET004306,MERCH022,Toys,1845.19,1400.21,Damaged/Defective,1,7,0,0.0,0.835,0.07,approved,0
RET004307,MERCH022,Toys,1082.3,946.85,Not as described,4,7,3,0.43,0.751,0.056,approved,0
RET004308,MERCH040,Toys,1301.06,1189.99,Quality issue,5,3,1,0.33,0.992,0.113,approved,0
RET004309,MERCH017,Toys,544.71,433.24,Better price found,1,5,0,0.0,0.832,0.087,approved,0
RET004310,MERCH019,Beauty,1145.86,1055.08,Changed mind,1,3,0,0.0,0.57,0.061,rejected,0
RET004311,MERCH034,Toys,855.71,794.93,Wrong size,15,7,1,0.14,1.0,0.048,approved,0
RET004312,MERCH003,Apparel,1879.53,1630.68,Not as described,8,5,2,0.4,0.699,0.0,approved,0
RET004313,MERCH040,Apparel,1067.96,845.82,Damaged/Defective,2,3,0,0.0,1.0,0.07,approved,0
RET004314,MERCH020,Accessories,306.74,249.75,Changed mind,19,4,0,0.0,0.484,0.063,rejected,0
RET004315,MERCH014,Home & Kitchen,278.96,210.58,Not as described,6,4,0,0.0,0.662,0.035,approved,0
RET004316,MERCH002,Apparel,57.87,56.19,Quality issue,16,4,0,0.0,1.0,0.042,approved,0
RET004317,MERCH038,Apparel,666.5,575.18,Changed mind,41,7,0,0.0,0.513,0.074,approved,0
RET004318,MERCH030,Beauty,427.87,380.92,Not as described,38,3,0,0.0,0.31,0.072,rejected,0
RET004319,MERCH024,Footwear,378.75,327.84,Better price found,6,7,2,0.29,0.805,0.0,approved,0
RET004320,MERCH003,Accessories,928.04,839.43,Quality issue,2,3,0,0.0,1.0,0.09,approved,0
RET004321,MERCH005,Footwear,1274.69,898.37,Damaged/Defective,4,9,1,0.11,1.0,0.0,approved,0
RET004322,MERCH012,Toys,1770.14,1413.13,Changed mind,13,4,0,0.0,0.531,0.047,approved,0
RET004323,MERCH007,Sports,1976.9,1600.75,Quality issue,3,5,0,0.0,1.0,0.035,approved,0
RET004324,MERCH014,Apparel,596.23,467.93,Wrong item shipped,15,3,0,0.0,0.957,0.0,approved,0
RET004325,MERCH012,Home & Kitchen,710.14,528.68,Changed mind,4,5,0,0.0,0.613,0.12,approved,0
RET004326,MERCH034,Footwear,466.25,443.59,Wrong item shipped,6,7,1,0.14,1.0,0.041,approved,0
RET004327,MERCH020,Sports,1581.12,1234.19,Changed mind,5,7,3,0.43,0.437,0.0,rejected,0
RET004328,MERCH026,Electronics,2314.13,2285.1,Wrong size,4,7,1,0.14,0.877,0.057,approved,0
RET004329,MERCH004,Electronics,795.89,694.8,Better price found,18,5,1,0.2,0.652,0.02,approved,0
RET004330,MERCH007,Toys,223.99,202.86,Damaged/Defective,8,4,0,0.0,1.0,0.028,approved,0
RET004331,MERCH020,Sports,2429.21,2063.7,Wrong size,9,5,1,0.2,0.518,0.0,rejected,0
RET004332,MERCH009,Electronics,1908.22,1634.95,Better price found,4,7,1,0.14,0.691,0.081,rejected,1
RET004333,MERCH001,Accessories,316.28,307.8,Wrong item shipped,7,7,1,0.14,0.885,0.015,approved,0
RET004334,MERCH037,Beauty,2568.47,2491.6,Not as described,8,6,0,0.0,0.888,0.056,approved,0
RET004335,MERCH039,Beauty,471.88,466.35,Quality issue,3,7,1,0.14,0.994,0.04,approved,0
RET004336,MERCH021,Home & Kitchen,331.57,285.87,Wrong item shipped,30,5,1,0.2,1.0,0.0,approved,0
RET004337,MERCH027,Beauty,1029.89,786.72,Changed mind,25,6,0,0.0,0.753,0.039,approved,0
RET004338,MERCH007,Accessories,935.95,779.26,Changed mind,4,7,1,0.14,0.695,0.028,rejected,0
RET004339,MERCH036,Beauty,917.48,796.54,Wrong size,1,4,1,0.25,1.0,0.024,approved,0
RET004340,MERCH031,Home & Kitchen,2592.71,2121.79,Changed mind,6,6,0,0.0,0.489,0.042,flagged_for_review,1
RET004341,MERCH023,Accessories,1008.61,785.06,Damaged/Defective,11,8,1,0.12,1.0,0.04,approved,0
RET004342,MERCH025,Toys,324.72,296.56,Damaged/Defective,3,6,1,0.17,0.889,0.039,approved,0
RET004343,MERCH023,Footwear,292.59,210.07,Not as described,21,4,1,0.25,0.61,0.004,rejected,0
RET004344,MERCH017,Footwear,2267.57,2183.26,Wrong size,5,3,0,0.0,0.857,0.016,approved,0
RET004345,MERCH025,Books,298.75,273.38,Wrong size,2,5,0,0.0,0.705,0.098,rejected,0
RET004346,MERCH027,Footwear,417.01,299.47,Wrong size,35,6,2,0.33,0.671,0.055,approved,0
RET004347,MERCH008,Sports,145.06,110.36,Wrong item shipped,18,5,1,0.2,1.0,0.168,approved,0
RET004348,MERCH027,Apparel,2070.41,1542.88,Wrong item shipped,44,3,1,0.33,0.992,0.123,approved,0
RET004349,MERCH039,Apparel,1452.03,1203.54,Wrong size,5,4,0,0.0,0.655,0.036,approved,0
RET004350,MERCH004,Electronics,497.77,397.64,Wrong item shipped,35,4,1,0.25,0.578,0.001,approved,0
RET004351,MERCH013,Home & Kitchen,1252.24,1061.07,Wrong size,24,3,0,0.0,0.856,0.12,approved,0
RET004352,MERCH002,Toys,835.09,731.41,Damaged/Defective,8,4,0,0.0,0.935,0.009,approved,0
RET004353,MERCH029,Apparel,1049.52,1018.4,Wrong size,8,6,2,0.33,0.69,0.076,approved,0
RET004354,MERCH007,Books,993.58,862.53,Damaged/Defective,49,7,0,0.0,0.738,0.133,approved,0
RET004355,MERCH030,Sports,125.69,114.06,Wrong item shipped,5,2,0,0.0,0.694,0.068,approved,0
RET004356,MERCH029,Sports,250.28,204.71,Better price found,4,5,0,0.0,0.614,0.016,approved,0
RET004357,MERCH013,Toys,354.48,303.93,Wrong item shipped,16,5,2,0.4,1.0,0.055,approved,0
RET004358,MERCH011,Footwear,227.31,168.2,Changed mind,13,5,0,0.0,0.626,0.091,approved,0
RET004359,MERCH022,Apparel,1261.34,1172.55,Changed mind,1,7,0,0.0,0.44,0.082,rejected,0
RET004360,MERCH019,Home & Kitchen,2162.57,1623.04,Damaged/Defective,4,5,2,0.4,0.886,0.125,flagged_for_review,1
RET004361,MERCH003,Sports,1509.35,1150.22,Wrong size,13,6,1,0.17,0.841,0.083,approved,0
RET004362,MERCH002,Beauty,705.62,698.86,Quality issue,3,5,2,0.4,0.949,0.066,approved,0
RET004363,MERCH005,Beauty,326.68,266.67,Not as described,4,4,2,0.5,0.735,0.081,approved,0
RET004364,MERCH033,Beauty,936.7,755.84,Wrong item shipped,9,2,0,0.0,1.0,0.107,flagged_for_review,1
RET004365,MERCH024,Books,590.42,570.86,Changed mind,21,6,1,0.17,0.895,0.068,approved,0
RET004366,MERCH031,Toys,884.37,841.63,Changed mind,28,9,1,0.11,0.516,0.039,rejected,0
RET004367,MERCH014,Toys,532.15,405.75,Wrong item shipped,28,4,0,0.0,0.948,0.056,approved,0
RET004368,MERCH036,Electronics,1666.76,1590.1,Wrong size,23,4,0,0.0,0.792,0.0,approved,0
RET004369,MERCH039,Apparel,226.74,190.57,Wrong item shipped,8,2,0,0.0,0.931,0.046,approved,0
RET004370,MERCH031,Apparel,243.65,199.74,Changed mind,9,6,0,0.0,0.402,0.017,rejected,0
RET004371,MERCH001,Toys,622.97,443.83,Damaged/Defective,1,7,1,0.14,0.853,0.073,approved,0
RET004372,MERCH007,Home & Kitchen,1142.28,1139.42,Not as described,10,3,0,0.0,0.736,0.054,approved,0
RET004373,MERCH018,Books,3255.45,3120.38,Changed mind,3,6,1,0.17,0.824,0.061,approved,0
RET004374,MERCH012,Books,2102.69,1910.6,Damaged/Defective,2,4,0,0.0,0.891,0.005,approved,0
RET004375,MERCH030,Books,773.66,648.09,Wrong size,6,5,0,0.0,0.496,0.064,approved,0
RET004376,MERCH013,Toys,762.31,718.23,Better price found,8,4,0,0.0,0.599,0.0,rejected,0
RET004377,MERCH039,Home & Kitchen,126.66,89.08,Late delivery,12,7,0,0.0,0.647,0.109,approved,0
RET004378,MERCH019,Toys,460.9,370.43,Quality issue,6,6,3,0.5,0.939,0.072,approved,0
RET004379,MERCH009,Sports,437.5,406.9,Changed mind,9,3,1,0.33,0.67,0.0,approved,0
RET004380,MERCH011,Books,3918.34,2879.05,Changed mind,12,2,0,0.0,0.659,0.004,rejected,0
RET004381,MERCH027,Beauty,679.77,486.94,Changed mind,14,4,0,0.0,0.619,0.003,approved,0
RET004382,MERCH004,Beauty,531.89,467.43,Not as described,5,6,1,0.17,0.61,0.083,rejected,0
RET004383,MERCH010,Home & Kitchen,1101.52,1000.65,Not as described,1,4,1,0.25,0.638,0.001,rejected,0
RET004384,MERCH002,Footwear,679.45,601.38,Damaged/Defective,6,4,1,0.25,0.991,0.097,approved,0
RET004385,MERCH020,Home & Kitchen,200.82,179.43,Better price found,6,2,0,0.0,0.435,0.13,approved,0
RET004386,MERCH003,Apparel,1070.63,966.74,Quality issue,8,7,2,0.29,1.0,0.006,approved,0
RET004387,MERCH035,Footwear,562.91,466.59,Better price found,14,8,0,0.0,0.433,0.106,approved,0
RET004388,MERCH033,Beauty,1026.86,886.79,Damaged/Defective,23,5,2,0.4,0.929,0.033,approved,0
RET004389,MERCH018,Home & Kitchen,229.23,188.19,Not as described,4,5,0,0.0,0.685,0.0,approved,0
RET004390,MERCH016,Accessories,174.03,161.0,Not as described,58,2,0,0.0,0.445,0.184,rejected,0
RET004391,MERCH020,Apparel,2209.5,1574.49,Wrong size,3,3,0,0.0,0.566,0.064,rejected,0
RET004392,MERCH033,Electronics,774.22,667.01,Damaged/Defective,8,6,1,0.17,1.0,0.0,approved,0
RET004393,MERCH005,Footwear,1383.87,971.03,Not as described,27,5,3,0.6,0.564,0.0,approved,0
RET004394,MERCH025,Sports,1883.86,1872.29,Changed mind,13,6,1,0.17,0.372,0.067,rejected,0
RET004395,MERCH013,Footwear,1093.22,1089.41,Wrong size,6,4,1,0.25,0.769,0.069,approved,0
RET004396,MERCH017,Beauty,751.36,549.47,Wrong size,4,3,0,0.0,0.89,0.0,approved,0
RET004397,MERCH003,Electronics,1206.07,973.98,Not as described,12,5,2,0.4,0.777,0.117,approved,0
RET004398,MERCH001,Books,1110.49,1028.95,Changed mind,5,7,1,0.14,0.615,0.069,rejected,0
RET004399,MERCH038,Footwear,425.52,331.14,Changed mind,48,2,0,0.0,0.496,0.198,approved,0
RET004400,MERCH005,Home & Kitchen,131.18,120.34,Changed mind,7,9,3,0.33,0.69,0.012,rejected,0
RET004401,MERCH006,Footwear,954.15,750.76,Changed mind,6,7,0,0.0,0.655,0.032,approved,0
RET004402,MERCH024,Beauty,293.5,241.21,Wrong size,4,2,0,0.0,0.936,0.025,approved,0
RET004403,MERCH027,Apparel,516.56,509.05,Late delivery,51,8,2,0.25,0.549,0.107,approved,0
RET004404,MERCH030,Sports,335.36,251.52,Quality issue,9,5,2,0.4,0.758,0.046,approved,0
RET004405,MERCH011,Books,825.83,791.87,Better price found,18,4,0,0.0,0.517,0.032,approved,0
RET004406,MERCH010,Accessories,2537.31,2051.29,Damaged/Defective,2,5,0,0.0,0.804,0.017,approved,0
RET004407,MERCH039,Sports,377.37,280.78,Better price found,26,9,1,0.11,0.496,0.032,rejected,0
RET004408,MERCH009,Toys,555.16,533.65,Not as described,1,4,1,0.25,0.942,0.094,approved,0
RET004409,MERCH022,Home & Kitchen,531.71,463.81,Wrong size,21,3,0,0.0,0.669,0.115,rejected,1
RET004410,MERCH033,Apparel,457.08,451.1,Wrong item shipped,32,8,0,0.0,0.728,0.065,approved,0
RET004411,MERCH031,Electronics,321.51,276.66,Wrong size,2,6,0,0.0,0.67,0.068,approved,0
RET004412,MERCH027,Toys,292.72,255.0,Changed mind,8,5,1,0.2,0.646,0.084,approved,0
RET004413,MERCH015,Accessories,424.07,356.17,Wrong item shipped,5,9,2,0.22,1.0,0.091,approved,0
RET004414,MERCH002,Beauty,338.18,244.67,Late delivery,3,4,1,0.25,0.737,0.113,approved,0
RET004415,MERCH018,Beauty,567.56,421.54,Not as described,10,6,0,0.0,1.0,0.06,approved,0
RET004416,MERCH036,Apparel,1187.75,970.72,Wrong size,45,1,1,1.0,0.586,0.343,flagged_for_review,1
RET004417,MERCH006,Sports,775.99,723.13,Not as described,1,3,0,0.0,0.856,0.083,approved,0
RET004418,MERCH002,Home & Kitchen,1202.62,1013.3,Not as described,12,3,0,0.0,0.894,0.014,approved,0
RET004419,MERCH038,Books,927.96,691.39,Changed mind,6,5,1,0.2,0.76,0.037,approved,0
RET004420,MERCH015,Beauty,1251.6,1220.56,Changed mind,2,4,0,0.0,0.72,0.051,rejected,0
RET004421,MERCH008,Beauty,1475.46,1079.58,Changed mind,13,5,0,0.0,0.914,0.008,rejected,0
RET004422,MERCH024,Home & Kitchen,552.35,419.73,Damaged/Defective,5,4,0,0.0,1.0,0.005,approved,0
RET004423,MERCH015,Home & Kitchen,1098.49,887.73,Damaged/Defective,1,6,1,0.17,1.0,0.083,approved,0
RET004424,MERCH029,Footwear,974.52,750.96,Damaged/Defective,16,7,0,0.0,1.0,0.001,approved,0
RET004425,MERCH040,Sports,273.26,272.07,Wrong size,16,7,0,0.0,0.87,0.0,approved,0
RET004426,MERCH030,Accessories,531.98,394.35,Wrong size,2,3,1,0.33,0.485,0.034,approved,0
RET004427,MERCH012,Books,1204.5,921.47,Damaged/Defective,8,8,2,0.25,0.924,0.007,approved,0
RET004428,MERCH029,Toys,1892.27,1860.14,Wrong size,6,3,0,0.0,0.781,0.0,approved,0
RET004429,MERCH025,Sports,495.89,462.25,Late delivery,9,5,2,0.4,0.474,0.062,approved,0
RET004430,MERCH012,Beauty,422.01,306.9,Wrong size,10,6,2,0.33,0.623,0.13,approved,0
RET004431,MERCH031,Electronics,450.16,345.06,Wrong size,38,5,0,0.0,0.433,0.05,rejected,0
RET004432,MERCH003,Beauty,2133.25,1512.2,Damaged/Defective,14,5,0,0.0,1.0,0.068,approved,0
RET004433,MERCH031,Electronics,370.31,337.65,Damaged/Defective,8,5,2,0.4,0.969,0.058,approved,0
RET004434,MERCH008,Electronics,218.22,161.53,Wrong size,3,4,1,0.25,0.863,0.0,approved,0
RET004435,MERCH023,Books,2658.23,2484.27,Changed mind,23,7,0,0.0,0.543,0.058,rejected,0
RET004436,MERCH036,Footwear,2193.16,2079.22,Wrong size,17,6,0,0.0,1.0,0.078,approved,0
RET004437,MERCH001,Sports,3274.29,2441.37,Wrong size,22,6,2,0.33,0.722,0.044,approved,0
RET004438,MERCH039,Footwear,561.5,527.83,Changed mind,1,5,2,0.4,0.526,0.147,rejected,0
RET004439,MERCH006,Toys,565.76,424.8,Better price found,27,4,1,0.25,0.794,0.05,approved,0
RET004440,MERCH015,Apparel,372.11,346.15,Better price found,1,4,0,0.0,0.758,0.0,approved,0
RET004441,MERCH006,Sports,281.31,246.53,Changed mind,1,5,1,0.2,0.693,0.004,rejected,0
RET004442,MERCH007,Accessories,243.11,187.53,Better price found,22,5,1,0.2,0.623,0.062,approved,0
RET004443,MERCH038,Books,390.79,293.97,Damaged/Defective,1,3,1,0.33,1.0,0.0,approved,0
RET004444,MERCH037,Electronics,372.02,353.46,Changed mind,4,7,1,0.14,0.588,0.082,approved,0
RET004445,MERCH034,Apparel,1245.08,1109.88,Damaged/Defective,13,2,1,0.5,1.0,0.117,approved,0
RET004446,MERCH014,Footwear,288.92,265.91,Wrong size,9,11,1,0.09,0.486,0.06,approved,0
RET004447,MERCH021,Apparel,280.94,208.92,Damaged/Defective,12,7,1,0.14,1.0,0.037,approved,0
RET004448,MERCH013,Accessories,2092.58,2035.49,Changed mind,4,9,0,0.0,0.568,0.024,rejected,0
RET004449,MERCH038,Accessories,174.98,124.39,Wrong item shipped,2,6,0,0.0,0.984,0.092,approved,0
RET004450,MERCH022,Apparel,1118.67,871.95,Damaged/Defective,11,4,0,0.0,1.0,0.024,approved,0
RET004451,MERCH026,Toys,1488.43,1055.19,Damaged/Defective,18,4,1,0.25,1.0,0.0,approved,0
RET004452,MERCH022,Toys,1676.63,1502.14,Changed mind,1,3,1,0.33,0.65,0.093,approved,0
RET004453,MERCH009,Sports,906.91,769.53,Damaged/Defective,11,3,0,0.0,0.943,0.089,flagged_for_review,1
RET004454,MERCH032,Footwear,467.6,439.03,Wrong item shipped,10,3,0,0.0,0.971,0.127,approved,0
RET004455,MERCH032,Toys,445.78,391.72,Damaged/Defective,10,3,1,0.33,0.95,0.065,approved,0
RET004456,MERCH012,Home & Kitchen,731.91,708.42,Better price found,12,3,0,0.0,0.494,0.0,rejected,0
RET004457,MERCH023,Beauty,923.36,733.74,Damaged/Defective,15,4,0,0.0,0.976,0.113,approved,0
RET004458,MERCH003,Apparel,524.63,485.56,Late delivery,3,4,0,0.0,0.835,0.073,approved,0
RET004459,MERCH001,Toys,1108.51,790.37,Better price found,12,4,1,0.25,0.58,0.057,approved,0
RET004460,MERCH006,Footwear,162.2,123.64,Wrong size,2,5,0,0.0,0.827,0.044,flagged_for_review,1
RET004461,MERCH002,Books,829.07,676.77,Better price found,2,6,1,0.17,0.707,0.016,approved,0
RET004462,MERCH023,Footwear,388.81,379.5,Changed mind,8,4,2,0.5,0.577,0.046,rejected,0
RET004463,MERCH040,Footwear,618.49,434.61,Wrong size,16,3,0,0.0,1.0,0.112,approved,0
RET004464,MERCH030,Electronics,1997.27,1512.38,Better price found,7,5,2,0.4,0.451,0.054,approved,0
RET004465,MERCH029,Sports,683.69,603.51,Wrong size,5,3,0,0.0,0.675,0.0,approved,0
RET004466,MERCH011,Electronics,984.4,783.2,Damaged/Defective,2,5,0,0.0,1.0,0.085,approved,0
RET004467,MERCH029,Electronics,1763.65,1438.64,Not as described,17,4,1,0.25,0.723,0.039,approved,0
RET004468,MERCH020,Apparel,2750.73,2181.05,Quality issue,6,2,1,0.5,0.929,0.043,approved,0
RET004469,MERCH026,Sports,171.45,133.92,Wrong size,1,2,1,0.5,0.914,0.095,approved,0
RET004470,MERCH039,Sports,704.24,608.54,Damaged/Defective,17,5,0,0.0,0.783,0.009,approved,0
RET004471,MERCH031,Books,914.37,823.3,Quality issue,25,5,0,0.0,0.806,0.017,approved,0
RET004472,MERCH023,Toys,619.26,520.48,Damaged/Defective,12,6,3,0.5,0.997,0.198,flagged_for_review,1
RET004473,MERCH013,Beauty,1198.55,861.1,Wrong size,1,3,0,0.0,0.805,0.074,approved,0
RET004474,MERCH021,Sports,348.84,262.98,Changed mind,31,6,0,0.0,0.577,0.078,rejected,0
RET004475,MERCH035,Apparel,2399.64,2196.27,Changed mind,1,5,0,0.0,0.348,0.01,rejected,0
RET004476,MERCH032,Footwear,511.95,368.56,Wrong item shipped,1,4,0,0.0,0.833,0.106,approved,0
RET004477,MERCH040,Home & Kitchen,1257.15,1197.45,Better price found,4,7,1,0.14,0.706,0.049,approved,0
RET004478,MERCH023,Toys,510.19,481.39,Not as described,6,2,0,0.0,0.714,0.025,rejected,0
RET004479,MERCH001,Electronics,271.35,230.04,Quality issue,6,4,1,0.25,1.0,0.0,approved,0
RET004480,MERCH002,Electronics,1047.43,785.11,Wrong size,1,3,0,0.0,0.78,0.005,approved,0
RET004481,MERCH033,Electronics,538.64,507.56,Not as described,4,2,0,0.0,0.841,0.078,approved,0
RET004482,MERCH012,Sports,1200.09,1002.15,Wrong size,5,3,1,0.33,0.844,0.0,approved,0
RET004483,MERCH039,Electronics,311.15,256.24,Changed mind,6,6,1,0.17,0.368,0.002,rejected,0
RET004484,MERCH037,Electronics,597.59,433.52,Changed mind,20,3,0,0.0,0.641,0.11,rejected,0
RET004485,MERCH037,Beauty,657.97,490.55,Wrong size,2,3,0,0.0,0.775,0.113,rejected,0
RET004486,MERCH027,Accessories,636.62,562.53,Wrong size,1,7,0,0.0,0.828,0.042,approved,0
RET004487,MERCH040,Home & Kitchen,1140.28,895.12,Wrong size,14,5,0,0.0,1.0,0.0,approved,0
RET004488,MERCH036,Footwear,876.87,649.69,Not as described,15,5,2,0.4,0.861,0.054,approved,0
RET004489,MERCH018,Electronics,655.65,593.92,Wrong item shipped,1,5,1,0.2,1.0,0.022,approved,0
RET004490,MERCH006,Electronics,433.86,423.12,Damaged/Defective,7,2,0,0.0,1.0,0.123,approved,0
RET004491,MERCH016,Apparel,362.21,334.73,Wrong size,34,6,0,0.0,0.243,0.078,rejected,0
RET004492,MERCH017,Toys,903.48,873.14,Wrong item shipped,23,5,1,0.2,1.0,0.017,approved,0
RET004493,MERCH034,Accessories,2668.43,2511.48,Late delivery,3,5,0,0.0,0.933,0.011,approved,0
RET004494,MERCH018,Accessories,119.62,115.2,Late delivery,19,3,0,0.0,0.865,0.092,approved,0
RET004495,MERCH030,Footwear,1692.67,1612.89,Better price found,6,3,0,0.0,0.484,0.0,rejected,0
RET004496,MERCH007,Electronics,319.54,268.0,Not as described,2,1,0,0.0,0.788,0.155,approved,0
RET004497,MERCH015,Books,118.13,83.04,Wrong size,9,7,1,0.14,0.965,0.034,approved,0
RET004498,MERCH025,Accessories,1083.95,973.14,Late delivery,6,4,1,0.25,0.647,0.114,rejected,0
RET004499,MERCH032,Footwear,1096.51,926.95,Damaged/Defective,1,8,1,0.12,0.872,0.019,approved,0
RET004500,MERCH016,Electronics,158.09,147.41,Wrong item shipped,6,7,1,0.14,0.685,0.023,approved,0
RET004501,MERCH007,Toys,979.03,713.42,Better price found,1,7,1,0.14,0.537,0.045,rejected,0
RET004502,MERCH005,Toys,1383.43,1163.53,Better price found,25,4,0,0.0,0.751,0.07,approved,0
RET004503,MERCH002,Beauty,1165.61,1086.32,Changed mind,1,4,0,0.0,0.706,0.144,approved,0
RET004504,MERCH019,Accessories,678.31,501.89,Wrong size,11,5,1,0.2,0.762,0.1,rejected,1
RET004505,MERCH030,Books,1577.5,1545.97,Better price found,6,5,0,0.0,0.325,0.043,approved,0
RET004506,MERCH007,Sports,401.14,386.87,Wrong size,8,8,0,0.0,0.699,0.0,rejected,0
RET004507,MERCH010,Accessories,626.35,529.08,Changed mind,13,6,1,0.17,0.392,0.079,rejected,1
RET004508,MERCH010,Beauty,3836.78,3604.06,Better price found,6,2,0,0.0,0.461,0.038,rejected,0
RET004509,MERCH030,Sports,589.29,429.62,Wrong size,4,7,0,0.0,0.65,0.007,approved,0
RET004510,MERCH001,Toys,442.43,408.0,Wrong item shipped,28,6,2,0.33,1.0,0.0,approved,0
RET004511,MERCH001,Books,2072.95,1863.11,Wrong item shipped,10,6,0,0.0,1.0,0.0,approved,0
RET004512,MERCH016,Books,717.52,707.92,Changed mind,2,6,0,0.0,0.395,0.07,rejected,0
RET004513,MERCH040,Accessories,2793.44,2564.53,Wrong size,17,3,1,0.33,0.902,0.104,approved,0
RET004514,MERCH006,Beauty,930.4,834.95,Wrong size,6,2,0,0.0,0.951,0.118,approved,0
RET004515,MERCH040,Footwear,1163.19,1062.81,Wrong item shipped,2,5,1,0.2,0.981,0.046,approved,0
RET004516,MERCH009,Apparel,744.05,741.12,Late delivery,8,7,1,0.14,0.836,0.026,flagged_for_review,1
RET004517,MERCH035,Toys,375.32,315.62,Not as described,1,8,0,0.0,0.52,0.011,approved,0
RET004518,MERCH027,Footwear,955.36,788.21,Wrong size,25,6,1,0.17,0.896,0.0,approved,0
RET004519,MERCH029,Toys,601.61,467.77,Wrong size,6,7,1,0.14,0.574,0.01,flagged_for_review,1
RET004520,MERCH023,Apparel,451.69,414.01,Wrong size,3,6,2,0.33,0.821,0.0,approved,0
RET004521,MERCH036,Beauty,630.95,608.01,Wrong item shipped,14,2,1,0.5,1.0,0.023,approved,0
RET004522,MERCH036,Apparel,1097.24,1004.68,Quality issue,3,4,2,0.5,1.0,0.03,approved,0
RET004523,MERCH017,Accessories,5104.91,5083.93,Wrong size,4,4,1,0.25,0.846,0.07,approved,0
RET004524,MERCH027,Apparel,1081.09,792.71,Better price found,3,3,0,0.0,0.71,0.065,rejected,0
RET004525,MERCH035,Apparel,328.46,269.62,Better price found,3,2,0,0.0,0.376,0.104,rejected,0
RET004526,MERCH029,Apparel,211.35,182.56,Changed mind,2,5,0,0.0,0.464,0.027,rejected,0
RET004527,MERCH002,Home & Kitchen,542.2,384.14,Wrong item shipped,6,5,1,0.2,1.0,0.068,approved,0
RET004528,MERCH001,Footwear,197.28,175.36,Changed mind,3,3,0,0.0,0.548,0.046,approved,0
RET004529,MERCH024,Apparel,283.18,251.58,Late delivery,4,1,0,0.0,0.812,0.111,approved,0
RET004530,MERCH013,Apparel,554.69,392.39,Quality issue,5,6,0,0.0,1.0,0.0,approved,0
RET004531,MERCH005,Books,398.99,301.67,Wrong size,4,4,1,0.25,1.0,0.045,approved,0
RET004532,MERCH001,Accessories,4337.1,4171.43,Wrong size,1,6,3,0.5,0.782,0.023,approved,0
RET004533,MERCH030,Home & Kitchen,1579.76,1318.77,Wrong size,11,4,1,0.25,0.7,0.0,approved,0
RET004534,MERCH021,Beauty,477.78,438.15,Damaged/Defective,1,7,1,0.14,1.0,0.073,approved,0
RET004535,MERCH011,Beauty,1619.6,1276.65,Wrong size,2,2,1,0.5,0.968,0.06,approved,0
RET004536,MERCH010,Footwear,655.63,639.65,Changed mind,3,4,2,0.5,0.343,0.047,rejected,0
RET004537,MERCH009,Electronics,338.64,281.91,Changed mind,1,6,1,0.17,0.703,0.061,approved,0
RET004538,MERCH003,Accessories,139.08,130.71,Changed mind,2,2,0,0.0,0.615,0.036,rejected,0
RET004539,MERCH002,Home & Kitchen,3172.67,2472.06,Quality issue,4,4,2,0.5,1.0,0.015,approved,0
RET004540,MERCH016,Accessories,1332.4,945.82,Changed mind,1,5,1,0.2,0.544,0.089,rejected,0
RET004541,MERCH005,Electronics,1572.57,1280.4,Changed mind,2,4,0,0.0,0.695,0.049,approved,0
RET004542,MERCH028,Electronics,572.58,517.75,Wrong size,7,3,1,0.33,0.77,0.019,flagged_for_review,1
RET004543,MERCH016,Accessories,320.92,270.71,Changed mind,2,6,1,0.17,0.47,0.057,rejected,0
RET004544,MERCH010,Footwear,813.83,775.79,Wrong item shipped,2,2,1,0.5,0.86,0.0,approved,0
RET004545,MERCH006,Electronics,202.53,201.42,Changed mind,2,6,1,0.17,0.827,0.007,approved,0
RET004546,MERCH006,Apparel,875.31,728.11,Wrong size,8,2,0,0.0,0.701,0.129,rejected,0
RET004547,MERCH024,Apparel,1555.87,1161.83,Wrong size,29,4,1,0.25,0.983,0.0,approved,0
RET004548,MERCH040,Electronics,604.78,467.2,Wrong item shipped,5,6,1,0.17,1.0,0.0,approved,0
RET004549,MERCH027,Footwear,1497.68,1211.6,Better price found,3,5,1,0.2,0.693,0.0,approved,0
RET004550,MERCH021,Footwear,1473.49,1257.15,Not as described,19,4,0,0.0,0.813,0.045,approved,0
RET004551,MERCH020,Sports,91.46,81.1,Damaged/Defective,28,4,1,0.25,0.833,0.184,rejected,1
RET004552,MERCH023,Electronics,359.76,349.32,Changed mind,28,7,1,0.14,0.471,0.045,rejected,0
RET004553,MERCH003,Toys,892.11,772.29,Late delivery,11,5,1,0.2,0.864,0.04,approved,0
RET004554,MERCH023,Books,1211.98,935.21,Not as described,16,7,2,0.29,0.692,0.07,approved,0
RET004555,MERCH017,Accessories,1176.17,1095.43,Late delivery,23,11,5,0.45,0.871,0.019,approved,0
RET004556,MERCH012,Sports,93.71,82.7,Better price found,3,4,1,0.25,0.47,0.134,approved,0
RET004557,MERCH010,Electronics,87.53,87.51,Wrong size,16,9,1,0.11,0.636,0.032,rejected,0
RET004558,MERCH004,Home & Kitchen,543.9,528.3,Changed mind,25,4,0,0.0,0.664,0.072,approved,0
RET004559,MERCH014,Home & Kitchen,975.89,912.2,Late delivery,21,6,0,0.0,0.843,0.066,rejected,1
RET004560,MERCH014,Home & Kitchen,1410.45,1180.5,Late delivery,15,4,0,0.0,0.758,0.075,approved,0
RET004561,MERCH029,Beauty,1896.6,1652.26,Damaged/Defective,3,5,0,0.0,0.828,0.073,rejected,0
RET004562,MERCH026,Toys,110.23,101.39,Late delivery,5,3,0,0.0,0.779,0.1,approved,0
RET004563,MERCH019,Footwear,629.52,573.81,Damaged/Defective,18,4,0,0.0,0.949,0.057,approved,0
RET004564,MERCH020,Footwear,345.33,313.15,Damaged/Defective,7,9,1,0.11,0.968,0.037,approved,0
RET004565,MERCH038,Toys,587.78,462.83,Damaged/Defective,7,4,0,0.0,1.0,0.087,approved,0
RET004566,MERCH001,Toys,5232.18,4986.23,Wrong size,2,7,2,0.29,0.781,0.027,approved,0
RET004567,MERCH008,Home & Kitchen,1369.59,1079.18,Changed mind,6,3,0,0.0,0.669,0.115,approved,0
RET004568,MERCH014,Electronics,667.68,495.13,Wrong item shipped,12,2,0,0.0,0.946,0.0,approved,0
RET004569,MERCH018,Books,1600.67,1461.67,Changed mind,9,6,2,0.33,0.807,0.057,approved,0
RET004570,MERCH013,Footwear,856.81,854.86,Quality issue,7,6,2,0.33,0.929,0.0,approved,0
RET004571,MERCH037,Accessories,145.97,122.04,Changed mind,6,4,0,0.0,0.638,0.153,approved,0
RET004572,MERCH011,Apparel,145.52,130.48,Changed mind,2,5,1,0.2,0.575,0.152,rejected,0
RET004573,MERCH023,Apparel,289.66,212.0,Damaged/Defective,9,4,1,0.25,0.946,0.154,approved,0
RET004574,MERCH023,Sports,368.22,338.3,Wrong size,2,4,0,0.0,0.699,0.0,approved,0
RET004575,MERCH001,Beauty,302.38,265.93,Better price found,7,6,1,0.17,0.53,0.093,approved,0
RET004576,MERCH014,Toys,614.28,579.36,Not as described,1,5,0,0.0,0.736,0.013,rejected,0
RET004577,MERCH040,Footwear,1402.1,1190.34,Better price found,19,7,1,0.14,0.714,0.026,approved,0
RET004578,MERCH010,Apparel,191.67,186.64,Late delivery,1,4,1,0.25,0.833,0.027,approved,0
RET004579,MERCH040,Footwear,1292.3,1283.48,Late delivery,3,3,1,0.33,0.824,0.013,approved,0
RET004580,MERCH031,Footwear,510.93,484.65,Better price found,41,7,1,0.14,0.373,0.065,rejected,0
RET004581,MERCH024,Sports,1066.34,755.92,Damaged/Defective,10,1,0,0.0,1.0,0.048,approved,0
RET004582,MERCH020,Toys,822.24,715.58,Changed mind,2,4,0,0.0,0.454,0.039,approved,0
RET004583,MERCH028,Books,832.92,796.13,Changed mind,6,7,1,0.14,0.619,0.093,approved,0
RET004584,MERCH026,Apparel,653.4,537.71,Damaged/Defective,12,8,0,0.0,1.0,0.044,approved,0
RET004585,MERCH030,Footwear,923.51,870.65,Wrong item shipped,7,4,1,0.25,0.812,0.08,rejected,1
RET004586,MERCH020,Accessories,432.82,416.99,Damaged/Defective,6,8,1,0.12,0.956,0.046,approved,0
RET004587,MERCH001,Sports,792.04,784.57,Damaged/Defective,8,6,1,0.17,0.832,0.05,approved,0
RET004588,MERCH040,Toys,606.54,507.09,Changed mind,12,5,0,0.0,0.784,0.109,approved,0
RET004589,MERCH008,Toys,1705.16,1450.62,Changed mind,17,4,0,0.0,0.718,0.045,approved,0
RET004590,MERCH023,Footwear,963.08,888.21,Late delivery,20,5,0,0.0,0.696,0.119,approved,0
RET004591,MERCH014,Apparel,389.95,371.36,Changed mind,6,3,1,0.33,0.599,0.0,approved,0
RET004592,MERCH034,Apparel,2452.13,1814.64,Changed mind,24,5,1,0.2,0.749,0.082,approved,0
RET004593,MERCH031,Home & Kitchen,1406.94,1030.42,Changed mind,22,8,0,0.0,0.469,0.127,rejected,0
RET004594,MERCH017,Electronics,390.03,291.29,Damaged/Defective,3,8,0,0.0,1.0,0.014,approved,0
RET004595,MERCH015,Home & Kitchen,1247.56,1054.74,Damaged/Defective,15,4,0,0.0,1.0,0.074,flagged_for_review,1
RET004596,MERCH018,Electronics,1324.0,1176.6,Changed mind,5,7,1,0.14,0.769,0.059,approved,0
RET004597,MERCH016,Beauty,973.93,785.08,Changed mind,34,5,0,0.0,0.16,0.087,rejected,0
RET004598,MERCH032,Beauty,154.18,151.36,Wrong size,17,2,0,0.0,0.742,0.017,approved,0
RET004599,MERCH019,Sports,1007.16,728.77,Not as described,1,9,0,0.0,0.752,0.005,approved,0
RET004600,MERCH013,Sports,750.48,662.66,Wrong item shipped,7,4,1,0.25,0.935,0.09,approved,0
RET004601,MERCH020,Home & Kitchen,250.53,249.12,Wrong size,10,6,0,0.0,0.661,0.038,rejected,0
RET004602,MERCH008,Home & Kitchen,434.36,354.4,Changed mind,20,2,0,0.0,0.949,0.069,approved,0
RET004603,MERCH009,Beauty,2591.03,1981.92,Damaged/Defective,11,2,0,0.0,1.0,0.083,approved,0
RET004604,MERCH001,Electronics,713.26,646.03,Changed mind,11,4,0,0.0,0.516,0.078,flagged_for_review,1
RET004605,MERCH035,Beauty,368.6,333.99,Changed mind,4,2,0,0.0,0.329,0.037,approved,0
RET004606,MERCH002,Home & Kitchen,148.77,132.37,Wrong size,34,8,2,0.25,0.586,0.003,approved,0
RET004607,MERCH028,Books,1467.78,1429.85,Not as described,25,2,0,0.0,0.646,0.079,rejected,0
RET004608,MERCH009,Accessories,448.08,335.22,Not as described,5,4,0,0.0,0.743,0.065,rejected,0
RET004609,MERCH032,Books,988.46,764.34,Quality issue,9,2,0,0.0,0.875,0.013,approved,0
RET004610,MERCH009,Sports,345.9,331.32,Changed mind,5,6,1,0.17,0.658,0.07,rejected,0
RET004611,MERCH003,Apparel,467.86,453.82,Quality issue,24,9,2,0.22,1.0,0.0,approved,0
RET004612,MERCH016,Beauty,641.25,580.65,Better price found,9,3,2,0.67,0.204,0.4,rejected,0
RET004613,MERCH034,Accessories,752.58,609.64,Damaged/Defective,8,6,1,0.17,1.0,0.109,approved,0
RET004614,MERCH017,Books,1171.73,1065.32,Not as described,2,6,1,0.17,0.732,0.015,approved,0
RET004615,MERCH023,Apparel,2617.4,2424.3,Quality issue,1,3,0,0.0,0.763,0.041,approved,0
RET004616,MERCH010,Home & Kitchen,321.9,301.67,Changed mind,4,11,0,0.0,0.352,0.102,rejected,0
RET004617,MERCH032,Apparel,4236.15,4013.83,Better price found,12,4,0,0.0,0.48,0.0,rejected,0
RET004618,MERCH019,Accessories,519.85,504.58,Late delivery,2,5,0,0.0,0.59,0.033,rejected,0
RET004619,MERCH003,Footwear,7674.53,5674.72,Wrong size,13,4,0,0.0,0.883,0.029,approved,0
RET004620,MERCH018,Footwear,2202.75,1685.91,Changed mind,3,6,0,0.0,0.857,0.015,approved,0
RET004621,MERCH032,Home & Kitchen,260.43,248.35,Damaged/Defective,33,4,1,0.25,0.753,0.077,rejected,0
RET004622,MERCH028,Apparel,247.13,210.5,Damaged/Defective,11,2,0,0.0,1.0,0.0,approved,0
RET004623,MERCH021,Accessories,1196.41,904.83,Quality issue,3,7,1,0.14,1.0,0.059,approved,0
RET004624,MERCH040,Sports,266.46,235.38,Wrong item shipped,8,5,2,0.4,1.0,0.146,approved,0
RET004625,MERCH025,Accessories,596.45,420.48,Wrong item shipped,7,9,1,0.11,0.923,0.021,approved,0
RET004626,MERCH007,Beauty,2473.8,2191.02,Not as described,19,6,1,0.17,0.706,0.062,approved,0
RET004627,MERCH037,Apparel,574.41,518.52,Damaged/Defective,3,5,0,0.0,1.0,0.06,approved,0
RET004628,MERCH027,Home & Kitchen,1318.57,991.22,Late delivery,5,7,0,0.0,0.774,0.035,approved,0
RET004629,MERCH012,Footwear,1246.02,894.63,Late delivery,1,3,0,0.0,0.708,0.117,approved,0
RET004630,MERCH035,Home & Kitchen,2938.06,2853.03,Not as described,1,6,0,0.0,0.482,0.023,rejected,0
RET004631,MERCH006,Home & Kitchen,1601.81,1183.59,Changed mind,2,1,0,0.0,0.87,0.046,approved,0
RET004632,MERCH016,Electronics,823.04,779.15,Late delivery,3,5,1,0.2,0.324,0.097,rejected,0
RET004633,MERCH030,Electronics,2609.55,2398.1,Changed mind,23,7,1,0.14,0.339,0.046,rejected,0
RET004634,MERCH005,Apparel,462.04,454.09,Not as described,37,8,1,0.12,0.685,0.017,approved,0
RET004635,MERCH032,Home & Kitchen,1103.81,1015.77,Late delivery,44,6,1,0.17,0.335,0.0,rejected,0
RET004636,MERCH036,Accessories,426.28,333.88,Better price found,5,7,2,0.29,0.752,0.035,approved,0
RET004637,MERCH025,Toys,212.79,195.61,Quality issue,21,4,1,0.25,0.933,0.02,approved,0
RET004638,MERCH037,Books,337.83,326.0,Wrong size,13,6,2,0.33,0.737,0.009,approved,0
RET004639,MERCH019,Footwear,826.77,650.3,Not as described,5,3,0,0.0,0.727,0.0,approved,0
RET004640,MERCH004,Accessories,1992.19,1588.32,Wrong size,3,4,2,0.5,0.7,0.041,rejected,0
RET004641,MERCH028,Footwear,1224.06,1153.18,Wrong size,24,4,0,0.0,0.821,0.036,approved,0
RET004642,MERCH015,Footwear,856.48,759.99,Changed mind,10,5,0,0.0,0.599,0.0,approved,0
RET004643,MERCH015,Accessories,605.69,565.95,Changed mind,2,8,0,0.0,0.722,0.007,approved,0
RET004644,MERCH018,Books,1011.32,966.25,Quality issue,12,6,1,0.17,1.0,0.001,approved,0
RET004645,MERCH037,Beauty,454.49,318.34,Damaged/Defective,7,5,0,0.0,1.0,0.105,approved,0
RET004646,MERCH004,Electronics,776.57,622.21,Damaged/Defective,9,4,0,0.0,1.0,0.028,approved,0
RET004647,MERCH015,Electronics,1233.69,904.69,Damaged/Defective,13,6,0,0.0,1.0,0.076,approved,0
RET004648,MERCH024,Footwear,228.48,215.39,Not as described,9,4,1,0.25,0.774,0.058,approved,0
RET004649,MERCH006,Apparel,588.51,453.74,Better price found,1,1,1,1.0,0.693,0.325,rejected,1
RET004650,MERCH009,Electronics,376.57,316.96,Damaged/Defective,16,4,1,0.25,1.0,0.032,approved,0
RET004651,MERCH018,Electronics,4492.87,3615.69,Wrong size,2,5,0,0.0,1.0,0.125,approved,0
RET004652,MERCH008,Apparel,426.02,360.29,Better price found,1,5,1,0.2,0.76,0.108,approved,0
RET004653,MERCH018,Footwear,316.26,252.32,Wrong size,20,4,0,0.0,0.843,0.054,approved,0
RET004654,MERCH040,Accessories,1653.03,1363.27,Wrong size,36,3,0,0.0,0.633,0.074,approved,0
RET004655,MERCH017,Home & Kitchen,200.15,142.79,Damaged/Defective,6,7,1,0.14,1.0,0.044,approved,0
RET004656,MERCH031,Footwear,230.53,229.11,Quality issue,13,4,1,0.25,1.0,0.038,flagged_for_review,1
RET004657,MERCH008,Apparel,485.17,343.22,Wrong size,2,6,1,0.17,0.928,0.041,approved,0
RET004658,MERCH036,Apparel,383.74,271.4,Wrong size,6,5,0,0.0,0.928,0.041,approved,0
RET004659,MERCH032,Books,394.34,315.49,Changed mind,7,6,1,0.17,0.492,0.067,approved,0
RET004660,MERCH025,Footwear,407.95,366.92,Wrong item shipped,3,3,0,0.0,0.741,0.0,approved,0
RET004661,MERCH023,Accessories,657.04,598.55,Quality issue,4,5,0,0.0,0.889,0.15,flagged_for_review,1
RET004662,MERCH038,Sports,54.96,39.21,Better price found,30,5,1,0.2,0.73,0.015,approved,0
RET004663,MERCH001,Accessories,3745.27,2985.34,Wrong size,14,5,1,0.2,0.738,0.092,approved,0
RET004664,MERCH029,Apparel,810.7,632.42,Not as described,19,2,0,0.0,0.811,0.116,approved,0
RET004665,MERCH037,Home & Kitchen,603.59,504.95,Changed mind,6,3,1,0.33,0.587,0.005,approved,0
RET004666,MERCH006,Toys,256.65,180.98,Not as described,24,10,1,0.1,0.818,0.017,approved,0
RET004667,MERCH032,Beauty,523.71,520.54,Better price found,2,5,0,0.0,0.584,0.0,approved,0
RET004668,MERCH015,Apparel,591.6,455.57,Better price found,12,7,2,0.29,0.62,0.03,approved,0
RET004669,MERCH001,Sports,657.36,467.57,Damaged/Defective,11,6,1,0.17,1.0,0.089,approved,0
RET004670,MERCH025,Footwear,298.96,271.41,Better price found,17,4,2,0.5,0.519,0.036,rejected,0
RET004671,MERCH003,Beauty,283.34,200.42,Changed mind,14,8,1,0.12,0.537,0.097,flagged_for_review,1
RET004672,MERCH015,Accessories,282.05,213.97,Damaged/Defective,1,6,1,0.17,1.0,0.104,approved,0
RET004673,MERCH016,Beauty,1004.24,789.71,Better price found,2,5,0,0.0,0.264,0.0,rejected,0
RET004674,MERCH027,Toys,4995.66,4869.42,Changed mind,2,6,0,0.0,0.674,0.043,approved,0
RET004675,MERCH001,Electronics,483.22,352.51,Late delivery,39,3,0,0.0,0.43,0.048,rejected,0
RET004676,MERCH020,Toys,215.57,183.9,Not as described,2,5,0,0.0,0.675,0.02,rejected,0
RET004677,MERCH014,Accessories,642.34,629.95,Not as described,21,6,1,0.17,0.687,0.119,rejected,0
RET004678,MERCH036,Footwear,1095.71,976.16,Changed mind,7,2,0,0.0,0.651,0.0,approved,0
RET004679,MERCH020,Electronics,1634.93,1450.65,Not as described,7,4,0,0.0,0.826,0.082,approved,0
RET004680,MERCH039,Sports,712.76,665.26,Wrong size,36,7,1,0.14,0.244,0.084,rejected,0
RET004681,MERCH022,Sports,221.87,208.17,Late delivery,1,7,0,0.0,0.702,0.046,approved,0
RET004682,MERCH035,Accessories,1243.41,948.34,Better price found,3,9,2,0.22,0.453,0.081,rejected,0
RET004683,MERCH016,Books,744.17,568.27,Late delivery,4,4,0,0.0,0.556,0.002,rejected,0
RET004684,MERCH003,Toys,624.15,440.88,Wrong item shipped,11,11,3,0.27,1.0,0.0,approved,0
RET004685,MERCH004,Footwear,751.26,538.43,Quality issue,3,3,0,0.0,0.959,0.14,approved,0
RET004686,MERCH029,Toys,794.77,789.13,Changed mind,7,6,0,0.0,0.539,0.0,approved,0
RET004687,MERCH022,Apparel,520.51,423.98,Changed mind,20,4,0,0.0,0.623,0.013,approved,0
RET004688,MERCH039,Footwear,303.56,286.0,Changed mind,1,6,0,0.0,0.341,0.117,rejected,0
RET004689,MERCH016,Sports,2611.05,1837.42,Not as described,5,5,0,0.0,0.465,0.076,approved,0
RET004690,MERCH016,Toys,508.28,358.77,Wrong size,28,8,2,0.25,0.55,0.008,rejected,0
RET004691,MERCH023,Apparel,337.28,241.0,Wrong item shipped,1,5,0,0.0,0.933,0.14,approved,0
RET004692,MERCH015,Sports,2073.11,1854.78,Changed mind,11,2,0,0.0,0.769,0.035,approved,0
RET004693,MERCH009,Sports,774.89,543.94,Wrong item shipped,14,7,2,0.29,1.0,0.12,approved,0
RET004694,MERCH033,Accessories,180.7,178.72,Wrong item shipped,6,6,1,0.17,0.883,0.035,approved,0
RET004695,MERCH003,Toys,264.19,253.2,Not as described,4,5,2,0.4,0.893,0.134,approved,0
RET004696,MERCH031,Home & Kitchen,147.1,137.71,Not as described,12,5,0,0.0,0.708,0.137,flagged_for_review,1
RET004697,MERCH024,Accessories,1270.51,1017.62,Changed mind,6,5,0,0.0,0.811,0.126,approved,0
RET004698,MERCH038,Footwear,558.35,513.26,Wrong size,3,3,0,0.0,0.892,0.003,approved,0
RET004699,MERCH024,Toys,1829.75,1517.57,Changed mind,17,2,0,0.0,0.862,0.0,approved,0
RET004700,MERCH018,Books,189.64,164.28,Changed mind,42,7,0,0.0,0.551,0.061,approved,0
RET004701,MERCH005,Toys,426.92,353.61,Late delivery,11,3,0,0.0,0.919,0.01,approved,0
RET004702,MERCH013,Footwear,459.74,430.92,Late delivery,21,5,1,0.2,0.889,0.044,rejected,0
RET004703,MERCH018,Toys,467.51,331.57,Wrong size,7,2,1,0.5,0.935,0.082,approved,0
RET004704,MERCH017,Footwear,910.03,905.49,Changed mind,1,2,0,0.0,0.692,0.0,approved,0
RET004705,MERCH019,Accessories,432.07,392.25,Better price found,1,9,3,0.33,0.61,0.057,rejected,0
RET004706,MERCH022,Beauty,979.3,886.87,Changed mind,9,4,1,0.25,0.597,0.037,approved,0
RET004707,MERCH009,Electronics,1521.71,1373.21,Damaged/Defective,31,8,2,0.25,0.818,0.023,approved,0
RET004708,MERCH005,Books,838.82,610.48,Late delivery,1,4,1,0.25,0.787,0.077,approved,0
RET004709,MERCH005,Footwear,2249.44,2140.57,Quality issue,3,3,1,0.33,1.0,0.109,approved,0
RET004710,MERCH012,Toys,327.06,313.07,Damaged/Defective,29,8,1,0.12,1.0,0.049,approved,0
RET004711,MERCH023,Footwear,1930.44,1351.4,Not as described,9,6,3,0.5,0.747,0.066,rejected,0
RET004712,MERCH032,Home & Kitchen,1546.02,1095.94,Damaged/Defective,9,7,1,0.14,0.777,0.06,approved,0
RET004713,MERCH032,Home & Kitchen,791.87,668.84,Wrong size,11,10,0,0.0,0.683,0.01,rejected,0
RET004714,MERCH034,Apparel,516.97,395.17,Wrong size,11,5,0,0.0,0.973,0.064,approved,0
RET004715,MERCH010,Home & Kitchen,267.55,207.55,Late delivery,13,7,0,0.0,0.61,0.049,rejected,0
RET004716,MERCH033,Apparel,523.65,467.41,Wrong size,19,4,0,0.0,0.69,0.054,rejected,0
RET004717,MERCH004,Apparel,1195.55,1056.42,Changed mind,5,3,1,0.33,0.751,0.113,rejected,0
RET004718,MERCH002,Sports,1670.2,1653.94,Better price found,1,6,0,0.0,0.71,0.015,rejected,0
RET004719,MERCH035,Electronics,156.28,136.48,Not as described,3,7,0,0.0,0.615,0.0,approved,0
RET004720,MERCH039,Toys,331.14,275.23,Not as described,7,8,2,0.25,0.584,0.065,approved,0
RET004721,MERCH038,Accessories,767.64,681.18,Damaged/Defective,16,8,3,0.38,1.0,0.086,approved,0
RET004722,MERCH001,Home & Kitchen,125.02,114.17,Changed mind,5,9,0,0.0,0.518,0.152,rejected,0
RET004723,MERCH039,Home & Kitchen,850.68,609.27,Changed mind,6,4,0,0.0,0.411,0.0,rejected,0
RET004724,MERCH030,Footwear,2158.13,1902.43,Wrong size,17,7,0,0.0,0.508,0.055,rejected,0
RET004725,MERCH037,Home & Kitchen,657.53,627.49,Wrong size,18,5,2,0.4,0.695,0.034,approved,0
RET004726,MERCH037,Toys,541.69,389.89,Late delivery,6,5,0,0.0,0.879,0.006,approved,0
RET004727,MERCH024,Apparel,2075.03,1631.12,Wrong size,2,4,0,0.0,0.898,0.021,approved,0
RET004728,MERCH027,Accessories,711.56,624.39,Wrong size,7,3,0,0.0,0.921,0.063,approved,0
RET004729,MERCH009,Beauty,686.49,528.35,Changed mind,8,4,1,0.25,0.632,0.037,rejected,0
RET004730,MERCH004,Apparel,1770.25,1464.62,Damaged/Defective,6,2,1,0.5,1.0,0.073,approved,0
RET004731,MERCH002,Apparel,391.01,365.04,Changed mind,29,4,1,0.25,0.562,0.024,approved,0
RET004732,MERCH003,Apparel,627.77,549.85,Wrong size,3,8,0,0.0,0.712,0.102,rejected,0
RET004733,MERCH007,Beauty,768.72,722.73,Changed mind,8,2,1,0.5,0.638,0.031,rejected,0
RET004734,MERCH016,Home & Kitchen,424.66,364.36,Wrong size,61,4,0,0.0,0.227,0.241,approved,0
RET004735,MERCH037,Accessories,263.28,210.82,Wrong size,34,6,1,0.17,0.521,0.046,rejected,0
RET004736,MERCH019,Accessories,398.12,313.23,Damaged/Defective,3,5,1,0.2,0.879,0.04,approved,0
RET004737,MERCH008,Toys,481.29,375.5,Wrong size,15,2,1,0.5,0.909,0.084,rejected,0
RET004738,MERCH018,Sports,1103.03,953.46,Changed mind,1,7,2,0.29,0.914,0.056,approved,0
RET004739,MERCH029,Toys,121.64,87.91,Damaged/Defective,3,3,0,0.0,1.0,0.096,approved,0
RET004740,MERCH001,Electronics,1131.24,820.86,Wrong size,9,6,2,0.33,0.628,0.026,approved,0
RET004741,MERCH021,Apparel,716.78,669.03,Better price found,3,7,0,0.0,0.714,0.043,approved,0
RET004742,MERCH014,Toys,370.22,324.46,Wrong size,15,3,0,0.0,0.722,0.0,approved,0
RET004743,MERCH019,Beauty,3613.65,2598.61,Better price found,17,4,1,0.25,0.344,0.068,rejected,0
RET004744,MERCH003,Accessories,264.81,187.67,Quality issue,6,8,0,0.0,1.0,0.04,approved,0
RET004745,MERCH007,Footwear,1083.03,891.22,Quality issue,4,4,0,0.0,0.971,0.087,approved,0
RET004746,MERCH035,Footwear,1631.23,1244.42,Wrong size,4,6,1,0.17,0.546,0.061,rejected,0
RET004747,MERCH035,Toys,187.47,150.37,Damaged/Defective,10,7,0,0.0,0.822,0.076,approved,0
RET004748,MERCH039,Home & Kitchen,1736.01,1555.44,Damaged/Defective,27,4,1,0.25,0.979,0.056,approved,0
RET004749,MERCH004,Toys,58.66,55.75,Changed mind,1,3,0,0.0,0.646,0.0,approved,0
RET004750,MERCH008,Apparel,658.62,573.81,Not as described,3,4,2,0.5,0.852,0.01,approved,0
RET004751,MERCH008,Home & Kitchen,549.52,415.03,Changed mind,2,2,0,0.0,0.657,0.006,approved,0
RET004752,MERCH027,Books,400.99,339.21,Better price found,7,3,0,0.0,0.762,0.0,approved,0
RET004753,MERCH034,Books,322.86,272.77,Wrong size,2,3,0,0.0,1.0,0.048,approved,0
RET004754,MERCH010,Toys,5429.99,4184.47,Wrong size,9,3,0,0.0,0.41,0.042,rejected,0
RET004755,MERCH039,Electronics,2302.28,1794.86,Not as described,23,4,0,0.0,0.643,0.063,flagged_for_review,1
RET004756,MERCH022,Footwear,1319.8,1243.03,Damaged/Defective,8,4,1,0.25,1.0,0.064,approved,0
RET004757,MERCH026,Electronics,353.13,282.87,Wrong size,22,7,0,0.0,0.713,0.096,approved,0
RET004758,MERCH039,Apparel,622.96,492.05,Changed mind,29,4,0,0.0,0.525,0.073,approved,0
RET004759,MERCH035,Footwear,508.63,464.97,Changed mind,30,6,1,0.17,0.258,0.073,rejected,0
RET004760,MERCH009,Books,184.73,158.02,Damaged/Defective,3,10,3,0.3,1.0,0.02,approved,0
RET004761,MERCH013,Sports,1380.42,1226.17,Wrong item shipped,13,6,3,0.5,1.0,0.053,approved,0
RET004762,MERCH036,Sports,371.55,305.55,Not as described,2,4,1,0.25,1.0,0.041,approved,0
RET004763,MERCH008,Books,1024.36,759.96,Quality issue,16,4,1,0.25,1.0,0.106,approved,0
RET004764,MERCH034,Toys,179.08,152.68,Wrong item shipped,11,10,2,0.2,1.0,0.0,approved,0
RET004765,MERCH019,Apparel,595.74,458.28,Better price found,2,4,0,0.0,0.566,0.0,rejected,0
RET004766,MERCH015,Books,940.03,916.21,Changed mind,4,4,2,0.5,0.669,0.111,approved,0
RET004767,MERCH025,Beauty,860.97,744.9,Wrong item shipped,11,6,1,0.17,0.824,0.004,rejected,0
RET004768,MERCH029,Home & Kitchen,538.16,461.0,Quality issue,16,4,1,0.25,1.0,0.082,approved,0
RET004769,MERCH031,Footwear,925.77,688.33,Changed mind,12,7,3,0.43,0.394,0.0,approved,0
RET004770,MERCH016,Home & Kitchen,869.19,614.47,Changed mind,2,4,1,0.25,0.439,0.078,rejected,0
RET004771,MERCH025,Home & Kitchen,1518.11,1512.07,Better price found,4,8,0,0.0,0.459,0.0,rejected,0
RET004772,MERCH009,Footwear,327.5,305.84,Not as described,4,3,0,0.0,0.69,0.0,approved,0
RET004773,MERCH027,Beauty,1095.56,996.9,Better price found,10,4,0,0.0,0.474,0.0,rejected,0
RET004774,MERCH008,Apparel,1497.99,1237.91,Changed mind,11,7,3,0.43,0.793,0.015,rejected,0
RET004775,MERCH026,Accessories,117.35,95.77,Damaged/Defective,11,5,0,0.0,0.983,0.031,approved,0
RET004776,MERCH022,Apparel,349.75,337.61,Damaged/Defective,1,6,1,0.17,1.0,0.055,approved,0
RET004777,MERCH034,Apparel,823.3,638.75,Damaged/Defective,20,4,0,0.0,1.0,0.03,approved,0
RET004778,MERCH038,Beauty,418.43,370.2,Better price found,1,3,0,0.0,0.597,0.078,approved,0
RET004779,MERCH024,Home & Kitchen,627.04,573.44,Changed mind,21,9,1,0.11,0.772,0.0,rejected,0
RET004780,MERCH006,Books,1632.94,1264.31,Wrong item shipped,6,6,1,0.17,0.977,0.092,approved,0
RET004781,MERCH010,Apparel,337.67,298.19,Changed mind,15,3,0,0.0,0.329,0.056,flagged_for_review,1
RET004782,MERCH001,Accessories,185.83,155.2,Not as described,32,2,0,0.0,0.41,0.047,rejected,0
RET004783,MERCH008,Apparel,742.07,574.95,Wrong size,14,6,0,0.0,0.906,0.052,approved,0
RET004784,MERCH013,Footwear,4615.93,4556.85,Wrong size,9,1,1,1.0,0.631,0.4,rejected,0
RET004785,MERCH011,Beauty,866.96,821.74,Better price found,7,8,0,0.0,0.553,0.06,rejected,1
RET004786,MERCH033,Apparel,1057.22,956.3,Late delivery,3,2,0,0.0,0.748,0.038,approved,0
RET004787,MERCH012,Sports,1342.7,954.71,Damaged/Defective,5,3,0,0.0,0.82,0.065,rejected,0
RET004788,MERCH035,Apparel,352.33,343.61,Changed mind,4,7,3,0.43,0.489,0.167,approved,0
RET004789,MERCH029,Beauty,336.95,319.26,Changed mind,10,4,1,0.25,0.529,0.015,rejected,0
RET004790,MERCH013,Electronics,435.0,356.27,Better price found,13,4,0,0.0,0.703,0.0,approved,0
RET004791,MERCH028,Home & Kitchen,500.5,393.14,Changed mind,3,3,0,0.0,0.568,0.113,rejected,0
RET004792,MERCH001,Home & Kitchen,1173.61,1049.32,Wrong size,2,6,3,0.5,0.817,0.042,rejected,0
RET004793,MERCH026,Sports,2199.9,1630.55,Changed mind,3,10,2,0.2,0.565,0.079,approved,0
RET004794,MERCH031,Apparel,1664.41,1445.0,Damaged/Defective,13,3,0,0.0,0.821,0.061,approved,0
RET004795,MERCH009,Books,896.41,886.5,Damaged/Defective,13,3,0,0.0,1.0,0.041,approved,0
RET004796,MERCH011,Beauty,933.25,849.28,Wrong item shipped,9,4,1,0.25,0.999,0.004,approved,0
RET004797,MERCH011,Sports,1043.21,773.83,Not as described,13,1,0,0.0,0.802,0.003,approved,0
RET004798,MERCH013,Apparel,1620.98,1388.22,Better price found,1,3,0,0.0,0.591,0.052,approved,0
RET004799,MERCH018,Sports,1069.72,828.54,Wrong size,4,5,0,0.0,0.877,0.11,approved,0
RET004800,MERCH010,Books,365.69,325.97,Damaged/Defective,5,3,2,0.67,0.659,0.428,flagged_for_review,1
RET004801,MERCH028,Electronics,505.5,414.62,Wrong size,7,8,0,0.0,0.718,0.093,approved,0
RET004802,MERCH008,Electronics,590.09,438.52,Better price found,3,4,1,0.25,0.681,0.06,approved,0
RET004803,MERCH040,Electronics,752.29,588.06,Damaged/Defective,3,2,1,0.5,1.0,0.089,approved,0
RET004804,MERCH011,Sports,387.28,295.81,Better price found,5,7,2,0.29,0.601,0.0,approved,0
RET004805,MERCH013,Home & Kitchen,438.85,312.82,Changed mind,8,7,1,0.14,0.741,0.026,approved,0
RET004806,MERCH037,Books,254.71,215.54,Wrong size,6,7,2,0.29,0.759,0.104,approved,0
RET004807,MERCH031,Accessories,106.87,98.0,Changed mind,9,2,0,0.0,0.44,0.073,rejected,0
RET004808,MERCH021,Beauty,415.33,296.44,Damaged/Defective,3,7,1,0.14,0.944,0.055,approved,0
RET004809,MERCH039,Apparel,290.58,254.44,Better price found,8,4,1,0.25,0.509,0.058,rejected,0
RET004810,MERCH021,Electronics,705.24,679.25,Quality issue,18,5,1,0.2,1.0,0.105,approved,0
RET004811,MERCH007,Apparel,613.55,495.52,Wrong size,2,3,0,0.0,0.609,0.0,approved,0
RET004812,MERCH037,Books,869.56,649.31,Wrong item shipped,11,8,2,0.25,1.0,0.048,approved,0
RET004813,MERCH001,Toys,233.23,191.56,Damaged/Defective,7,2,0,0.0,0.947,0.128,approved,0
RET004814,MERCH021,Books,407.31,314.99,Better price found,2,3,0,0.0,0.86,0.021,approved,0
RET004815,MERCH040,Footwear,1323.67,960.31,Better price found,11,7,1,0.14,0.724,0.002,approved,0
RET004816,MERCH006,Books,1142.9,1011.73,Wrong size,22,9,2,0.22,0.917,0.072,approved,0
RET004817,MERCH008,Electronics,2206.36,2157.03,Wrong size,2,5,0,0.0,0.909,0.0,approved,0
RET004818,MERCH031,Home & Kitchen,487.77,455.31,Wrong item shipped,3,6,1,0.17,0.956,0.01,approved,0
RET004819,MERCH011,Footwear,586.66,509.07,Changed mind,4,3,0,0.0,0.679,0.0,approved,0
RET004820,MERCH013,Accessories,733.6,576.53,Wrong size,1,4,0,0.0,0.784,0.011,approved,0
RET004821,MERCH002,Beauty,72.97,65.98,Wrong size,11,6,2,0.33,0.77,0.07,approved,0
RET004822,MERCH028,Beauty,837.65,656.17,Wrong size,10,3,0,0.0,0.792,0.0,approved,0
RET004823,MERCH015,Electronics,658.06,651.31,Wrong size,15,6,2,0.33,0.832,0.013,approved,0
RET004824,MERCH024,Home & Kitchen,1024.94,779.6,Wrong item shipped,7,3,0,0.0,1.0,0.089,approved,0
RET004825,MERCH009,Apparel,432.72,365.43,Damaged/Defective,35,7,2,0.29,0.827,0.114,approved,0
RET004826,MERCH029,Sports,209.57,175.83,Better price found,10,8,2,0.25,0.58,0.119,rejected,0
RET004827,MERCH011,Electronics,425.71,420.99,Damaged/Defective,6,6,2,0.33,1.0,0.121,approved,0
RET004828,MERCH034,Beauty,552.72,397.98,Not as described,1,10,2,0.2,0.805,0.065,approved,0
RET004829,MERCH038,Accessories,324.92,286.43,Late delivery,7,6,1,0.17,0.665,0.08,approved,0
RET004830,MERCH036,Beauty,1005.07,927.3,Damaged/Defective,15,7,3,0.43,1.0,0.039,approved,0
RET004831,MERCH013,Toys,271.33,248.7,Not as described,3,5,1,0.2,0.795,0.0,rejected,0
RET004832,MERCH019,Footwear,385.61,339.42,Better price found,14,4,0,0.0,0.445,0.0,approved,0
RET004833,MERCH024,Sports,451.85,403.35,Damaged/Defective,2,11,2,0.18,1.0,0.0,approved,0
RET004834,MERCH012,Footwear,1582.33,1109.6,Wrong item shipped,5,3,0,0.0,0.825,0.0,approved,0
RET004835,MERCH015,Electronics,1765.52,1366.33,Better price found,2,3,1,0.33,0.725,0.039,approved,0
RET004836,MERCH025,Accessories,500.46,457.03,Wrong size,2,6,1,0.17,0.44,0.057,approved,0
RET004837,MERCH005,Apparel,2092.58,1721.72,Changed mind,12,3,0,0.0,0.613,0.033,approved,0
RET004838,MERCH023,Toys,449.9,331.51,Wrong size,1,6,1,0.17,0.765,0.102,approved,0
RET004839,MERCH008,Home & Kitchen,1032.54,801.37,Not as described,41,7,1,0.14,0.881,0.032,approved,0
RET004840,MERCH009,Footwear,552.07,540.07,Not as described,9,5,0,0.0,0.858,0.163,approved,0
RET004841,MERCH033,Electronics,173.41,137.9,Damaged/Defective,1,3,1,0.33,0.972,0.002,approved,0
RET004842,MERCH038,Toys,1876.79,1525.63,Damaged/Defective,2,4,0,0.0,1.0,0.05,approved,0
RET004843,MERCH019,Electronics,156.17,118.33,Better price found,9,2,0,0.0,0.55,0.0,approved,0
RET004844,MERCH040,Apparel,137.77,126.76,Late delivery,1,4,0,0.0,0.849,0.0,rejected,0
RET004845,MERCH013,Toys,471.29,433.2,Changed mind,16,3,1,0.33,0.691,0.016,rejected,0
RET004846,MERCH024,Beauty,523.08,477.88,Changed mind,23,5,1,0.2,0.789,0.006,approved,0
RET004847,MERCH027,Home & Kitchen,553.99,506.06,Not as described,19,7,1,0.14,0.911,0.084,approved,0
RET004848,MERCH036,Sports,2022.86,1699.98,Damaged/Defective,9,3,0,0.0,1.0,0.0,approved,0
RET004849,MERCH039,Apparel,353.44,311.08,Not as described,5,8,3,0.38,0.597,0.114,flagged_for_review,1
RET004850,MERCH031,Beauty,495.55,400.98,Wrong size,12,8,2,0.25,0.69,0.0,approved,0
RET004851,MERCH033,Apparel,71.56,65.61,Changed mind,6,9,1,0.11,0.596,0.171,approved,0
RET004852,MERCH006,Beauty,383.28,287.62,Late delivery,8,3,0,0.0,0.795,0.06,rejected,0
RET004853,MERCH020,Apparel,235.28,229.88,Changed mind,9,5,0,0.0,0.552,0.143,rejected,0
RET004854,MERCH024,Apparel,1487.38,1357.79,Damaged/Defective,7,5,1,0.2,1.0,0.138,approved,0
RET004855,MERCH039,Apparel,1161.87,1154.59,Late delivery,2,7,2,0.29,0.718,0.0,approved,0
RET004856,MERCH040,Accessories,509.03,498.24,Damaged/Defective,8,6,2,0.33,1.0,0.0,approved,0
RET004857,MERCH005,Accessories,805.11,703.24,Damaged/Defective,3,6,0,0.0,1.0,0.035,approved,0
RET004858,MERCH003,Books,276.94,229.02,Wrong size,18,2,0,0.0,0.816,0.047,approved,0
RET004859,MERCH031,Footwear,346.95,289.36,Damaged/Defective,7,4,1,0.25,0.972,0.022,approved,0
RET004860,MERCH002,Beauty,2379.75,1944.74,Changed mind,7,7,0,0.0,0.664,0.055,approved,0
RET004861,MERCH036,Home & Kitchen,2183.51,1946.22,Changed mind,16,5,2,0.4,0.798,0.086,approved,0
RET004862,MERCH013,Home & Kitchen,831.13,749.19,Late delivery,16,4,0,0.0,0.914,0.088,approved,0
RET004863,MERCH036,Apparel,1906.99,1601.45,Wrong size,13,9,1,0.11,0.87,0.06,flagged_for_review,1
RET004864,MERCH040,Beauty,388.42,386.76,Wrong size,3,6,0,0.0,0.729,0.139,flagged_for_review,1
RET004865,MERCH038,Books,782.63,646.54,Changed mind,7,6,1,0.17,0.786,0.051,rejected,0
RET004866,MERCH024,Toys,428.12,329.15,Not as described,11,5,0,0.0,0.98,0.038,approved,0
RET004867,MERCH008,Beauty,422.02,383.65,Damaged/Defective,3,5,0,0.0,1.0,0.024,approved,0
RET004868,MERCH011,Accessories,672.65,488.78,Damaged/Defective,7,6,2,0.33,0.974,0.0,approved,0
RET004869,MERCH028,Sports,893.98,750.01,Late delivery,3,7,1,0.14,0.744,0.104,approved,0
RET004870,MERCH008,Home & Kitchen,948.94,684.88,Not as described,4,7,2,0.29,0.845,0.053,approved,0
RET004871,MERCH033,Beauty,164.15,134.65,Damaged/Defective,14,3,0,0.0,0.941,0.044,flagged_for_review,1
RET004872,MERCH018,Toys,358.86,322.15,Damaged/Defective,7,4,0,0.0,1.0,0.0,approved,0
RET004873,MERCH035,Home & Kitchen,459.21,428.89,Better price found,3,7,3,0.43,0.294,0.076,approved,0
RET004874,MERCH008,Apparel,3870.99,2838.18,Damaged/Defective,1,4,1,0.25,1.0,0.087,approved,0
RET004875,MERCH002,Beauty,1328.94,1319.86,Damaged/Defective,1,5,1,0.2,0.982,0.09,approved,0
RET004876,MERCH029,Apparel,462.76,371.11,Not as described,8,4,1,0.25,0.754,0.01,rejected,0
RET004877,MERCH023,Electronics,5559.66,3927.58,Wrong item shipped,3,6,1,0.17,0.932,0.103,rejected,0
RET004878,MERCH005,Sports,988.4,854.71,Wrong size,6,7,1,0.14,0.798,0.056,approved,0
RET004879,MERCH032,Accessories,622.62,520.64,Not as described,3,6,1,0.17,0.658,0.103,flagged_for_review,1
RET004880,MERCH032,Sports,267.49,206.79,Damaged/Defective,7,5,1,0.2,0.931,0.0,approved,0
RET004881,MERCH033,Books,697.06,602.7,Quality issue,15,3,1,0.33,1.0,0.024,approved,0
RET004882,MERCH003,Sports,426.06,326.71,Better price found,17,3,1,0.33,0.662,0.069,flagged_for_review,1
RET004883,MERCH036,Books,1647.58,1202.62,Changed mind,3,6,1,0.17,0.73,0.082,approved,0
RET004884,MERCH027,Accessories,824.75,750.64,Wrong size,6,9,0,0.0,0.939,0.027,approved,0
RET004885,MERCH001,Footwear,638.31,616.73,Changed mind,2,3,0,0.0,0.561,0.083,rejected,0
RET004886,MERCH028,Beauty,747.87,701.92,Not as described,7,4,0,0.0,0.603,0.0,approved,0
RET004887,MERCH032,Apparel,1894.36,1490.85,Changed mind,14,4,0,0.0,0.507,0.1,approved,0
RET004888,MERCH024,Apparel,1291.94,1075.58,Changed mind,15,3,0,0.0,0.738,0.0,approved,0
RET004889,MERCH038,Beauty,202.76,201.79,Quality issue,22,3,0,0.0,1.0,0.041,approved,0
RET004890,MERCH038,Toys,180.02,148.46,Quality issue,6,6,1,0.17,1.0,0.12,approved,0
RET004891,MERCH034,Home & Kitchen,311.09,256.03,Wrong item shipped,3,5,0,0.0,1.0,0.042,approved,0
RET004892,MERCH033,Sports,1315.13,971.58,Better price found,6,8,1,0.12,0.546,0.045,approved,0
RET004893,MERCH022,Toys,395.23,392.43,Damaged/Defective,2,7,1,0.14,1.0,0.128,approved,0
RET004894,MERCH030,Sports,351.38,261.44,Wrong size,7,6,0,0.0,0.447,0.082,rejected,0
RET004895,MERCH028,Apparel,404.65,327.81,Changed mind,33,3,0,0.0,0.405,0.032,rejected,0
RET004896,MERCH031,Beauty,449.72,342.43,Wrong size,2,5,1,0.2,0.609,0.037,approved,0
RET004897,MERCH007,Books,1321.27,1178.64,Late delivery,2,5,1,0.2,0.694,0.091,rejected,0
RET004898,MERCH039,Footwear,155.27,136.91,Better price found,18,6,2,0.33,0.575,0.0,approved,0
RET004899,MERCH014,Books,428.0,407.92,Changed mind,1,3,0,0.0,0.573,0.093,approved,0
RET004900,MERCH006,Toys,579.97,536.48,Wrong size,13,4,1,0.25,0.96,0.081,approved,0
RET004901,MERCH019,Sports,1364.72,1259.64,Changed mind,2,4,2,0.5,0.506,0.097,approved,0
RET004902,MERCH025,Beauty,271.73,200.38,Wrong size,9,7,2,0.29,0.477,0.0,rejected,0
RET004903,MERCH026,Beauty,834.21,682.19,Wrong size,14,5,1,0.2,0.882,0.031,approved,0
RET004904,MERCH019,Accessories,1725.45,1672.85,Changed mind,7,4,0,0.0,0.467,0.027,approved,0
RET004905,MERCH015,Toys,427.78,357.13,Damaged/Defective,1,8,1,0.12,1.0,0.04,approved,0
RET004906,MERCH024,Sports,535.4,382.46,Not as described,18,5,0,0.0,0.81,0.0,approved,0
RET004907,MERCH023,Books,514.01,396.77,Better price found,1,2,0,0.0,0.568,0.021,rejected,0
RET004908,MERCH010,Apparel,198.84,179.92,Quality issue,4,7,1,0.14,0.771,0.085,approved,0
RET004909,MERCH017,Accessories,3128.5,2946.04,Better price found,14,3,0,0.0,0.508,0.049,rejected,0
RET004910,MERCH005,Beauty,276.38,207.97,Quality issue,17,7,2,0.29,0.996,0.09,approved,0
RET004911,MERCH015,Toys,187.53,148.58,Damaged/Defective,5,3,1,0.33,1.0,0.052,approved,0
RET004912,MERCH033,Home & Kitchen,876.12,866.06,Damaged/Defective,23,14,2,0.14,1.0,0.075,approved,0
RET004913,MERCH032,Electronics,472.22,403.97,Late delivery,11,8,0,0.0,0.754,0.006,approved,0
RET004914,MERCH031,Toys,589.97,425.67,Damaged/Defective,21,9,2,0.22,0.962,0.1,approved,0
RET004915,MERCH033,Sports,439.65,352.96,Wrong size,4,6,1,0.17,0.648,0.141,rejected,0
RET004916,MERCH027,Books,1278.6,1190.95,Wrong size,11,4,0,0.0,0.933,0.071,approved,0
RET004917,MERCH008,Sports,1305.04,1037.91,Wrong item shipped,4,5,0,0.0,1.0,0.132,approved,0
RET004918,MERCH033,Electronics,2012.48,1756.18,Wrong size,3,11,3,0.27,0.689,0.011,approved,0
RET004919,MERCH020,Sports,677.46,654.95,Late delivery,43,9,2,0.22,0.337,0.078,rejected,0
RET004920,MERCH024,Electronics,287.28,274.4,Wrong item shipped,12,5,1,0.2,1.0,0.096,approved,0
RET004921,MERCH033,Books,773.54,755.4,Wrong size,13,4,0,0.0,0.713,0.093,approved,0
RET004922,MERCH034,Footwear,579.07,490.95,Better price found,3,5,1,0.2,0.827,0.111,approved,0
RET004923,MERCH004,Home & Kitchen,128.51,95.71,Damaged/Defective,20,6,3,0.5,1.0,0.062,approved,0
RET004924,MERCH004,Toys,425.69,344.31,Damaged/Defective,16,1,0,0.0,0.975,0.118,approved,0
RET004925,MERCH031,Home & Kitchen,616.06,473.38,Wrong size,12,9,3,0.33,0.682,0.0,approved,0
RET004926,MERCH015,Sports,776.26,624.82,Changed mind,4,4,0,0.0,0.638,0.051,approved,0
RET004927,MERCH002,Electronics,181.75,145.21,Wrong size,8,8,2,0.25,0.629,0.048,approved,0
RET004928,MERCH040,Toys,718.31,699.82,Wrong size,1,2,0,0.0,0.896,0.0,rejected,0
RET004929,MERCH015,Accessories,1348.2,1219.28,Not as described,22,6,0,0.0,0.769,0.047,approved,0
RET004930,MERCH031,Beauty,420.77,418.26,Wrong size,1,5,0,0.0,0.582,0.141,rejected,0
RET004931,MERCH017,Home & Kitchen,493.76,350.3,Damaged/Defective,20,5,1,0.2,1.0,0.032,approved,0
RET004932,MERCH025,Sports,1263.79,959.17,Wrong item shipped,2,5,0,0.0,0.729,0.093,approved,0
RET004933,MERCH040,Accessories,213.48,200.87,Wrong size,4,7,0,0.0,0.831,0.054,approved,0
RET004934,MERCH006,Sports,96.41,70.98,Damaged/Defective,17,6,2,0.33,1.0,0.067,approved,0
RET004935,MERCH017,Footwear,123.01,115.73,Wrong size,5,9,2,0.22,0.92,0.036,approved,0
RET004936,MERCH010,Home & Kitchen,1010.14,872.99,Quality issue,10,5,0,0.0,0.784,0.0,rejected,0
RET004937,MERCH033,Sports,905.37,825.01,Wrong size,3,3,0,0.0,0.816,0.013,approved,0
RET004938,MERCH018,Accessories,450.98,418.07,Damaged/Defective,9,9,2,0.22,0.996,0.04,approved,0
RET004939,MERCH026,Books,342.13,247.04,Damaged/Defective,3,10,1,0.1,1.0,0.101,approved,0
RET004940,MERCH038,Home & Kitchen,770.78,694.23,Damaged/Defective,1,2,1,0.5,0.99,0.017,approved,0
RET004941,MERCH029,Electronics,337.1,245.64,Changed mind,12,5,3,0.6,0.491,0.0,rejected,0
RET004942,MERCH014,Apparel,1205.57,1190.77,Wrong size,23,3,2,0.67,0.56,0.502,flagged_for_review,1
RET004943,MERCH017,Toys,492.31,421.36,Not as described,14,3,1,0.33,0.959,0.0,approved,0
RET004944,MERCH039,Footwear,974.32,942.5,Changed mind,3,6,2,0.33,0.302,0.0,approved,0
RET004945,MERCH002,Home & Kitchen,200.44,149.84,Late delivery,8,4,2,0.5,0.8,0.063,rejected,0
RET004946,MERCH026,Books,467.66,356.91,Changed mind,9,13,0,0.0,0.618,0.069,approved,0
RET004947,MERCH039,Apparel,1235.23,1183.83,Changed mind,16,2,0,0.0,0.303,0.043,rejected,0
RET004948,MERCH026,Electronics,272.01,235.91,Wrong item shipped,7,6,2,0.33,1.0,0.051,approved,0
RET004949,MERCH028,Home & Kitchen,1089.54,843.84,Changed mind,9,3,0,0.0,0.697,0.057,approved,0
RET004950,MERCH006,Apparel,1007.37,794.45,Changed mind,9,3,0,0.0,0.881,0.122,approved,0
RET004951,MERCH017,Beauty,1604.56,1139.96,Changed mind,15,6,0,0.0,0.68,0.023,rejected,0
RET004952,MERCH002,Electronics,1289.4,1256.82,Damaged/Defective,6,4,1,0.25,1.0,0.025,approved,0
RET004953,MERCH006,Books,1114.41,917.65,Wrong size,7,7,1,0.14,0.878,0.047,approved,0
RET004954,MERCH023,Sports,264.53,225.46,Changed mind,3,6,0,0.0,0.595,0.036,rejected,0
RET004955,MERCH031,Footwear,934.49,693.16,Quality issue,7,2,1,0.5,0.967,0.041,approved,0
RET004956,MERCH029,Apparel,503.5,353.42,Wrong size,11,9,0,0.0,0.759,0.101,rejected,0
RET004957,MERCH011,Home & Kitchen,437.17,349.99,Wrong size,3,3,0,0.0,0.853,0.033,rejected,0
RET004958,MERCH037,Footwear,1143.66,891.94,Late delivery,14,5,2,0.4,0.874,0.072,approved,0
RET004959,MERCH021,Home & Kitchen,250.68,183.35,Damaged/Defective,3,6,2,0.33,1.0,0.05,approved,0
RET004960,MERCH005,Books,453.65,438.61,Late delivery,18,3,0,0.0,0.754,0.064,rejected,0
RET004961,MERCH033,Accessories,90.1,89.99,Damaged/Defective,11,4,1,0.25,1.0,0.0,approved,0
RET004962,MERCH003,Toys,675.7,591.63,Damaged/Defective,2,5,0,0.0,0.999,0.028,approved,0
RET004963,MERCH028,Accessories,1067.43,752.48,Quality issue,14,4,0,0.0,1.0,0.112,approved,0
RET004964,MERCH004,Apparel,754.08,605.74,Quality issue,3,5,1,0.2,0.958,0.024,approved,0
RET004965,MERCH014,Accessories,577.64,444.8,Changed mind,2,5,1,0.2,0.414,0.072,approved,0
RET004966,MERCH029,Accessories,284.07,200.35,Wrong size,14,3,1,0.33,0.655,0.044,rejected,0
RET004967,MERCH022,Sports,1750.25,1516.34,Not as described,1,5,1,0.2,0.728,0.05,approved,0
RET004968,MERCH005,Sports,3386.91,3040.21,Wrong size,2,4,2,0.5,0.898,0.0,approved,0
RET004969,MERCH023,Sports,3159.62,2992.86,Not as described,1,5,1,0.2,0.81,0.093,approved,0
RET004970,MERCH019,Footwear,413.56,399.84,Wrong item shipped,12,3,1,0.33,0.909,0.059,approved,0
RET004971,MERCH015,Apparel,556.5,421.73,Quality issue,3,4,1,0.25,1.0,0.006,approved,0
RET004972,MERCH031,Books,299.68,231.59,Wrong size,20,3,1,0.33,0.623,0.0,approved,0
RET004973,MERCH033,Sports,808.57,650.63,Changed mind,12,2,0,0.0,0.425,0.044,rejected,0
RET004974,MERCH026,Beauty,658.08,589.34,Wrong item shipped,20,4,0,0.0,1.0,0.025,approved,0
RET004975,MERCH001,Electronics,480.0,336.75,Damaged/Defective,8,3,0,0.0,0.92,0.11,approved,0
RET004976,MERCH011,Electronics,175.26,128.78,Damaged/Defective,12,2,0,0.0,0.964,0.067,approved,0
RET004977,MERCH020,Beauty,2561.33,2041.52,Damaged/Defective,8,10,6,0.6,0.717,0.018,approved,0
RET004978,MERCH021,Books,820.59,753.25,Wrong size,3,3,0,0.0,0.826,0.024,approved,0
RET004979,MERCH016,Electronics,418.97,303.14,Late delivery,1,6,2,0.33,0.635,0.055,approved,0
RET004980,MERCH031,Toys,525.74,414.56,Damaged/Defective,16,5,0,0.0,0.969,0.102,approved,0
RET004981,MERCH020,Apparel,567.84,521.37,Wrong item shipped,8,4,0,0.0,0.947,0.018,approved,0
RET004982,MERCH011,Electronics,242.9,201.74,Wrong item shipped,3,2,1,0.5,1.0,0.08,approved,0
RET004983,MERCH012,Electronics,1895.42,1469.39,Damaged/Defective,12,9,0,0.0,0.894,0.096,approved,0
RET004984,MERCH002,Toys,428.06,419.08,Changed mind,31,4,1,0.25,0.336,0.108,rejected,0
RET004985,MERCH006,Sports,265.95,240.64,Quality issue,11,6,2,0.33,1.0,0.042,approved,0
RET004986,MERCH015,Accessories,356.94,317.38,Wrong size,27,2,0,0.0,0.927,0.0,approved,0
RET004987,MERCH036,Toys,112.02,96.42,Wrong size,12,5,0,0.0,0.944,0.092,approved,0
RET004988,MERCH001,Accessories,587.68,445.17,Late delivery,1,8,2,0.25,0.604,0.04,approved,0
RET004989,MERCH033,Electronics,2006.82,1504.82,Changed mind,3,7,1,0.14,0.735,0.04,rejected,0
RET004990,MERCH037,Beauty,109.33,97.52,Changed mind,4,4,1,0.25,0.714,0.042,approved,0
RET004991,MERCH015,Toys,7340.23,6445.15,Changed mind,3,8,1,0.12,0.747,0.254,approved,0
RET004992,MERCH040,Accessories,156.37,148.64,Quality issue,2,6,1,0.17,1.0,0.072,approved,0
RET004993,MERCH006,Footwear,538.24,404.82,Not as described,10,5,0,0.0,0.857,0.066,rejected,0
RET004994,MERCH012,Electronics,493.39,453.02,Better price found,14,4,0,0.0,0.57,0.029,approved,0
RET004995,MERCH024,Footwear,2393.6,2326.5,Quality issue,8,5,0,0.0,1.0,0.094,approved,0
RET004996,MERCH031,Home & Kitchen,631.84,592.21,Wrong size,34,4,1,0.25,0.356,0.01,rejected,0
RET004997,MERCH033,Beauty,1295.52,1249.3,Wrong size,7,8,0,0.0,0.716,0.045,rejected,0
RET004998,MERCH008,Apparel,586.48,575.81,Better price found,1,4,1,0.25,0.731,0.038,approved,0
RET004999,MERCH033,Home & Kitchen,267.09,244.75,Better price found,29,7,1,0.14,0.75,0.034,approved,0
RET005000,MERCH020,Electronics,1279.61,966.72,Quality issue,10,4,2,0.5,0.999,0.047,approved,0
